saved: ['2026/09/14 10:12:31', 23700000, 228600, 266540, 62700, 4327]
[main b16a1c2] update csv
 1 file changed, 1 insertion(+)
To github.com:DataRobot333/GoldTracker.git
   9e4fabb..b16a1c2  main -> main
saved: ['2026/09/14 10:16:31', 23700000, 228600, 266540, 62700, 4329]
[main 0eae28a] update csv
 1 file changed, 1 insertion(+)
To github.com:DataRobot333/GoldTracker.git
   b16a1c2..0eae28a  main -> main
saved: ['2026/09/14 10:20:31', 23700000, 228600, 266540, 62700, 4325]
[main 86cceec] update csv
 1 file changed, 1 insertion(+)
To github.com:DataRobot333/GoldTracker.git
   0eae28a..86cceec  main -> main
saved: ['2026/09/14 10:24:31', 23610000, 228600, 266540, 62700, 4323]
[main bf812af] update csv
 1 file changed, 1 insertion(+)
To github.com:DataRobot333/GoldTracker.git
   86cceec..bf812af  main -> main
saved: ['2026/09/14 10:28:31', 23610000, 228600, 266540, 62700, 4321]
[main a3e5763] update csv
 1 file changed, 1 insertion(+)
To github.com:DataRobot333/GoldTracker.git
   bf812af..a3e5763  main -> main
saved: ['2026/09/14 10:32:36', 23610000, 228600, 266540, 62700, 4320]
[main 505349c] update csv
 1 file changed, 1 insertion(+)
To github.com:DataRobot333/GoldTracker.git
   a3e5763..505349c  main -> main
saved: ['2026/09/14 10:36:31', 23610000, 228600, 266540, 62700, 4322]
[main f29965e] update csv
 1 file changed, 1 insertion(+)
To github.com:DataRobot333/GoldTracker.git
   505349c..f29965e  main -> main
saved: ['2026/09/14 10:40:31', 23610000, 228600, 266540, 62700, 4319]
[main eb42620] update csv
 1 file changed, 1 insertion(+)
To github.com:DataRobot333/GoldTracker.git
   f29965e..eb42620  main -> main
saved: ['2026/09/14 10:44:31', 23610000, 228600, 266540, 62700, 4321]
[main b30daf2] update csv
 1 file changed, 1 insertion(+)
To github.com:DataRobot333/GoldTracker.git
   eb42620..b30daf2  main -> main
saved: ['2026/09/14 10:48:32', 23560000, 228600, 266540, 62700, 4322]
[main 144db9a] update csv
 1 file changed, 1 insertion(+)
To github.com:DataRobot333/GoldTracker.git
   b30daf2..144db9a  main -> main
saved: ['2026/09/14 10:52:31', 23560000, 228600, 266540, 62700, 4321]
[main 5cb4850] update csv
 1 file changed, 1 insertion(+)
To github.com:DataRobot333/GoldTracker.git
   144db9a..5cb4850  main -> main
saved: ['2026/09/14 10:56:31', 23560000, 228600, 266540, 62700, 4320]
[main c4ea9ea] update csv
 1 file changed, 1 insertion(+)
To github.com:DataRobot333/GoldTracker.git
   5cb4850..c4ea9ea  main -> main
saved: ['2026/09/14 11:00:31', 23560000, 228600, 266540, 62700, 4318]
[main 77f02c1] update csv
 1 file changed, 1 insertion(+)
To github.com:DataRobot333/GoldTracker.git
   c4ea9ea..77f02c1  main -> main
saved: ['2026/09/14 11:04:32', 23560000, 231620, 269020, 62700, 4318]
[main 070e1d5] update csv
 1 file changed, 1 insertion(+)
To github.com:DataRobot333/GoldTracker.git
   77f02c1..070e1d5  main -> main
saved: ['2026/09/14 11:08:32', 23560000, 232115, 269560, 62400, 4316]
[main 4ad5d78] update csv
 1 file changed, 1 insertion(+)
To github.com:DataRobot333/GoldTracker.git
   070e1d5..4ad5d78  main -> main
saved: ['2026/09/14 11:12:32', 23520000, 232200, 269640, 62400, 4318]
[main 213f8db] update csv
 1 file changed, 1 insertion(+)
To github.com:DataRobot333/GoldTracker.git
   4ad5d78..213f8db  main -> main
saved: ['2026/09/14 11:16:32', 23520000, 234095, 270180, 62400, 4321]
[main 240e16f] update csv
 1 file changed, 1 insertion(+)
To github.com:DataRobot333/GoldTracker.git
   213f8db..240e16f  main -> main
saved: ['2026/09/14 11:20:31', 23520000, 234100, 270060, 62400, 4317]
[main 0c5175f] update csv
 1 file changed, 1 insertion(+)
To github.com:DataRobot333/GoldTracker.git
   240e16f..0c5175f  main -> main
saved: ['2026/09/14 11:24:31', 23520000, 234400, 270470, 62400, 4312]
[main f45d790] update csv
 1 file changed, 1 insertion(+)
To github.com:DataRobot333/GoldTracker.git
   0c5175f..f45d790  main -> main
saved: ['2026/09/14 11:28:31', 23610000, 234700, 270810, 62400, 4310]
[main 56bbd99] update csv
 1 file changed, 1 insertion(+)
To github.com:DataRobot333/GoldTracker.git
   f45d790..56bbd99  main -> main
saved: ['2026/09/14 11:32:31', 23610000, 234915, 270880, 62400, 4312]
[main a316887] update csv
 1 file changed, 1 insertion(+)
To github.com:DataRobot333/GoldTracker.git
   56bbd99..a316887  main -> main
saved: ['2026/09/14 11:36:31', 23610000, 234900, 270880, 62400, 4316]
[main f27e406] update csv
 1 file changed, 1 insertion(+)
To github.com:DataRobot333/GoldTracker.git
   a316887..f27e406  main -> main
saved: ['2026/09/14 11:40:31', 23610000, 234415, 270340, 62400, 4315]
[main 7535ba9] update csv
 1 file changed, 1 insertion(+)
To github.com:DataRobot333/GoldTracker.git
   f27e406..7535ba9  main -> main
saved: ['2026/09/14 11:44:32', 23610000, 232885, 270320, 62400, 4315]
[main ad71a29] update csv
 1 file changed, 1 insertion(+)
To github.com:DataRobot333/GoldTracker.git
   7535ba9..ad71a29  main -> main
saved: ['2026/09/14 11:48:31', 23610000, 232900, 270190, 62400, 4311]
[main ed16cae] update csv
 1 file changed, 1 insertion(+)
To github.com:DataRobot333/GoldTracker.git
   ad71a29..ed16cae  main -> main
saved: ['2026/09/14 11:52:31', 23610000, 233200, 270490, 62400, 4313]
[main 713053a] update csv
 1 file changed, 1 insertion(+)
To github.com:DataRobot333/GoldTracker.git
   ed16cae..713053a  main -> main
saved: ['2026/09/14 11:56:31', 23570000, 233100, 270370, 62400, 4313]
[main 1821786] update csv
 1 file changed, 1 insertion(+)
To github.com:DataRobot333/GoldTracker.git
   713053a..1821786  main -> main
saved: ['2026/09/14 12:00:31', 23570000, 233080, 270370, 62400, 4311]
[main 307e982] update csv
 1 file changed, 1 insertion(+)
To github.com:DataRobot333/GoldTracker.git
   1821786..307e982  main -> main
saved: ['2026/09/14 12:04:31', 23570000, 233000, 270130, 62400, 4314]
[main 171ddf9] update csv
 1 file changed, 1 insertion(+)
To github.com:DataRobot333/GoldTracker.git
   307e982..171ddf9  main -> main
saved: ['2026/09/14 12:08:31', 23570000, 232990, 270190, 62400, 4315]
[main 0d3788b] update csv
 1 file changed, 1 insertion(+)
To github.com:DataRobot333/GoldTracker.git
   171ddf9..0d3788b  main -> main
saved: ['2026/09/14 12:12:32', 23480000, 232700, 270050, 62400, 4313]
[main 05c367d] update csv
 1 file changed, 1 insertion(+)
To github.com:DataRobot333/GoldTracker.git
   0d3788b..05c367d  main -> main
saved: ['2026/09/14 12:16:32', 23480000, 232920, 270090, 63300, 4313]
[main 7dd0beb] update csv
 1 file changed, 1 insertion(+)
To github.com:DataRobot333/GoldTracker.git
   05c367d..7dd0beb  main -> main
saved: ['2026/09/14 12:20:32', 23480000, 232800, 269990, 63300, 4307]
[main d44d3fe] update csv
 1 file changed, 1 insertion(+)
To github.com:DataRobot333/GoldTracker.git
   7dd0beb..d44d3fe  main -> main
saved: ['2026/09/14 12:24:31', 23480000, 232680, 269850, 63300, 4306]
[main 7d4a927] update csv
 1 file changed, 1 insertion(+)
To github.com:DataRobot333/GoldTracker.git
   d44d3fe..7d4a927  main -> main
saved: ['2026/09/14 12:28:31', 23480000, 232800, 269970, 63400, 4303]
[main 7f9fd6a] update csv
 1 file changed, 1 insertion(+)
To github.com:DataRobot333/GoldTracker.git
   7d4a927..7f9fd6a  main -> main
saved: ['2026/09/14 12:32:31', 23480000, 232805, 270000, 63400, 4309]
[main 482502f] update csv
 1 file changed, 1 insertion(+)
To github.com:DataRobot333/GoldTracker.git
   7f9fd6a..482502f  main -> main
saved: ['2026/09/14 12:36:31', 23480000, 232885, 270090, 63400, 4310]
[main 7a18c81] update csv
 1 file changed, 1 insertion(+)
To github.com:DataRobot333/GoldTracker.git
   482502f..7a18c81  main -> main
saved: ['2026/09/14 12:40:31', 23480000, 232895, 270150, 63400, 4309]
[main 84c06f5] update csv
 1 file changed, 1 insertion(+)
To github.com:DataRobot333/GoldTracker.git
   7a18c81..84c06f5  main -> main
saved: ['2026/09/14 12:44:32', 23510000, 232990, 270210, 63400, 4305]
[main 90b67ce] update csv
 1 file changed, 1 insertion(+)
To github.com:DataRobot333/GoldTracker.git
   84c06f5..90b67ce  main -> main
saved: ['2026/09/14 12:48:31', 23510000, 233020, 270190, 63600, 4300]
[main da37f8b] update csv
 1 file changed, 1 insertion(+)
To github.com:DataRobot333/GoldTracker.git
   90b67ce..da37f8b  main -> main
saved: ['2026/09/14 12:52:31', 23510000, 233600, 270430, 63600, 4290]
[main 68abd4e] update csv
 1 file changed, 1 insertion(+)
To github.com:DataRobot333/GoldTracker.git
   da37f8b..68abd4e  main -> main
saved: ['2026/09/14 12:56:31', 23510000, 233600, 270380, 63600, 4286]
[main cd31bc5] update csv
 1 file changed, 1 insertion(+)
To github.com:DataRobot333/GoldTracker.git
   68abd4e..cd31bc5  main -> main
saved: ['2026/09/14 13:00:31', 23510000, 233580, 270410, 63600, 4285]
[main 31a43bd] update csv
 1 file changed, 1 insertion(+)
To github.com:DataRobot333/GoldTracker.git
   cd31bc5..31a43bd  main -> main
saved: ['2026/09/14 13:04:32', 23510000, 233560, 270490, 63600, 4286]
[main 4fd9f6c] update csv
 1 file changed, 1 insertion(+)
To github.com:DataRobot333/GoldTracker.git
   31a43bd..4fd9f6c  main -> main
saved: ['2026/09/14 13:08:32', 23510000, 234120, 271170, 63600, 4286]
[main b0f57a1] update csv
 1 file changed, 1 insertion(+)
To github.com:DataRobot333/GoldTracker.git
   4fd9f6c..b0f57a1  main -> main
saved: ['2026/09/14 13:12:31', 23510000, 234200, 271200, 63600, 4283]
[main 9340ce1] update csv
 1 file changed, 1 insertion(+)
To github.com:DataRobot333/GoldTracker.git
   b0f57a1..9340ce1  main -> main
saved: ['2026/09/14 13:16:31', 23510000, 234200, 271240, 63600, 4279]
[main 0e2e83a] update csv
 1 file changed, 1 insertion(+)
To github.com:DataRobot333/GoldTracker.git
   9340ce1..0e2e83a  main -> main
saved: ['2026/09/14 13:20:31', 23510000, 234100, 271100, 63600, 4280]
[main f3673ec] update csv
 1 file changed, 1 insertion(+)
To github.com:DataRobot333/GoldTracker.git
   0e2e83a..f3673ec  main -> main
saved: ['2026/09/14 13:24:31', 23510000, 234100, 271120, 63600, 4284]
[main 15635c2] update csv
 1 file changed, 1 insertion(+)
To github.com:DataRobot333/GoldTracker.git
   f3673ec..15635c2  main -> main
saved: ['2026/09/14 13:28:31', 23510000, 234105, 271100, 63600, 4287]
[main cc78a69] update csv
 1 file changed, 1 insertion(+)
To github.com:DataRobot333/GoldTracker.git
   15635c2..cc78a69  main -> main
saved: ['2026/09/14 13:32:36', 23510000, 234100, 271080, 63600, 4282]
[main 8ba4eef] update csv
 1 file changed, 1 insertion(+)
To github.com:DataRobot333/GoldTracker.git
   cc78a69..8ba4eef  main -> main
saved: ['2026/09/14 13:36:31', 23510000, 233700, 271080, 63600, 4282]
[main 02c61ed] update csv
 1 file changed, 1 insertion(+)
To github.com:DataRobot333/GoldTracker.git
   8ba4eef..02c61ed  main -> main
saved: ['2026/09/14 13:40:31', 23510000, 233700, 271050, 63600, 4284]
[main f94876c] update csv
 1 file changed, 1 insertion(+)
To github.com:DataRobot333/GoldTracker.git
   02c61ed..f94876c  main -> main
saved: ['2026/09/14 13:44:31', 23510000, 234485, 271960, 63600, 4287]
[main 7989333] update csv
 1 file changed, 1 insertion(+)
To github.com:DataRobot333/GoldTracker.git
   f94876c..7989333  main -> main
saved: ['2026/09/14 13:48:32', 23510000, 234665, 272140, 63600, 4287]
[main 7c85747] update csv
 1 file changed, 1 insertion(+)
To github.com:DataRobot333/GoldTracker.git
   7989333..7c85747  main -> main
saved: ['2026/09/14 13:52:31', 23540000, 234515, 271980, 63600, 4286]
[main 6a51ea0] update csv
 1 file changed, 1 insertion(+)
To github.com:DataRobot333/GoldTracker.git
   7c85747..6a51ea0  main -> main
saved: ['2026/09/14 13:56:31', 23540000, 234300, 271740, 63600, 4290]
[main c0db1a2] update csv
 1 file changed, 1 insertion(+)
To github.com:DataRobot333/GoldTracker.git
   6a51ea0..c0db1a2  main -> main
saved: ['2026/09/14 14:00:31', 23540000, 234280, 271750, 63600, 4291]
[main d5a5e7a] update csv
 1 file changed, 1 insertion(+)
To github.com:DataRobot333/GoldTracker.git
   c0db1a2..d5a5e7a  main -> main
saved: ['2026/09/14 14:04:31', 23540000, 234095, 271470, 63600, 4291]
[main 8aefbb1] update csv
 1 file changed, 1 insertion(+)
To github.com:DataRobot333/GoldTracker.git
   d5a5e7a..8aefbb1  main -> main
saved: ['2026/09/14 14:08:32', 23540000, 234275, 271480, 63600, 4293]
[main 370eb2a] update csv
 1 file changed, 1 insertion(+)
To github.com:DataRobot333/GoldTracker.git
   8aefbb1..370eb2a  main -> main
saved: ['2026/09/14 14:12:31', 23540000, 234200, 271620, 63600, 4294]
[main 3f90ce6] update csv
 1 file changed, 1 insertion(+)
To github.com:DataRobot333/GoldTracker.git
   370eb2a..3f90ce6  main -> main
saved: ['2026/09/14 14:16:31', 23540000, 234100, 271500, 63800, 4294]
[main eb3758b] update csv
 1 file changed, 1 insertion(+)
To github.com:DataRobot333/GoldTracker.git
   3f90ce6..eb3758b  main -> main
saved: ['2026/09/14 14:20:31', 23540000, 234100, 271510, 63800, 4292]
[main 125a6d4] update csv
 1 file changed, 1 insertion(+)
To github.com:DataRobot333/GoldTracker.git
   eb3758b..125a6d4  main -> main
saved: ['2026/09/14 14:24:31', 23540000, 234115, 271510, 63800, 4292]
[main 20f585a] update csv
 1 file changed, 1 insertion(+)
To github.com:DataRobot333/GoldTracker.git
   125a6d4..20f585a  main -> main
saved: ['2026/09/14 14:28:31', 23540000, 234100, 271550, 63500, 4294]
[main 891f92a] update csv
 1 file changed, 1 insertion(+)
To github.com:DataRobot333/GoldTracker.git
   20f585a..891f92a  main -> main
saved: ['2026/09/14 14:32:31', 23540000, 234100, 271480, 63600, 4295]
[main 492612c] update csv
 1 file changed, 1 insertion(+)
To github.com:DataRobot333/GoldTracker.git
   891f92a..492612c  main -> main
saved: ['2026/09/14 14:36:31', 23540000, 234100, 271520, 63600, 4296]
[main 22724ae] update csv
 1 file changed, 1 insertion(+)
To github.com:DataRobot333/GoldTracker.git
   492612c..22724ae  main -> main
saved: ['2026/09/14 14:40:32', 23540000, 234100, 271520, 63600, 4295]
[main 1e1271f] update csv
 1 file changed, 1 insertion(+)
To github.com:DataRobot333/GoldTracker.git
   22724ae..1e1271f  main -> main
saved: ['2026/09/14 14:44:31', 23540000, 234100, 271560, 63600, 4292]
[main 34c4647] update csv
 1 file changed, 1 insertion(+)
To github.com:DataRobot333/GoldTracker.git
   1e1271f..34c4647  main -> main
saved: ['2026/09/14 14:48:31', 23540000, 234105, 271550, 63600, 4294]
[main 6330de6] update csv
 1 file changed, 1 insertion(+)
To github.com:DataRobot333/GoldTracker.git
   34c4647..6330de6  main -> main
saved: ['2026/09/14 14:52:31', 23540000, 234500, 271600, 63600, 4295]
[main ea5096d] update csv
 1 file changed, 1 insertion(+)
To github.com:DataRobot333/GoldTracker.git
   6330de6..ea5096d  main -> main
saved: ['2026/09/14 14:56:32', 23540000, 234370, 271480, 63600, 4295]
[main 0376b0b] update csv
 1 file changed, 1 insertion(+)
To github.com:DataRobot333/GoldTracker.git
   ea5096d..0376b0b  main -> main
saved: ['2026/09/14 15:00:31', 23540000, 234400, 271570, 63600, 4296]
[main 1009f79] update csv
 1 file changed, 1 insertion(+)
To github.com:DataRobot333/GoldTracker.git
   0376b0b..1009f79  main -> main
saved: ['2026/09/14 15:04:32', 23540000, 234400, 271550, 63600, 4294]
[main b6d8b9a] update csv
 1 file changed, 1 insertion(+)
To github.com:DataRobot333/GoldTracker.git
   1009f79..b6d8b9a  main -> main
saved: ['2026/09/14 15:08:31', 23540000, 234420, 271500, 63600, 4292]
[main e3605db] update csv
 1 file changed, 1 insertion(+)
To github.com:DataRobot333/GoldTracker.git
   b6d8b9a..e3605db  main -> main
saved: ['2026/09/14 15:12:32', 23540000, 234410, 271600, 63600, 4293]
[main 603fbfe] update csv
 1 file changed, 1 insertion(+)
To github.com:DataRobot333/GoldTracker.git
   e3605db..603fbfe  main -> main
saved: ['2026/09/14 15:16:31', 23540000, 234400, 271570, 63600, 4293]
[main bfd04c1] update csv
 1 file changed, 1 insertion(+)
To github.com:DataRobot333/GoldTracker.git
   603fbfe..bfd04c1  main -> main
saved: ['2026/09/14 15:20:31', 23540000, 234415, 271570, 63600, 4293]
[main 1bc4e73] update csv
 1 file changed, 1 insertion(+)
To github.com:DataRobot333/GoldTracker.git
   bfd04c1..1bc4e73  main -> main
saved: ['2026/09/14 15:24:31', 23540000, 234400, 271570, 63600, 4287]
[main 08cefe9] update csv
 1 file changed, 1 insertion(+)
To github.com:DataRobot333/GoldTracker.git
   1bc4e73..08cefe9  main -> main
saved: ['2026/09/14 15:28:31', 23540000, 234405, 271500, 63600, 4285]
[main be5975f] update csv
 1 file changed, 1 insertion(+)
To github.com:DataRobot333/GoldTracker.git
   08cefe9..be5975f  main -> main
saved: ['2026/09/14 15:32:31', 23540000, 234400, 271490, 63600, 4289]
[main 0e7e8d5] update csv
 1 file changed, 1 insertion(+)
To github.com:DataRobot333/GoldTracker.git
   be5975f..0e7e8d5  main -> main
saved: ['2026/09/14 15:36:31', 23540000, 234700, 271870, 63600, 4286]
[main b24c665] update csv
 1 file changed, 1 insertion(+)
To github.com:DataRobot333/GoldTracker.git
   0e7e8d5..b24c665  main -> main
saved: ['2026/09/14 15:40:31', 23540000, 234680, 271870, 63600, 4294]
[main cd55a21] update csv
 1 file changed, 1 insertion(+)
To github.com:DataRobot333/GoldTracker.git
   b24c665..cd55a21  main -> main
saved: ['2026/09/14 15:44:31', 23540000, 234715, 271980, 63600, 4295]
[main be23efb] update csv
 1 file changed, 1 insertion(+)
To github.com:DataRobot333/GoldTracker.git
   cd55a21..be23efb  main -> main
saved: ['2026/09/14 15:48:31', 23540000, 234720, 271980, 63600, 4295]
[main 33d29ad] update csv
 1 file changed, 1 insertion(+)
To github.com:DataRobot333/GoldTracker.git
   be23efb..33d29ad  main -> main
saved: ['2026/09/14 15:52:32', 23540000, 234470, 271780, 63600, 4287]
[main ffee0ea] update csv
 1 file changed, 1 insertion(+)
To github.com:DataRobot333/GoldTracker.git
   33d29ad..ffee0ea  main -> main
saved: ['2026/09/14 15:56:32', 23540000, 234460, 271780, 63600, 4286]
[main 11d556c] update csv
 1 file changed, 1 insertion(+)
To github.com:DataRobot333/GoldTracker.git
   ffee0ea..11d556c  main -> main
saved: ['2026/09/14 16:00:31', 23540000, 233675, 270740, 63600, 4286]
[main 555d25d] update csv
 1 file changed, 1 insertion(+)
To github.com:DataRobot333/GoldTracker.git
   11d556c..555d25d  main -> main
saved: ['2026/09/14 16:04:31', 23540000, 233385, 270300, 63600, 4286]
[main d172cd4] update csv
 1 file changed, 1 insertion(+)
To github.com:DataRobot333/GoldTracker.git
   555d25d..d172cd4  main -> main
saved: ['2026/09/14 16:08:31', 23540000, 233415, 270260, 63600, 4278]
[main 3205257] update csv
 1 file changed, 1 insertion(+)
To github.com:DataRobot333/GoldTracker.git
   d172cd4..3205257  main -> main
saved: ['2026/09/14 16:12:31', 23540000, 233410, 270210, 63600, 4279]
[main 3d71337] update csv
 1 file changed, 1 insertion(+)
To github.com:DataRobot333/GoldTracker.git
   3205257..3d71337  main -> main
saved: ['2026/09/14 16:16:31', 23540000, 233360, 270140, 63600, 4282]
[main f4015b7] update csv
 1 file changed, 1 insertion(+)
To github.com:DataRobot333/GoldTracker.git
   3d71337..f4015b7  main -> main
saved: ['2026/09/14 16:20:32', 23540000, 233600, 270310, 63600, 4277]
[main 894febb] update csv
 1 file changed, 1 insertion(+)
To github.com:DataRobot333/GoldTracker.git
   f4015b7..894febb  main -> main
saved: ['2026/09/14 16:24:31', 23540000, 233900, 270680, 63600, 4274]
[main f678139] update csv
 1 file changed, 1 insertion(+)
To github.com:DataRobot333/GoldTracker.git
   894febb..f678139  main -> main
saved: ['2026/09/14 16:28:31', 23540000, 233900, 270710, 63600, 4267]
[main e8118bb] update csv
 1 file changed, 1 insertion(+)
To github.com:DataRobot333/GoldTracker.git
   f678139..e8118bb  main -> main
saved: ['2026/09/14 16:32:31', 23540000, 233900, 270690, 63600, 4268]
[main a82780c] update csv
 1 file changed, 1 insertion(+)
To github.com:DataRobot333/GoldTracker.git
   e8118bb..a82780c  main -> main
saved: ['2026/09/14 16:36:31', 23540000, 233900, 270620, 63600, 4268]
[main 304bf21] update csv
 1 file changed, 1 insertion(+)
To github.com:DataRobot333/GoldTracker.git
   a82780c..304bf21  main -> main
saved: ['2026/09/14 16:40:31', 23540000, 233720, 270410, 63600, 4253]
[main c3c2483] update csv
 1 file changed, 1 insertion(+)
To github.com:DataRobot333/GoldTracker.git
   304bf21..c3c2483  main -> main
saved: ['2026/09/14 16:44:31', 23540000, 233700, 270330, 63600, 4266]
[main 5af3138] update csv
 1 file changed, 1 insertion(+)
To github.com:DataRobot333/GoldTracker.git
   c3c2483..5af3138  main -> main
saved: ['2026/09/14 16:48:31', 23540000, 233690, 270360, 63600, 4268]
[main b8519c8] update csv
 1 file changed, 1 insertion(+)
To github.com:DataRobot333/GoldTracker.git
   5af3138..b8519c8  main -> main
saved: ['2026/09/14 16:52:31', 23540000, 233700, 270410, 63600, 4272]
[main 7036e4a] update csv
 1 file changed, 1 insertion(+)
To github.com:DataRobot333/GoldTracker.git
   b8519c8..7036e4a  main -> main
saved: ['2026/09/14 16:56:31', 23540000, 233685, 270460, 63600, 4275]
[main d08a9b2] update csv
 1 file changed, 1 insertion(+)
To github.com:DataRobot333/GoldTracker.git
   7036e4a..d08a9b2  main -> main
saved: ['2026/09/14 17:00:31', 23540000, 233700, 270470, 63600, 4272]
[main 109d2c3] update csv
 1 file changed, 1 insertion(+)
To github.com:DataRobot333/GoldTracker.git
   d08a9b2..109d2c3  main -> main
saved: ['2026/09/14 17:04:31', 23380000, 233515, 270280, 63600, 4276]
[main 32b52ae] update csv
 1 file changed, 1 insertion(+)
To github.com:DataRobot333/GoldTracker.git
   109d2c3..32b52ae  main -> main
saved: ['2026/09/14 17:08:31', 23380000, 233470, 270200, 63600, 4271]
[main c188a54] update csv
 1 file changed, 1 insertion(+)
To github.com:DataRobot333/GoldTracker.git
   32b52ae..c188a54  main -> main
saved: ['2026/09/14 17:12:31', 23380000, 233160, 270010, 63600, 4267]
[main da0c2a2] update csv
 1 file changed, 1 insertion(+)
To github.com:DataRobot333/GoldTracker.git
   c188a54..da0c2a2  main -> main
saved: ['2026/09/14 17:16:31', 23380000, 233070, 269890, 63600, 4274]
[main fcff3f0] update csv
 1 file changed, 1 insertion(+)
To github.com:DataRobot333/GoldTracker.git
   da0c2a2..fcff3f0  main -> main
saved: ['2026/09/14 17:20:31', 23380000, 233100, 269730, 63600, 4277]
[main 79a8200] update csv
 1 file changed, 1 insertion(+)
To github.com:DataRobot333/GoldTracker.git
   fcff3f0..79a8200  main -> main
saved: ['2026/09/14 17:24:32', 23380000, 233200, 269820, 63600, 4279]
[main 666ec67] update csv
 1 file changed, 1 insertion(+)
To github.com:DataRobot333/GoldTracker.git
   79a8200..666ec67  main -> main
saved: ['2026/09/14 17:28:31', 23380000, 233185, 269760, 63600, 4271]
[main 495aa23] update csv
 1 file changed, 1 insertion(+)
To github.com:DataRobot333/GoldTracker.git
   666ec67..495aa23  main -> main
saved: ['2026/09/14 17:32:31', 23380000, 233165, 269750, 63600, 4271]
[main e6fb909] update csv
 1 file changed, 1 insertion(+)
To github.com:DataRobot333/GoldTracker.git
   495aa23..e6fb909  main -> main
saved: ['2026/09/14 17:36:31', 23380000, 233200, 269730, 63600, 4265]
[main 3c91d65] update csv
 1 file changed, 1 insertion(+)
To github.com:DataRobot333/GoldTracker.git
   e6fb909..3c91d65  main -> main
saved: ['2026/09/14 17:40:31', 23380000, 233200, 269650, 63600, 4269]
[main dd33eb9] update csv
 1 file changed, 1 insertion(+)
To github.com:DataRobot333/GoldTracker.git
   3c91d65..dd33eb9  main -> main
saved: ['2026/09/14 17:44:31', 23380000, 233220, 269700, 63600, 4276]
[main 599a843] update csv
 1 file changed, 1 insertion(+)
To github.com:DataRobot333/GoldTracker.git
   dd33eb9..599a843  main -> main
saved: ['2026/09/14 17:48:31', 23380000, 233220, 269740, 63600, 4276]
[main 29ca22e] update csv
 1 file changed, 1 insertion(+)
To github.com:DataRobot333/GoldTracker.git
   599a843..29ca22e  main -> main
saved: ['2026/09/14 17:52:31', 23380000, 233180, 269760, 63600, 4269]
[main 24db775] update csv
 1 file changed, 1 insertion(+)
To github.com:DataRobot333/GoldTracker.git
   29ca22e..24db775  main -> main
saved: ['2026/09/14 17:56:31', 23380000, 233600, 269830, 63600, 4266]
[main c163136] update csv
 1 file changed, 1 insertion(+)
To github.com:DataRobot333/GoldTracker.git
   24db775..c163136  main -> main
saved: ['2026/09/14 18:00:31', 23380000, 233620, 269900, 63600, 4269]
[main c9511fd] update csv
 1 file changed, 1 insertion(+)
To github.com:DataRobot333/GoldTracker.git
   c163136..c9511fd  main -> main
saved: ['2026/09/14 18:04:31', 23340000, 233600, 269900, 63600, 4270]
[main 1c2b220] update csv
 1 file changed, 1 insertion(+)
To github.com:DataRobot333/GoldTracker.git
   c9511fd..1c2b220  main -> main
saved: ['2026/09/14 18:08:31', 23340000, 233490, 269730, 63600, 4269]
[main 958f8e9] update csv
 1 file changed, 1 insertion(+)
To github.com:DataRobot333/GoldTracker.git
   1c2b220..958f8e9  main -> main
saved: ['2026/09/14 18:12:31', 23340000, 233515, 269710, 63600, 4271]
[main 5b39ab3] update csv
 1 file changed, 1 insertion(+)
To github.com:DataRobot333/GoldTracker.git
   958f8e9..5b39ab3  main -> main
saved: ['2026/09/14 18:16:31', 23340000, 233480, 269710, 63600, 4277]
[main c7aec3c] update csv
 1 file changed, 1 insertion(+)
To github.com:DataRobot333/GoldTracker.git
   5b39ab3..c7aec3c  main -> main
saved: ['2026/09/14 18:20:31', 23340000, 233500, 269880, 63600, 4277]
[main 24dc197] update csv
 1 file changed, 1 insertion(+)
To github.com:DataRobot333/GoldTracker.git
   c7aec3c..24dc197  main -> main
saved: ['2026/09/14 18:24:31', 23340000, 233520, 269900, 63600, 4275]
[main f3f88c0] update csv
 1 file changed, 1 insertion(+)
To github.com:DataRobot333/GoldTracker.git
   24dc197..f3f88c0  main -> main
saved: ['2026/09/14 18:28:31', 23340000, 233500, 269890, 63600, 4277]
[main e46d865] update csv
 1 file changed, 1 insertion(+)
To github.com:DataRobot333/GoldTracker.git
   f3f88c0..e46d865  main -> main
saved: ['2026/09/14 18:32:31', 23340000, 233500, 269830, 63600, 4279]
[main dc4ef58] update csv
 1 file changed, 1 insertion(+)
To github.com:DataRobot333/GoldTracker.git
   e46d865..dc4ef58  main -> main
saved: ['2026/09/14 18:36:31', 23290000, 233470, 269800, 63600, 4273]
[main 2533e42] update csv
 1 file changed, 1 insertion(+)
To github.com:DataRobot333/GoldTracker.git
   dc4ef58..2533e42  main -> main
saved: ['2026/09/14 18:40:31', 23290000, 233700, 270060, 63600, 4282]
[main 8edd872] update csv
 1 file changed, 1 insertion(+)
To github.com:DataRobot333/GoldTracker.git
   2533e42..8edd872  main -> main
saved: ['2026/09/14 18:44:31', 23290000, 233715, 270090, 63600, 4279]
[main fdb2028] update csv
 1 file changed, 1 insertion(+)
To github.com:DataRobot333/GoldTracker.git
   8edd872..fdb2028  main -> main
saved: ['2026/09/14 18:48:32', 23290000, 233660, 270090, 63600, 4277]
[main fb34538] update csv
 1 file changed, 1 insertion(+)
To github.com:DataRobot333/GoldTracker.git
   fdb2028..fb34538  main -> main
saved: ['2026/09/14 18:52:31', 23290000, 233605, 270050, 63600, 4276]
[main bb4faf4] update csv
 1 file changed, 1 insertion(+)
To github.com:DataRobot333/GoldTracker.git
   fb34538..bb4faf4  main -> main
saved: ['2026/09/14 18:56:31', 23290000, 233580, 269970, 63600, 4279]
[main 6faee3e] update csv
 1 file changed, 1 insertion(+)
To github.com:DataRobot333/GoldTracker.git
   bb4faf4..6faee3e  main -> main
saved: ['2026/09/14 19:00:31', 23290000, 233500, 269920, 63600, 4284]
[main 6ddaeee] update csv
 1 file changed, 1 insertion(+)
To github.com:DataRobot333/GoldTracker.git
   6faee3e..6ddaeee  main -> main
saved: ['2026/09/14 19:04:31', 23170000, 233520, 269900, 63600, 4288]
[main 3911a5b] update csv
 1 file changed, 1 insertion(+)
To github.com:DataRobot333/GoldTracker.git
   6ddaeee..3911a5b  main -> main
saved: ['2026/09/14 19:08:32', 23170000, 233485, 269890, 63600, 4292]
[main 662f99f] update csv
 1 file changed, 1 insertion(+)
To github.com:DataRobot333/GoldTracker.git
   3911a5b..662f99f  main -> main
saved: ['2026/09/14 19:12:32', 23170000, 233305, 269660, 63600, 4296]
[main 4847811] update csv
 1 file changed, 1 insertion(+)
To github.com:DataRobot333/GoldTracker.git
   662f99f..4847811  main -> main
saved: ['2026/09/14 19:16:31', 23170000, 233000, 269310, 63600, 4293]
[main d10b6d6] update csv
 1 file changed, 1 insertion(+)
To github.com:DataRobot333/GoldTracker.git
   4847811..d10b6d6  main -> main
saved: ['2026/09/14 19:20:31', 23170000, 233300, 269770, 63600, 4289]
[main 074eaa6] update csv
 1 file changed, 1 insertion(+)
To github.com:DataRobot333/GoldTracker.git
   d10b6d6..074eaa6  main -> main
saved: ['2026/09/14 19:24:32', 23170000, 233200, 269770, 63600, 4289]
[main 4ea9a9c] update csv
 1 file changed, 1 insertion(+)
To github.com:DataRobot333/GoldTracker.git
   074eaa6..4ea9a9c  main -> main
saved: ['2026/09/14 19:28:31', 23170000, 233300, 269770, 63600, 4291]
[main 193167c] update csv
 1 file changed, 1 insertion(+)
To github.com:DataRobot333/GoldTracker.git
   4ea9a9c..193167c  main -> main
saved: ['2026/09/14 19:32:31', 23210000, 233235, 269780, 63600, 4288]
[main addeee3] update csv
 1 file changed, 1 insertion(+)
To github.com:DataRobot333/GoldTracker.git
   193167c..addeee3  main -> main
saved: ['2026/09/14 19:36:31', 23210000, 233100, 269590, 63600, 4287]
[main 098acd7] update csv
 1 file changed, 1 insertion(+)
To github.com:DataRobot333/GoldTracker.git
   addeee3..098acd7  main -> main
saved: ['2026/09/14 19:40:31', 23210000, 232685, 269170, 63600, 4293]
[main d33141b] update csv
 1 file changed, 1 insertion(+)
To github.com:DataRobot333/GoldTracker.git
   098acd7..d33141b  main -> main
saved: ['2026/09/14 19:44:31', 23210000, 232600, 269060, 63600, 4295]
[main 70b79e0] update csv
 1 file changed, 1 insertion(+)
To github.com:DataRobot333/GoldTracker.git
   d33141b..70b79e0  main -> main
saved: ['2026/09/14 19:48:31', 23210000, 232600, 269070, 63600, 4296]
[main cadafdc] update csv
 1 file changed, 1 insertion(+)
To github.com:DataRobot333/GoldTracker.git
   70b79e0..cadafdc  main -> main
saved: ['2026/09/14 19:52:31', 23210000, 232285, 268760, 63600, 4298]
[main 811dbb4] update csv
 1 file changed, 1 insertion(+)
To github.com:DataRobot333/GoldTracker.git
   cadafdc..811dbb4  main -> main
saved: ['2026/09/14 19:56:31', 23210000, 232110, 268540, 63600, 4303]
[main f1ab093] update csv
 1 file changed, 1 insertion(+)
To github.com:DataRobot333/GoldTracker.git
   811dbb4..f1ab093  main -> main
saved: ['2026/09/14 20:00:31', 23160000, 231810, 268230, 63600, 4300]
[main 19b0b4c] update csv
 1 file changed, 1 insertion(+)
To github.com:DataRobot333/GoldTracker.git
   f1ab093..19b0b4c  main -> main
saved: ['2026/09/14 20:04:31', 23160000, 231800, 268230, 63600, 4301]
[main 351317e] update csv
 1 file changed, 1 insertion(+)
To github.com:DataRobot333/GoldTracker.git
   19b0b4c..351317e  main -> main
saved: ['2026/09/14 20:08:31', 23160000, 231800, 268230, 63600, 4301]
[main c377cb9] update csv
 1 file changed, 1 insertion(+)
To github.com:DataRobot333/GoldTracker.git
   351317e..c377cb9  main -> main
saved: ['2026/09/14 20:12:32', 23160000, 231800, 268230, 63600, 4304]
[main 0a0342a] update csv
 1 file changed, 1 insertion(+)
To github.com:DataRobot333/GoldTracker.git
   c377cb9..0a0342a  main -> main
saved: ['2026/09/14 20:16:32', 23160000, 231800, 268230, 63600, 4305]
[main 27cd76b] update csv
 1 file changed, 1 insertion(+)
To github.com:DataRobot333/GoldTracker.git
   0a0342a..27cd76b  main -> main
saved: ['2026/09/14 20:20:31', 23160000, 231800, 268230, 63600, 4314]
[main 3f25b5b] update csv
 1 file changed, 1 insertion(+)
To github.com:DataRobot333/GoldTracker.git
   27cd76b..3f25b5b  main -> main
saved: ['2026/09/14 20:24:31', 23190000, 231800, 268230, 63600, 4317]
[main d20f6be] update csv
 1 file changed, 1 insertion(+)
To github.com:DataRobot333/GoldTracker.git
   3f25b5b..d20f6be  main -> main
saved: ['2026/09/14 20:28:32', 23190000, 231800, 268230, 63600, 4316]
[main 8ddef71] update csv
 1 file changed, 1 insertion(+)
To github.com:DataRobot333/GoldTracker.git
   d20f6be..8ddef71  main -> main
saved: ['2026/09/14 20:32:31', 23260000, 231800, 268230, 63600, 4313]
[main e3f0fed] update csv
 1 file changed, 1 insertion(+)
To github.com:DataRobot333/GoldTracker.git
   8ddef71..e3f0fed  main -> main
saved: ['2026/09/14 20:36:31', 23260000, 231800, 268230, 63600, 4312]
[main cb88e69] update csv
 1 file changed, 1 insertion(+)
To github.com:DataRobot333/GoldTracker.git
   e3f0fed..cb88e69  main -> main
saved: ['2026/09/14 20:40:31', 23260000, 231800, 268230, 63600, 4312]
[main e8616f6] update csv
 1 file changed, 1 insertion(+)
To github.com:DataRobot333/GoldTracker.git
   cb88e69..e8616f6  main -> main
saved: ['2026/09/14 20:44:31', 23260000, 231800, 268230, 63600, 4313]
[main 5994e7e] update csv
 1 file changed, 1 insertion(+)
To github.com:DataRobot333/GoldTracker.git
   e8616f6..5994e7e  main -> main
saved: ['2026/09/14 20:48:31', 23260000, 231800, 268230, 63600, 4311]
[main 8b5f11e] update csv
 1 file changed, 1 insertion(+)
To github.com:DataRobot333/GoldTracker.git
   5994e7e..8b5f11e  main -> main
saved: ['2026/09/14 20:52:31', 23260000, 231800, 268230, 63600, 4310]
[main 7b2641f] update csv
 1 file changed, 1 insertion(+)
To github.com:DataRobot333/GoldTracker.git
   8b5f11e..7b2641f  main -> main
saved: ['2026/09/14 20:56:32', 23260000, 231800, 268230, 63600, 4311]
[main 64ea184] update csv
 1 file changed, 1 insertion(+)
To github.com:DataRobot333/GoldTracker.git
   7b2641f..64ea184  main -> main
saved: ['2026/09/14 21:00:32', 23220000, 231800, 268230, 63600, 4311]
[main 5baf7c9] update csv
 1 file changed, 1 insertion(+)
To github.com:DataRobot333/GoldTracker.git
   64ea184..5baf7c9  main -> main
saved: ['2026/09/14 21:04:31', 23220000, 231800, 268230, 63600, 4311]
[main 08ecc89] update csv
 1 file changed, 1 insertion(+)
To github.com:DataRobot333/GoldTracker.git
   5baf7c9..08ecc89  main -> main
saved: ['2026/09/14 21:08:31', 23220000, 231800, 268230, 63600, 4310]
[main da182d9] update csv
 1 file changed, 1 insertion(+)
To github.com:DataRobot333/GoldTracker.git
   08ecc89..da182d9  main -> main
saved: ['2026/09/14 21:12:31', 23220000, 231800, 268230, 63600, 4310]
[main 72fd25b] update csv
 1 file changed, 1 insertion(+)
To github.com:DataRobot333/GoldTracker.git
   da182d9..72fd25b  main -> main
saved: ['2026/09/14 21:16:31', 23220000, 231800, 268230, 63600, 4310]
[main 775e17f] update csv
 1 file changed, 1 insertion(+)
To github.com:DataRobot333/GoldTracker.git
   72fd25b..775e17f  main -> main
saved: ['2026/09/14 21:20:31', 23220000, 231800, 268230, 63600, 4310]
[main 143276a] update csv
 1 file changed, 1 insertion(+)
To github.com:DataRobot333/GoldTracker.git
   775e17f..143276a  main -> main
saved: ['2026/09/14 21:24:31', 23220000, 231800, 268230, 63600, 4311]
[main c443e0d] update csv
 1 file changed, 1 insertion(+)
To github.com:DataRobot333/GoldTracker.git
   143276a..c443e0d  main -> main
saved: ['2026/09/14 21:28:31', 23220000, 231800, 268230, 63600, 4313]
[main 442b96b] update csv
 1 file changed, 1 insertion(+)
To github.com:DataRobot333/GoldTracker.git
   c443e0d..442b96b  main -> main
saved: ['2026/09/14 21:32:31', 23220000, 231800, 268230, 63600, 4314]
[main 4c1e2b7] update csv
 1 file changed, 1 insertion(+)
To github.com:DataRobot333/GoldTracker.git
   442b96b..4c1e2b7  main -> main
saved: ['2026/09/14 21:36:31', 23220000, 231800, 268230, 63600, 4309]
[main b2b84c3] update csv
 1 file changed, 1 insertion(+)
To github.com:DataRobot333/GoldTracker.git
   4c1e2b7..b2b84c3  main -> main
saved: ['2026/09/14 21:40:31', 23220000, 231800, 268230, 63600, 4310]
[main ec2f70d] update csv
 1 file changed, 1 insertion(+)
To github.com:DataRobot333/GoldTracker.git
   b2b84c3..ec2f70d  main -> main
saved: ['2026/09/14 21:44:31', 23220000, 231800, 268230, 63600, 4311]
[main b6728e5] update csv
 1 file changed, 1 insertion(+)
To github.com:DataRobot333/GoldTracker.git
   ec2f70d..b6728e5  main -> main
saved: ['2026/09/14 21:48:31', 23220000, 231800, 268230, 63600, 4311]
[main bede321] update csv
 1 file changed, 1 insertion(+)
To github.com:DataRobot333/GoldTracker.git
   b6728e5..bede321  main -> main
saved: ['2026/09/14 21:52:32', 23220000, 231800, 268230, 63600, 4311]
[main 9280b40] update csv
 1 file changed, 1 insertion(+)
To github.com:DataRobot333/GoldTracker.git
   bede321..9280b40  main -> main
saved: ['2026/09/14 21:56:32', 23220000, 231800, 268230, 63600, 4308]
[main 909faf9] update csv
 1 file changed, 1 insertion(+)
To github.com:DataRobot333/GoldTracker.git
   9280b40..909faf9  main -> main
saved: ['2026/09/14 22:00:31', 23220000, 231800, 268230, 63600, 4308]
[main 79aa520] update csv
 1 file changed, 1 insertion(+)
To github.com:DataRobot333/GoldTracker.git
   909faf9..79aa520  main -> main
saved: ['2026/09/14 22:04:31', 23220000, 231800, 268230, 63600, 4311]
[main 669e5fa] update csv
 1 file changed, 1 insertion(+)
To github.com:DataRobot333/GoldTracker.git
   79aa520..669e5fa  main -> main
saved: ['2026/09/14 22:08:31', 23220000, 231800, 268230, 63600, 4312]
[main 40608af] update csv
 1 file changed, 1 insertion(+)
To github.com:DataRobot333/GoldTracker.git
   669e5fa..40608af  main -> main
saved: ['2026/09/14 22:12:31', 23220000, 231800, 268230, 63600, 4310]
[main 24a80e8] update csv
 1 file changed, 1 insertion(+)
To github.com:DataRobot333/GoldTracker.git
   40608af..24a80e8  main -> main
saved: ['2026/09/14 22:16:31', 23220000, 231800, 268230, 63600, 4309]
[main 7e03fc0] update csv
 1 file changed, 1 insertion(+)
To github.com:DataRobot333/GoldTracker.git
   24a80e8..7e03fc0  main -> main
saved: ['2026/09/14 22:20:31', 23220000, 231800, 268230, 63600, 4307]
[main 6b8ad6a] update csv
 1 file changed, 1 insertion(+)
To github.com:DataRobot333/GoldTracker.git
   7e03fc0..6b8ad6a  main -> main
saved: ['2026/09/14 22:24:32', 23220000, 231800, 268230, 63600, 4306]
[main 2f0a17d] update csv
 1 file changed, 1 insertion(+)
To github.com:DataRobot333/GoldTracker.git
   6b8ad6a..2f0a17d  main -> main
saved: ['2026/09/14 22:28:32', 23220000, 231800, 268230, 63600, 4306]
[main 27c4acd] update csv
 1 file changed, 1 insertion(+)
To github.com:DataRobot333/GoldTracker.git
   2f0a17d..27c4acd  main -> main
saved: ['2026/09/14 22:32:31', 23220000, 231800, 268230, 63600, 4306]
[main dae8d38] update csv
 1 file changed, 1 insertion(+)
To github.com:DataRobot333/GoldTracker.git
   27c4acd..dae8d38  main -> main
saved: ['2026/09/14 22:36:31', 23220000, 231800, 268230, 63600, 4306]
[main 8abb3e6] update csv
 1 file changed, 1 insertion(+)
To github.com:DataRobot333/GoldTracker.git
   dae8d38..8abb3e6  main -> main
saved: ['2026/09/14 22:40:31', 23220000, 231800, 268230, 63600, 4304]
[main 2869dfc] update csv
 1 file changed, 1 insertion(+)
To github.com:DataRobot333/GoldTracker.git
   8abb3e6..2869dfc  main -> main
saved: ['2026/09/14 22:44:31', 23220000, 231800, 268230, 63600, 4305]
[main 3f5ec40] update csv
 1 file changed, 1 insertion(+)
To github.com:DataRobot333/GoldTracker.git
   2869dfc..3f5ec40  main -> main
saved: ['2026/09/14 22:48:31', 23220000, 231800, 268230, 63600, 4302]
[main 4d56e79] update csv
 1 file changed, 1 insertion(+)
To github.com:DataRobot333/GoldTracker.git
   3f5ec40..4d56e79  main -> main
saved: ['2026/09/14 22:52:32', 23220000, 231800, 268230, 63600, 4302]
[main dc8e1b4] update csv
 1 file changed, 1 insertion(+)
To github.com:DataRobot333/GoldTracker.git
   4d56e79..dc8e1b4  main -> main
saved: ['2026/09/14 22:56:31', 23220000, 231800, 268230, 63600, 4296]
[main 3766ebf] update csv
 1 file changed, 1 insertion(+)
To github.com:DataRobot333/GoldTracker.git
   dc8e1b4..3766ebf  main -> main
saved: ['2026/09/14 23:00:31', 23220000, 231800, 268230, 63600, 4297]
[main 9e65728] update csv
 1 file changed, 1 insertion(+)
To github.com:DataRobot333/GoldTracker.git
   3766ebf..9e65728  main -> main
saved: ['2026/09/14 23:04:31', 23220000, 231800, 268230, 63600, 4295]
[main 98f5771] update csv
 1 file changed, 1 insertion(+)
To github.com:DataRobot333/GoldTracker.git
   9e65728..98f5771  main -> main
saved: ['2026/09/14 23:08:31', 23220000, 231800, 268230, 63600, 4293]
[main 3107f8f] update csv
 1 file changed, 1 insertion(+)
To github.com:DataRobot333/GoldTracker.git
   98f5771..3107f8f  main -> main
saved: ['2026/09/14 23:12:32', 23220000, 231800, 268230, 63600, 4291]
[main 254c87f] update csv
 1 file changed, 1 insertion(+)
To github.com:DataRobot333/GoldTracker.git
   3107f8f..254c87f  main -> main
saved: ['2026/09/14 23:16:32', 23220000, 231800, 268230, 63600, 4291]
[main 8190d52] update csv
 1 file changed, 1 insertion(+)
To github.com:DataRobot333/GoldTracker.git
   254c87f..8190d52  main -> main
saved: ['2026/09/14 23:20:31', 23220000, 231800, 268230, 63600, 4289]
[main c4d854f] update csv
 1 file changed, 1 insertion(+)
To github.com:DataRobot333/GoldTracker.git
   8190d52..c4d854f  main -> main
saved: ['2026/09/14 23:24:31', 23220000, 231800, 268230, 63600, 4286]
[main 701c52c] update csv
 1 file changed, 1 insertion(+)
To github.com:DataRobot333/GoldTracker.git
   c4d854f..701c52c  main -> main
saved: ['2026/09/14 23:28:31', 23220000, 231800, 268230, 63600, 4284]
[main b885a3a] update csv
 1 file changed, 1 insertion(+)
To github.com:DataRobot333/GoldTracker.git
   701c52c..b885a3a  main -> main
saved: ['2026/09/14 23:32:31', 23220000, 231800, 268230, 63600, 4284]
[main c3413fe] update csv
 1 file changed, 1 insertion(+)
To github.com:DataRobot333/GoldTracker.git
   b885a3a..c3413fe  main -> main
saved: ['2026/09/14 23:36:32', 23220000, 231800, 268230, 63600, 4284]
[main 6b03c04] update csv
 1 file changed, 1 insertion(+)
To github.com:DataRobot333/GoldTracker.git
   c3413fe..6b03c04  main -> main
saved: ['2026/09/14 23:40:32', 23220000, 231800, 268230, 63600, 4286]
[main 028e465] update csv
 1 file changed, 1 insertion(+)
To github.com:DataRobot333/GoldTracker.git
   6b03c04..028e465  main -> main
saved: ['2026/09/14 23:44:31', 23220000, 231800, 268230, 63600, 4288]
[main a66d949] update csv
 1 file changed, 1 insertion(+)
To github.com:DataRobot333/GoldTracker.git
   028e465..a66d949  main -> main
saved: ['2026/09/14 23:48:31', 23220000, 231800, 268230, 63600, 4290]
[main 0c4eec2] update csv
 1 file changed, 1 insertion(+)
To github.com:DataRobot333/GoldTracker.git
   a66d949..0c4eec2  main -> main
saved: ['2026/09/14 23:52:31', 23220000, 231800, 268230, 63600, 4295]
[main 9d22182] update csv
 1 file changed, 1 insertion(+)
To github.com:DataRobot333/GoldTracker.git
   0c4eec2..9d22182  main -> main
error: 'TimeRead'
On branch main
Your branch is up to date with 'origin/main'.

Untracked files:
  (use "git add <file>..." to include in what will be committed)
	logs/
	update_github.sh

nothing added to commit but untracked files present (use "git add" to track)
Everything up-to-date
saved: ['2026/09/15 00:00:31', 23220000, 231800, 268230, 63600, 4297]
[main 954b18c] update csv
 1 file changed, 1 insertion(+)
To github.com:DataRobot333/GoldTracker.git
   9d22182..954b18c  main -> main
saved: ['2026/09/15 00:04:31', 23220000, 231800, 268230, 63600, 4299]
[main c1bab03] update csv
 1 file changed, 1 insertion(+)
To github.com:DataRobot333/GoldTracker.git
   954b18c..c1bab03  main -> main
saved: ['2026/09/15 00:08:31', 23220000, 231800, 268230, 63600, 4296]
[main bcd97aa] update csv
 1 file changed, 1 insertion(+)
To github.com:DataRobot333/GoldTracker.git
   c1bab03..bcd97aa  main -> main
saved: ['2026/09/15 00:12:31', 23220000, 231800, 268230, 63600, 4295]
[main ac46828] update csv
 1 file changed, 1 insertion(+)
To github.com:DataRobot333/GoldTracker.git
   bcd97aa..ac46828  main -> main
saved: ['2026/09/15 00:16:31', 23220000, 231800, 268230, 63600, 4295]
[main 4aff592] update csv
 1 file changed, 1 insertion(+)
To github.com:DataRobot333/GoldTracker.git
   ac46828..4aff592  main -> main
saved: ['2026/09/15 00:20:31', 23220000, 231800, 268230, 63600, 4296]
[main 8dbfdf7] update csv
 1 file changed, 1 insertion(+)
To github.com:DataRobot333/GoldTracker.git
   4aff592..8dbfdf7  main -> main
saved: ['2026/09/15 00:24:31', 23220000, 231800, 268230, 63600, 4297]
[main 15febbc] update csv
 1 file changed, 1 insertion(+)
To github.com:DataRobot333/GoldTracker.git
   8dbfdf7..15febbc  main -> main
saved: ['2026/09/15 00:28:31', 23220000, 231800, 268230, 63600, 4298]
[main 84a54a9] update csv
 1 file changed, 1 insertion(+)
To github.com:DataRobot333/GoldTracker.git
   15febbc..84a54a9  main -> main
saved: ['2026/09/15 00:32:32', 23220000, 231800, 268230, 63600, 4298]
[main e58b9bd] update csv
 1 file changed, 1 insertion(+)
To github.com:DataRobot333/GoldTracker.git
   84a54a9..e58b9bd  main -> main
saved: ['2026/09/15 00:36:31', 23220000, 231800, 268230, 63600, 4298]
[main 161f8f6] update csv
 1 file changed, 1 insertion(+)
To github.com:DataRobot333/GoldTracker.git
   e58b9bd..161f8f6  main -> main
saved: ['2026/09/15 00:40:32', 23220000, 231800, 268230, 63600, 4298]
[main fe8bcfc] update csv
 1 file changed, 1 insertion(+)
To github.com:DataRobot333/GoldTracker.git
   161f8f6..fe8bcfc  main -> main
saved: ['2026/09/15 00:44:31', 23220000, 231800, 268230, 63600, 4298]
[main 2a3feec] update csv
 1 file changed, 1 insertion(+)
To github.com:DataRobot333/GoldTracker.git
   fe8bcfc..2a3feec  main -> main
saved: ['2026/09/15 00:48:31', 23220000, 231800, 268230, 63600, 4298]
[main 25f21fa] update csv
 1 file changed, 1 insertion(+)
To github.com:DataRobot333/GoldTracker.git
   2a3feec..25f21fa  main -> main
saved: ['2026/09/15 00:52:31', 23220000, 231800, 268230, 63600, 4298]
[main 0bf2179] update csv
 1 file changed, 1 insertion(+)
To github.com:DataRobot333/GoldTracker.git
   25f21fa..0bf2179  main -> main
saved: ['2026/09/15 00:56:31', 23220000, 231800, 268230, 63600, 4298]
[main d9593c3] update csv
 1 file changed, 1 insertion(+)
To github.com:DataRobot333/GoldTracker.git
   0bf2179..d9593c3  main -> main
saved: ['2026/09/15 01:00:31', 23220000, 231800, 268230, 63600, 4298]
[main 2efb47d] update csv
 1 file changed, 1 insertion(+)
To github.com:DataRobot333/GoldTracker.git
   d9593c3..2efb47d  main -> main
saved: ['2026/09/15 01:04:31', 23220000, 231800, 268230, 63600, 4298]
[main 2825dea] update csv
 1 file changed, 1 insertion(+)
To github.com:DataRobot333/GoldTracker.git
   2efb47d..2825dea  main -> main
saved: ['2026/09/15 01:08:31', 23220000, 231800, 268230, 63600, 4298]
[main 8426b50] update csv
 1 file changed, 1 insertion(+)
To github.com:DataRobot333/GoldTracker.git
   2825dea..8426b50  main -> main
saved: ['2026/09/15 01:12:31', 23220000, 231800, 268230, 63600, 4298]
[main 88b1202] update csv
 1 file changed, 1 insertion(+)
To github.com:DataRobot333/GoldTracker.git
   8426b50..88b1202  main -> main
saved: ['2026/09/15 01:16:31', 23220000, 231800, 268230, 63600, 4298]
[main ab91868] update csv
 1 file changed, 1 insertion(+)
To github.com:DataRobot333/GoldTracker.git
   88b1202..ab91868  main -> main
saved: ['2026/09/15 01:20:31', 23220000, 231800, 268230, 63600, 4298]
[main 1bd4083] update csv
 1 file changed, 1 insertion(+)
To github.com:DataRobot333/GoldTracker.git
   ab91868..1bd4083  main -> main
saved: ['2026/09/15 01:24:31', 23220000, 231800, 268230, 63600, 4298]
[main ac683bd] update csv
 1 file changed, 1 insertion(+)
To github.com:DataRobot333/GoldTracker.git
   1bd4083..ac683bd  main -> main
saved: ['2026/09/15 01:28:31', 23220000, 231800, 268230, 63600, 4298]
[main d4a9cca] update csv
 1 file changed, 1 insertion(+)
To github.com:DataRobot333/GoldTracker.git
   ac683bd..d4a9cca  main -> main
saved: ['2026/09/15 01:32:31', 23220000, 231800, 268230, 63600, 4298]
[main 37a1671] update csv
 1 file changed, 1 insertion(+)
To github.com:DataRobot333/GoldTracker.git
   d4a9cca..37a1671  main -> main
saved: ['2026/09/15 01:36:31', 23220000, 231800, 268230, 63600, 4299]
[main 497cdd1] update csv
 1 file changed, 1 insertion(+)
To github.com:DataRobot333/GoldTracker.git
   37a1671..497cdd1  main -> main
saved: ['2026/09/15 01:40:31', 23220000, 231800, 268230, 63600, 4297]
[main f8e997e] update csv
 1 file changed, 1 insertion(+)
To github.com:DataRobot333/GoldTracker.git
   497cdd1..f8e997e  main -> main
saved: ['2026/09/15 01:44:31', 23220000, 231800, 268230, 63600, 4297]
[main fba7dee] update csv
 1 file changed, 1 insertion(+)
To github.com:DataRobot333/GoldTracker.git
   f8e997e..fba7dee  main -> main
saved: ['2026/09/15 01:48:31', 23220000, 231800, 268230, 63600, 4297]
[main 511a68c] update csv
 1 file changed, 1 insertion(+)
To github.com:DataRobot333/GoldTracker.git
   fba7dee..511a68c  main -> main
saved: ['2026/09/15 01:52:31', 23220000, 231800, 268230, 63600, 4296]
[main b500aec] update csv
 1 file changed, 1 insertion(+)
To github.com:DataRobot333/GoldTracker.git
   511a68c..b500aec  main -> main
saved: ['2026/09/15 01:56:31', 23220000, 231800, 268230, 63600, 4295]
[main dc1b9ba] update csv
 1 file changed, 1 insertion(+)
To github.com:DataRobot333/GoldTracker.git
   b500aec..dc1b9ba  main -> main
saved: ['2026/09/15 02:00:31', 23220000, 231800, 268230, 63600, 4295]
[main cd2c2da] update csv
 1 file changed, 1 insertion(+)
To github.com:DataRobot333/GoldTracker.git
   dc1b9ba..cd2c2da  main -> main
saved: ['2026/09/15 02:04:31', 23220000, 231800, 268230, 63600, 4297]
[main b4ab58f] update csv
 1 file changed, 1 insertion(+)
To github.com:DataRobot333/GoldTracker.git
   cd2c2da..b4ab58f  main -> main
saved: ['2026/09/15 02:08:31', 23220000, 231800, 268230, 63600, 4298]
[main 676ad9f] update csv
 1 file changed, 1 insertion(+)
To github.com:DataRobot333/GoldTracker.git
   b4ab58f..676ad9f  main -> main
saved: ['2026/09/15 02:12:31', 23220000, 231800, 268230, 63600, 4296]
[main 784784a] update csv
 1 file changed, 1 insertion(+)
To github.com:DataRobot333/GoldTracker.git
   676ad9f..784784a  main -> main
saved: ['2026/09/15 02:16:31', 23220000, 231800, 268230, 63600, 4295]
[main 5973e5a] update csv
 1 file changed, 1 insertion(+)
To github.com:DataRobot333/GoldTracker.git
   784784a..5973e5a  main -> main
saved: ['2026/09/15 02:20:31', 23220000, 231800, 268230, 63600, 4295]
[main d433cf1] update csv
 1 file changed, 1 insertion(+)
To github.com:DataRobot333/GoldTracker.git
   5973e5a..d433cf1  main -> main
saved: ['2026/09/15 02:24:31', 23220000, 231800, 268230, 63600, 4294]
[main 1f4d5ea] update csv
 1 file changed, 1 insertion(+)
To github.com:DataRobot333/GoldTracker.git
   d433cf1..1f4d5ea  main -> main
saved: ['2026/09/15 02:28:31', 23220000, 231800, 268230, 63600, 4296]
[main 6ec8166] update csv
 1 file changed, 1 insertion(+)
To github.com:DataRobot333/GoldTracker.git
   1f4d5ea..6ec8166  main -> main
saved: ['2026/09/15 02:32:31', 23220000, 231800, 268230, 63600, 4296]
[main 5171869] update csv
 1 file changed, 1 insertion(+)
To github.com:DataRobot333/GoldTracker.git
   6ec8166..5171869  main -> main
saved: ['2026/09/15 02:36:31', 23220000, 231800, 268230, 63600, 4295]
[main d23e550] update csv
 1 file changed, 1 insertion(+)
To github.com:DataRobot333/GoldTracker.git
   5171869..d23e550  main -> main
saved: ['2026/09/15 02:40:31', 23220000, 231800, 268230, 63600, 4293]
[main 734e8f3] update csv
 1 file changed, 1 insertion(+)
To github.com:DataRobot333/GoldTracker.git
   d23e550..734e8f3  main -> main
saved: ['2026/09/15 02:44:31', 23220000, 231800, 268230, 63600, 4292]
[main d30b56f] update csv
 1 file changed, 1 insertion(+)
To github.com:DataRobot333/GoldTracker.git
   734e8f3..d30b56f  main -> main
saved: ['2026/09/15 02:48:31', 23220000, 231800, 268230, 63600, 4291]
[main db82e19] update csv
 1 file changed, 1 insertion(+)
To github.com:DataRobot333/GoldTracker.git
   d30b56f..db82e19  main -> main
saved: ['2026/09/15 02:52:32', 23220000, 231800, 268230, 63600, 4288]
[main e472983] update csv
 1 file changed, 1 insertion(+)
To github.com:DataRobot333/GoldTracker.git
   db82e19..e472983  main -> main
saved: ['2026/09/15 02:56:31', 23220000, 231800, 268230, 63600, 4290]
[main 4e32a70] update csv
 1 file changed, 1 insertion(+)
To github.com:DataRobot333/GoldTracker.git
   e472983..4e32a70  main -> main
saved: ['2026/09/15 03:00:31', 23220000, 231800, 268230, 63600, 4290]
[main d8934ca] update csv
 1 file changed, 1 insertion(+)
To github.com:DataRobot333/GoldTracker.git
   4e32a70..d8934ca  main -> main
saved: ['2026/09/15 03:04:32', 23220000, 231800, 268230, 63600, 4288]
[main 9e1fdf0] update csv
 1 file changed, 1 insertion(+)
To github.com:DataRobot333/GoldTracker.git
   d8934ca..9e1fdf0  main -> main
saved: ['2026/09/15 03:08:32', 23220000, 231800, 268230, 63600, 4289]
[main e41718a] update csv
 1 file changed, 1 insertion(+)
To github.com:DataRobot333/GoldTracker.git
   9e1fdf0..e41718a  main -> main
saved: ['2026/09/15 03:12:31', 23220000, 231800, 268230, 63600, 4290]
[main a17e9d2] update csv
 1 file changed, 1 insertion(+)
To github.com:DataRobot333/GoldTracker.git
   e41718a..a17e9d2  main -> main
saved: ['2026/09/15 03:16:31', 23220000, 231800, 268230, 63600, 4288]
[main 5b6aad5] update csv
 1 file changed, 1 insertion(+)
To github.com:DataRobot333/GoldTracker.git
   a17e9d2..5b6aad5  main -> main
saved: ['2026/09/15 03:20:31', 23220000, 231800, 268230, 63600, 4288]
[main 2194471] update csv
 1 file changed, 1 insertion(+)
To github.com:DataRobot333/GoldTracker.git
   5b6aad5..2194471  main -> main
saved: ['2026/09/15 03:24:31', 23220000, 231800, 268230, 63600, 4287]
[main 3ed6723] update csv
 1 file changed, 1 insertion(+)
To github.com:DataRobot333/GoldTracker.git
   2194471..3ed6723  main -> main
saved: ['2026/09/15 03:28:32', 23220000, 231800, 268230, 63600, 4288]
[main 01a5973] update csv
 1 file changed, 1 insertion(+)
To github.com:DataRobot333/GoldTracker.git
   3ed6723..01a5973  main -> main
saved: ['2026/09/15 03:32:31', 23220000, 231800, 268230, 63600, 4288]
[main d296fc3] update csv
 1 file changed, 1 insertion(+)
To github.com:DataRobot333/GoldTracker.git
   01a5973..d296fc3  main -> main
saved: ['2026/09/15 03:36:31', 23220000, 231800, 268230, 63600, 4285]
[main 4f47297] update csv
 1 file changed, 1 insertion(+)
To github.com:DataRobot333/GoldTracker.git
   d296fc3..4f47297  main -> main
saved: ['2026/09/15 03:40:31', 23220000, 231800, 268230, 63600, 4287]
[main f0359a4] update csv
 1 file changed, 1 insertion(+)
To github.com:DataRobot333/GoldTracker.git
   4f47297..f0359a4  main -> main
saved: ['2026/09/15 03:44:31', 23220000, 231800, 268230, 63600, 4285]
[main 32dfb2d] update csv
 1 file changed, 1 insertion(+)
To github.com:DataRobot333/GoldTracker.git
   f0359a4..32dfb2d  main -> main
saved: ['2026/09/15 03:48:31', 23220000, 231800, 268230, 63600, 4287]
[main 14c4cf3] update csv
 1 file changed, 1 insertion(+)
To github.com:DataRobot333/GoldTracker.git
   32dfb2d..14c4cf3  main -> main
saved: ['2026/09/15 03:52:32', 23220000, 231800, 268230, 63600, 4285]
[main 4dbd56d] update csv
 1 file changed, 1 insertion(+)
To github.com:DataRobot333/GoldTracker.git
   14c4cf3..4dbd56d  main -> main
saved: ['2026/09/15 03:56:32', 23220000, 231800, 268230, 63600, 4286]
[main 096b598] update csv
 1 file changed, 1 insertion(+)
To github.com:DataRobot333/GoldTracker.git
   4dbd56d..096b598  main -> main
saved: ['2026/09/15 04:00:32', 23220000, 231800, 268230, 63600, 4287]
[main db53ce9] update csv
 1 file changed, 1 insertion(+)
To github.com:DataRobot333/GoldTracker.git
   096b598..db53ce9  main -> main
saved: ['2026/09/15 04:04:32', 23220000, 231800, 268230, 63600, 4285]
[main 584827c] update csv
 1 file changed, 1 insertion(+)
To github.com:DataRobot333/GoldTracker.git
   db53ce9..584827c  main -> main
saved: ['2026/09/15 04:08:32', 23220000, 231800, 268230, 63600, 4287]
[main 4091345] update csv
 1 file changed, 1 insertion(+)
To github.com:DataRobot333/GoldTracker.git
   584827c..4091345  main -> main
saved: ['2026/09/15 04:12:32', 23220000, 231800, 268230, 63600, 4291]
[main 23c57f3] update csv
 1 file changed, 1 insertion(+)
To github.com:DataRobot333/GoldTracker.git
   4091345..23c57f3  main -> main
saved: ['2026/09/15 04:16:32', 23220000, 231800, 268230, 63600, 4293]
[main 77fdda2] update csv
 1 file changed, 1 insertion(+)
To github.com:DataRobot333/GoldTracker.git
   23c57f3..77fdda2  main -> main
saved: ['2026/09/15 04:20:31', 23220000, 231800, 268230, 63600, 4294]
[main c3d144a] update csv
 1 file changed, 1 insertion(+)
To github.com:DataRobot333/GoldTracker.git
   77fdda2..c3d144a  main -> main
saved: ['2026/09/15 04:24:31', 23220000, 231800, 268230, 63600, 4295]
[main dc70046] update csv
 1 file changed, 1 insertion(+)
To github.com:DataRobot333/GoldTracker.git
   c3d144a..dc70046  main -> main
saved: ['2026/09/15 04:28:32', 23220000, 231800, 268230, 63600, 4294]
[main 58d4e60] update csv
 1 file changed, 1 insertion(+)
To github.com:DataRobot333/GoldTracker.git
   dc70046..58d4e60  main -> main
saved: ['2026/09/15 04:32:32', 23220000, 231800, 268230, 63600, 4292]
[main d20aaad] update csv
 1 file changed, 1 insertion(+)
To github.com:DataRobot333/GoldTracker.git
   58d4e60..d20aaad  main -> main
saved: ['2026/09/15 04:36:31', 23220000, 231800, 268230, 63600, 4297]
[main caff4a4] update csv
 1 file changed, 1 insertion(+)
To github.com:DataRobot333/GoldTracker.git
   d20aaad..caff4a4  main -> main
saved: ['2026/09/15 04:40:31', 23220000, 231800, 268230, 63600, 4294]
[main 90d958c] update csv
 1 file changed, 1 insertion(+)
To github.com:DataRobot333/GoldTracker.git
   caff4a4..90d958c  main -> main
saved: ['2026/09/15 04:44:31', 23220000, 231800, 268230, 63600, 4297]
[main b9a2985] update csv
 1 file changed, 1 insertion(+)
To github.com:DataRobot333/GoldTracker.git
   90d958c..b9a2985  main -> main
saved: ['2026/09/15 04:48:31', 23220000, 231800, 268230, 63600, 4301]
[main aff260e] update csv
 1 file changed, 1 insertion(+)
To github.com:DataRobot333/GoldTracker.git
   b9a2985..aff260e  main -> main
saved: ['2026/09/15 04:52:32', 23220000, 231800, 268230, 63600, 4303]
[main c2608ef] update csv
 1 file changed, 1 insertion(+)
To github.com:DataRobot333/GoldTracker.git
   aff260e..c2608ef  main -> main
saved: ['2026/09/15 04:56:32', 23220000, 231800, 268230, 63600, 4301]
[main 98b1262] update csv
 1 file changed, 1 insertion(+)
To github.com:DataRobot333/GoldTracker.git
   c2608ef..98b1262  main -> main
saved: ['2026/09/15 05:00:32', 23220000, 231800, 268230, 63600, 4301]
[main cd661c7] update csv
 1 file changed, 1 insertion(+)
To github.com:DataRobot333/GoldTracker.git
   98b1262..cd661c7  main -> main
saved: ['2026/09/15 05:04:31', 23220000, 231800, 268230, 63600, 4305]
[main 2698e8a] update csv
 1 file changed, 1 insertion(+)
To github.com:DataRobot333/GoldTracker.git
   cd661c7..2698e8a  main -> main
saved: ['2026/09/15 05:08:31', 23220000, 231800, 268230, 63600, 4298]
[main b224cc4] update csv
 1 file changed, 1 insertion(+)
To github.com:DataRobot333/GoldTracker.git
   2698e8a..b224cc4  main -> main
saved: ['2026/09/15 05:12:31', 23220000, 231800, 268230, 63600, 4297]
[main 674888c] update csv
 1 file changed, 1 insertion(+)
To github.com:DataRobot333/GoldTracker.git
   b224cc4..674888c  main -> main
saved: ['2026/09/15 05:16:31', 23220000, 231800, 268230, 63600, 4298]
[main b495f29] update csv
 1 file changed, 1 insertion(+)
To github.com:DataRobot333/GoldTracker.git
   674888c..b495f29  main -> main
saved: ['2026/09/15 05:20:31', 23220000, 231800, 268230, 63600, 4300]
[main b1a0b41] update csv
 1 file changed, 1 insertion(+)
To github.com:DataRobot333/GoldTracker.git
   b495f29..b1a0b41  main -> main
saved: ['2026/09/15 05:24:31', 23220000, 231800, 268230, 63600, 4297]
[main d728e1e] update csv
 1 file changed, 1 insertion(+)
To github.com:DataRobot333/GoldTracker.git
   b1a0b41..d728e1e  main -> main
saved: ['2026/09/15 05:28:31', 23220000, 231800, 268230, 63600, 4301]
[main b765eb5] update csv
 1 file changed, 1 insertion(+)
To github.com:DataRobot333/GoldTracker.git
   d728e1e..b765eb5  main -> main
saved: ['2026/09/15 05:32:31', 23220000, 231800, 268230, 63600, 4307]
[main a0e2792] update csv
 1 file changed, 1 insertion(+)
To github.com:DataRobot333/GoldTracker.git
   b765eb5..a0e2792  main -> main
saved: ['2026/09/15 05:36:31', 23220000, 231800, 268230, 63600, 4307]
[main 859d357] update csv
 1 file changed, 1 insertion(+)
To github.com:DataRobot333/GoldTracker.git
   a0e2792..859d357  main -> main
saved: ['2026/09/15 05:40:31', 23220000, 231800, 268230, 63600, 4308]
[main e2f0acb] update csv
 1 file changed, 1 insertion(+)
To github.com:DataRobot333/GoldTracker.git
   859d357..e2f0acb  main -> main
saved: ['2026/09/15 05:44:31', 23220000, 231800, 268230, 63600, 4306]
[main 5f5e859] update csv
 1 file changed, 1 insertion(+)
To github.com:DataRobot333/GoldTracker.git
   e2f0acb..5f5e859  main -> main
saved: ['2026/09/15 05:48:31', 23220000, 231800, 268230, 63600, 4306]
[main c7a109e] update csv
 1 file changed, 1 insertion(+)
To github.com:DataRobot333/GoldTracker.git
   5f5e859..c7a109e  main -> main
saved: ['2026/09/15 05:52:32', 23220000, 231800, 268230, 63600, 4307]
[main 05917ec] update csv
 1 file changed, 1 insertion(+)
To github.com:DataRobot333/GoldTracker.git
   c7a109e..05917ec  main -> main
saved: ['2026/09/15 05:56:31', 23220000, 231800, 268230, 63600, 4308]
[main 997b134] update csv
 1 file changed, 1 insertion(+)
To github.com:DataRobot333/GoldTracker.git
   05917ec..997b134  main -> main
saved: ['2026/09/15 06:00:31', 23220000, 231800, 268230, 63600, 4309]
[main 1ca1992] update csv
 1 file changed, 1 insertion(+)
To github.com:DataRobot333/GoldTracker.git
   997b134..1ca1992  main -> main
saved: ['2026/09/15 06:04:32', 23220000, 231800, 268230, 63600, 4310]
[main bb78255] update csv
 1 file changed, 1 insertion(+)
To github.com:DataRobot333/GoldTracker.git
   1ca1992..bb78255  main -> main
saved: ['2026/09/15 06:08:32', 23220000, 231800, 268230, 63600, 4312]
[main 160ff29] update csv
 1 file changed, 1 insertion(+)
To github.com:DataRobot333/GoldTracker.git
   bb78255..160ff29  main -> main
saved: ['2026/09/15 06:12:31', 23220000, 231800, 268230, 63600, 4315]
[main cd6bbbc] update csv
 1 file changed, 1 insertion(+)
To github.com:DataRobot333/GoldTracker.git
   160ff29..cd6bbbc  main -> main
saved: ['2026/09/15 06:16:31', 23220000, 231800, 268230, 63600, 4312]
[main b07700f] update csv
 1 file changed, 1 insertion(+)
To github.com:DataRobot333/GoldTracker.git
   cd6bbbc..b07700f  main -> main
saved: ['2026/09/15 06:20:31', 23220000, 231800, 268230, 63600, 4316]
[main be98606] update csv
 1 file changed, 1 insertion(+)
To github.com:DataRobot333/GoldTracker.git
   b07700f..be98606  main -> main
saved: ['2026/09/15 06:24:31', 23220000, 231800, 268230, 63600, 4313]
[main a6f31f7] update csv
 1 file changed, 1 insertion(+)
To github.com:DataRobot333/GoldTracker.git
   be98606..a6f31f7  main -> main
saved: ['2026/09/15 06:28:31', 23220000, 231800, 268230, 63600, 4312]
[main 716842c] update csv
 1 file changed, 1 insertion(+)
To github.com:DataRobot333/GoldTracker.git
   a6f31f7..716842c  main -> main
saved: ['2026/09/15 06:32:31', 23220000, 231800, 268230, 63600, 4311]
[main ed0cda0] update csv
 1 file changed, 1 insertion(+)
To github.com:DataRobot333/GoldTracker.git
   716842c..ed0cda0  main -> main
saved: ['2026/09/15 06:36:31', 23220000, 231800, 268230, 63600, 4312]
[main a5f25db] update csv
 1 file changed, 1 insertion(+)
To github.com:DataRobot333/GoldTracker.git
   ed0cda0..a5f25db  main -> main
saved: ['2026/09/15 06:40:31', 23220000, 231800, 268230, 63600, 4314]
[main c084eb2] update csv
 1 file changed, 1 insertion(+)
To github.com:DataRobot333/GoldTracker.git
   a5f25db..c084eb2  main -> main
saved: ['2026/09/15 06:44:32', 23220000, 231800, 268230, 63600, 4311]
[main f0b0339] update csv
 1 file changed, 1 insertion(+)
To github.com:DataRobot333/GoldTracker.git
   c084eb2..f0b0339  main -> main
saved: ['2026/09/15 06:48:32', 23220000, 231800, 268230, 63600, 4312]
[main afa2491] update csv
 1 file changed, 1 insertion(+)
To github.com:DataRobot333/GoldTracker.git
   f0b0339..afa2491  main -> main
saved: ['2026/09/15 06:52:32', 23220000, 231800, 268230, 63600, 4312]
[main 162853b] update csv
 1 file changed, 1 insertion(+)
To github.com:DataRobot333/GoldTracker.git
   afa2491..162853b  main -> main
saved: ['2026/09/15 06:56:32', 23220000, 231800, 268230, 63600, 4310]
[main cfb14cb] update csv
 1 file changed, 1 insertion(+)
To github.com:DataRobot333/GoldTracker.git
   162853b..cfb14cb  main -> main
saved: ['2026/09/15 07:00:31', 23220000, 231800, 268230, 63600, 4312]
[main 268c400] update csv
 1 file changed, 1 insertion(+)
To github.com:DataRobot333/GoldTracker.git
   cfb14cb..268c400  main -> main
saved: ['2026/09/15 07:04:31', 23220000, 231800, 268230, 63600, 4312]
[main 2ba232e] update csv
 1 file changed, 1 insertion(+)
To github.com:DataRobot333/GoldTracker.git
   268c400..2ba232e  main -> main
saved: ['2026/09/15 07:08:31', 23220000, 231800, 268230, 63600, 4311]
[main 0b008db] update csv
 1 file changed, 1 insertion(+)
To github.com:DataRobot333/GoldTracker.git
   2ba232e..0b008db  main -> main
saved: ['2026/09/15 07:12:31', 23220000, 231800, 268230, 63600, 4309]
[main cfa96cb] update csv
 1 file changed, 1 insertion(+)
To github.com:DataRobot333/GoldTracker.git
   0b008db..cfa96cb  main -> main
saved: ['2026/09/15 07:16:31', 23220000, 231800, 268230, 63600, 4308]
[main dffa145] update csv
 1 file changed, 1 insertion(+)
To github.com:DataRobot333/GoldTracker.git
   cfa96cb..dffa145  main -> main
saved: ['2026/09/15 07:20:32', 23220000, 231800, 268230, 63600, 4308]
[main f4dcacc] update csv
 1 file changed, 1 insertion(+)
To github.com:DataRobot333/GoldTracker.git
   dffa145..f4dcacc  main -> main
saved: ['2026/09/15 07:24:31', 23220000, 231800, 268230, 63600, 4304]
[main 270c4cd] update csv
 1 file changed, 1 insertion(+)
To github.com:DataRobot333/GoldTracker.git
   f4dcacc..270c4cd  main -> main
saved: ['2026/09/15 07:28:31', 23220000, 231800, 268230, 63600, 4304]
[main cbdd2b9] update csv
 1 file changed, 1 insertion(+)
To github.com:DataRobot333/GoldTracker.git
   270c4cd..cbdd2b9  main -> main
saved: ['2026/09/15 07:32:31', 23220000, 231800, 268230, 63600, 4303]
[main d64ead3] update csv
 1 file changed, 1 insertion(+)
To github.com:DataRobot333/GoldTracker.git
   cbdd2b9..d64ead3  main -> main
saved: ['2026/09/15 07:36:31', 23220000, 231800, 268230, 63600, 4303]
[main 66e0f59] update csv
 1 file changed, 1 insertion(+)
To github.com:DataRobot333/GoldTracker.git
   d64ead3..66e0f59  main -> main
saved: ['2026/09/15 07:40:31', 23220000, 231800, 268230, 63600, 4305]
[main d1abc93] update csv
 1 file changed, 1 insertion(+)
To github.com:DataRobot333/GoldTracker.git
   66e0f59..d1abc93  main -> main
saved: ['2026/09/15 07:44:31', 23220000, 231800, 268230, 63600, 4307]
[main d4acc08] update csv
 1 file changed, 1 insertion(+)
To github.com:DataRobot333/GoldTracker.git
   d1abc93..d4acc08  main -> main
saved: ['2026/09/15 07:48:31', 23220000, 231800, 268230, 63600, 4306]
[main 031a9ad] update csv
 1 file changed, 1 insertion(+)
To github.com:DataRobot333/GoldTracker.git
   d4acc08..031a9ad  main -> main
saved: ['2026/09/15 07:52:32', 23220000, 231800, 268230, 63600, 4304]
[main 3fd9f08] update csv
 1 file changed, 1 insertion(+)
To github.com:DataRobot333/GoldTracker.git
   031a9ad..3fd9f08  main -> main
saved: ['2026/09/15 07:56:32', 23220000, 231800, 268230, 63600, 4303]
[main 8b2ced2] update csv
 1 file changed, 1 insertion(+)
To github.com:DataRobot333/GoldTracker.git
   3fd9f08..8b2ced2  main -> main
saved: ['2026/09/15 08:00:32', 23220000, 231800, 268230, 63600, 4303]
[main 404d05f] update csv
 1 file changed, 1 insertion(+)
To github.com:DataRobot333/GoldTracker.git
   8b2ced2..404d05f  main -> main
saved: ['2026/09/15 08:04:32', 23220000, 231800, 268230, 63600, 4303]
[main f674f00] update csv
 1 file changed, 1 insertion(+)
To github.com:DataRobot333/GoldTracker.git
   404d05f..f674f00  main -> main
saved: ['2026/09/15 08:08:32', 23220000, 231800, 268230, 63600, 4301]
[main 791c695] update csv
 1 file changed, 1 insertion(+)
To github.com:DataRobot333/GoldTracker.git
   f674f00..791c695  main -> main
saved: ['2026/09/15 08:12:32', 23220000, 231800, 268230, 63600, 4305]
[main c41369c] update csv
 1 file changed, 1 insertion(+)
To github.com:DataRobot333/GoldTracker.git
   791c695..c41369c  main -> main
saved: ['2026/09/15 08:16:32', 23220000, 231800, 268230, 63600, 4304]
[main 402c465] update csv
 1 file changed, 1 insertion(+)
To github.com:DataRobot333/GoldTracker.git
   c41369c..402c465  main -> main
saved: ['2026/09/15 08:20:32', 23220000, 231800, 268230, 63600, 4306]
[main 757218f] update csv
 1 file changed, 1 insertion(+)
To github.com:DataRobot333/GoldTracker.git
   402c465..757218f  main -> main
saved: ['2026/09/15 08:24:31', 23220000, 231800, 268230, 63600, 4305]
[main a318514] update csv
 1 file changed, 1 insertion(+)
To github.com:DataRobot333/GoldTracker.git
   757218f..a318514  main -> main
saved: ['2026/09/15 08:28:31', 23220000, 231800, 268230, 63600, 4307]
[main 09ae3a9] update csv
 1 file changed, 1 insertion(+)
To github.com:DataRobot333/GoldTracker.git
   a318514..09ae3a9  main -> main
saved: ['2026/09/15 08:32:31', 23220000, 231800, 268230, 63600, 4306]
[main 1374f49] update csv
 1 file changed, 1 insertion(+)
To github.com:DataRobot333/GoldTracker.git
   09ae3a9..1374f49  main -> main
saved: ['2026/09/15 08:36:31', 23220000, 231800, 268230, 63600, 4303]
[main 39e8bbf] update csv
 1 file changed, 1 insertion(+)
To github.com:DataRobot333/GoldTracker.git
   1374f49..39e8bbf  main -> main
saved: ['2026/09/15 08:40:31', 23220000, 231800, 268230, 63600, 4302]
[main fb472a7] update csv
 1 file changed, 1 insertion(+)
To github.com:DataRobot333/GoldTracker.git
   39e8bbf..fb472a7  main -> main
saved: ['2026/09/15 08:44:31', 23220000, 231800, 268230, 63600, 4301]
[main 244e3b6] update csv
 1 file changed, 1 insertion(+)
To github.com:DataRobot333/GoldTracker.git
   fb472a7..244e3b6  main -> main
saved: ['2026/09/15 08:48:31', 23220000, 231800, 268230, 63600, 4299]
[main 25acbd8] update csv
 1 file changed, 1 insertion(+)
To github.com:DataRobot333/GoldTracker.git
   244e3b6..25acbd8  main -> main
saved: ['2026/09/15 08:52:31', 23220000, 231800, 268230, 63600, 4300]
[main 86405ac] update csv
 1 file changed, 1 insertion(+)
To github.com:DataRobot333/GoldTracker.git
   25acbd8..86405ac  main -> main
saved: ['2026/09/15 08:56:31', 23220000, 231800, 268230, 63600, 4297]
[main 20f7fcc] update csv
 1 file changed, 1 insertion(+)
To github.com:DataRobot333/GoldTracker.git
   86405ac..20f7fcc  main -> main
saved: ['2026/09/15 09:00:31', 23220000, 231800, 268230, 63600, 4298]
[main f82794c] update csv
 1 file changed, 1 insertion(+)
To github.com:DataRobot333/GoldTracker.git
   20f7fcc..f82794c  main -> main
saved: ['2026/09/15 09:04:31', 23220000, 231800, 268230, 63600, 4294]
[main 0dc8012] update csv
 1 file changed, 1 insertion(+)
To github.com:DataRobot333/GoldTracker.git
   f82794c..0dc8012  main -> main
saved: ['2026/09/15 09:08:31', 23220000, 231800, 268230, 63600, 4293]
[main 6054b39] update csv
 1 file changed, 1 insertion(+)
To github.com:DataRobot333/GoldTracker.git
   0dc8012..6054b39  main -> main
saved: ['2026/09/15 09:12:31', 23220000, 231800, 268230, 63600, 4296]
[main 9cc8a44] update csv
 1 file changed, 1 insertion(+)
To github.com:DataRobot333/GoldTracker.git
   6054b39..9cc8a44  main -> main
saved: ['2026/09/15 09:16:32', 23260000, 231800, 268230, 63600, 4298]
[main e812860] update csv
 1 file changed, 1 insertion(+)
To github.com:DataRobot333/GoldTracker.git
   9cc8a44..e812860  main -> main
saved: ['2026/09/15 09:20:31', 23260000, 231800, 268230, 63000, 4298]
[main 6413cf1] update csv
 1 file changed, 1 insertion(+)
To github.com:DataRobot333/GoldTracker.git
   e812860..6413cf1  main -> main
saved: ['2026/09/15 09:24:31', 23260000, 231800, 268230, 63000, 4298]
[main 7abd3f8] update csv
 1 file changed, 1 insertion(+)
To github.com:DataRobot333/GoldTracker.git
   6413cf1..7abd3f8  main -> main
saved: ['2026/09/15 09:28:31', 23260000, 231800, 268230, 63000, 4298]
[main 8aae03d] update csv
 1 file changed, 1 insertion(+)
To github.com:DataRobot333/GoldTracker.git
   7abd3f8..8aae03d  main -> main
saved: ['2026/09/15 09:32:31', 23260000, 231800, 268230, 63000, 4293]
[main 0f347e5] update csv
 1 file changed, 1 insertion(+)
To github.com:DataRobot333/GoldTracker.git
   8aae03d..0f347e5  main -> main
saved: ['2026/09/15 09:36:31', 23260000, 231800, 268230, 63000, 4290]
[main c0695db] update csv
 1 file changed, 1 insertion(+)
To github.com:DataRobot333/GoldTracker.git
   0f347e5..c0695db  main -> main
saved: ['2026/09/15 09:40:31', 23260000, 231800, 268230, 63000, 4286]
[main 955df71] update csv
 1 file changed, 1 insertion(+)
To github.com:DataRobot333/GoldTracker.git
   c0695db..955df71  main -> main
saved: ['2026/09/15 09:44:31', 23260000, 231800, 268230, 63000, 4286]
[main 822cae7] update csv
 1 file changed, 1 insertion(+)
To github.com:DataRobot333/GoldTracker.git
   955df71..822cae7  main -> main
saved: ['2026/09/15 09:48:31', 23290000, 231800, 268230, 63000, 4291]
[main 46ef2ca] update csv
 1 file changed, 1 insertion(+)
To github.com:DataRobot333/GoldTracker.git
   822cae7..46ef2ca  main -> main
saved: ['2026/09/15 09:52:32', 23290000, 231800, 268230, 63000, 4289]
[main f4b82a2] update csv
 1 file changed, 1 insertion(+)
To github.com:DataRobot333/GoldTracker.git
   46ef2ca..f4b82a2  main -> main
saved: ['2026/09/15 09:56:32', 23290000, 231800, 268230, 63000, 4289]
[main eeb34a8] update csv
 1 file changed, 1 insertion(+)
To github.com:DataRobot333/GoldTracker.git
   f4b82a2..eeb34a8  main -> main
saved: ['2026/09/15 10:00:32', 23290000, 231800, 268230, 63000, 4290]
[main b6b30f9] update csv
 1 file changed, 1 insertion(+)
To github.com:DataRobot333/GoldTracker.git
   eeb34a8..b6b30f9  main -> main
saved: ['2026/09/15 10:04:31', 23290000, 231800, 268230, 63000, 4287]
[main cbdf891] update csv
 1 file changed, 1 insertion(+)
To github.com:DataRobot333/GoldTracker.git
   b6b30f9..cbdf891  main -> main
saved: ['2026/09/15 10:08:31', 23290000, 231800, 268230, 63000, 4287]
[main ee509c7] update csv
 1 file changed, 1 insertion(+)
To github.com:DataRobot333/GoldTracker.git
   cbdf891..ee509c7  main -> main
saved: ['2026/09/15 10:12:47', 23260000, 231800, 268230, 63000, 4290]
[main 9fe4ce3] update csv
 1 file changed, 1 insertion(+)
To github.com:DataRobot333/GoldTracker.git
   ee509c7..9fe4ce3  main -> main
saved: ['2026/09/15 10:16:32', 23260000, 231800, 268230, 63000, 4293]
[main 3b69278] update csv
 1 file changed, 1 insertion(+)
To github.com:DataRobot333/GoldTracker.git
   9fe4ce3..3b69278  main -> main
error: HTTPSConnectionPool(host='webservice.tgnsrv.ir', port=443): Max retries exceeded with url: /Pr/Get/arianjewels8797/a09302718797a (Caused by NameResolutionError("<urllib3.connection.HTTPSConnection object at 0x7f873cc590>: Failed to resolve 'webservice.tgnsrv.ir' ([Errno -3] Temporary failure in name resolution)"))
On branch main
Your branch is up to date with 'origin/main'.

Untracked files:
  (use "git add <file>..." to include in what will be committed)
	logs/
	update_github.sh

nothing added to commit but untracked files present (use "git add" to track)
ssh: Could not resolve hostname github.com: Temporary failure in name resolution
fatal: Could not read from remote repository.

Please make sure you have the correct access rights
and the repository exists.
saved: ['2026/09/15 10:24:45', 23260000, 231800, 268230, 63000, 4293]
[main bc4f6cb] update csv
 1 file changed, 1 insertion(+)
To github.com:DataRobot333/GoldTracker.git
   3b69278..bc4f6cb  main -> main
saved: ['2026/09/15 10:28:32', 23260000, 231800, 268230, 63000, 4294]
[main 9f1f53f] update csv
 1 file changed, 1 insertion(+)
To github.com:DataRobot333/GoldTracker.git
   bc4f6cb..9f1f53f  main -> main
saved: ['2026/09/15 10:32:33', 23260000, 231800, 268230, 63000, 4294]
[main dcbe2c8] update csv
 1 file changed, 1 insertion(+)
To github.com:DataRobot333/GoldTracker.git
   9f1f53f..dcbe2c8  main -> main
saved: ['2026/09/15 10:36:32', 23260000, 231800, 268230, 63000, 4292]
[main 3063118] update csv
 1 file changed, 1 insertion(+)
To github.com:DataRobot333/GoldTracker.git
   dcbe2c8..3063118  main -> main
saved: ['2026/09/15 10:40:36', 23230000, 231800, 268230, 63000, 4290]
[main 0bb170c] update csv
 1 file changed, 1 insertion(+)
To github.com:DataRobot333/GoldTracker.git
   3063118..0bb170c  main -> main
saved: ['2026/09/15 10:44:31', 23230000, 231800, 268230, 63000, 4287]
[main 7b5b360] update csv
 1 file changed, 1 insertion(+)
To github.com:DataRobot333/GoldTracker.git
   0bb170c..7b5b360  main -> main
saved: ['2026/09/15 10:48:47', 23230000, 231800, 268230, 63000, 4290]
[main d3e89ac] update csv
 1 file changed, 1 insertion(+)
To github.com:DataRobot333/GoldTracker.git
   7b5b360..d3e89ac  main -> main
saved: ['2026/09/15 10:52:32', 23230000, 231800, 268230, 63000, 4290]
[main 7af0766] update csv
 1 file changed, 1 insertion(+)
To github.com:DataRobot333/GoldTracker.git
   d3e89ac..7af0766  main -> main
saved: ['2026/09/15 10:56:32', 23230000, 231800, 268230, 63000, 4288]
[main ed99807] update csv
 1 file changed, 1 insertion(+)
ssh: Could not resolve hostname github.com: Temporary failure in name resolution
fatal: Could not read from remote repository.

Please make sure you have the correct access rights
and the repository exists.
saved: ['2026/09/15 11:00:31', 23230000, 231800, 268230, 63000, 4290]
[main 850860a] update csv
 1 file changed, 1 insertion(+)
To github.com:DataRobot333/GoldTracker.git
   7af0766..850860a  main -> main
saved: ['2026/09/15 11:04:32', 23230000, 232300, 268450, 63000, 4290]
[main ddc361c] update csv
 1 file changed, 1 insertion(+)
To github.com:DataRobot333/GoldTracker.git
   850860a..ddc361c  main -> main
saved: ['2026/09/15 11:08:41', 23230000, 232280, 268480, 63000, 4287]
[main b6853da] update csv
 1 file changed, 1 insertion(+)
To github.com:DataRobot333/GoldTracker.git
   ddc361c..b6853da  main -> main
saved: ['2026/09/15 11:12:41', 23230000, 232320, 268480, 63000, 4284]
[main 03d3d83] update csv
 1 file changed, 1 insertion(+)
To github.com:DataRobot333/GoldTracker.git
   b6853da..03d3d83  main -> main
error: HTTPSConnectionPool(host='webservice.tgnsrv.ir', port=443): Max retries exceeded with url: /Pr/Get/arianjewels8797/a09302718797a (Caused by NameResolutionError("<urllib3.connection.HTTPSConnection object at 0x7f8fdfc590>: Failed to resolve 'webservice.tgnsrv.ir' ([Errno -3] Temporary failure in name resolution)"))
On branch main
Your branch is up to date with 'origin/main'.

Untracked files:
  (use "git add <file>..." to include in what will be committed)
	logs/
	update_github.sh

nothing added to commit but untracked files present (use "git add" to track)
ssh: Could not resolve hostname github.com: Temporary failure in name resolution
fatal: Could not read from remote repository.

Please make sure you have the correct access rights
and the repository exists.
error: HTTPSConnectionPool(host='webservice.tgnsrv.ir', port=443): Max retries exceeded with url: /Pr/Get/arianjewels8797/a09302718797a (Caused by NameResolutionError("<urllib3.connection.HTTPSConnection object at 0x7f8b63c590>: Failed to resolve 'webservice.tgnsrv.ir' ([Errno -3] Temporary failure in name resolution)"))
On branch main
Your branch is up to date with 'origin/main'.

Untracked files:
  (use "git add <file>..." to include in what will be committed)
	logs/
	update_github.sh

nothing added to commit but untracked files present (use "git add" to track)
ssh: Could not resolve hostname github.com: Temporary failure in name resolution
fatal: Could not read from remote repository.

Please make sure you have the correct access rights
and the repository exists.
error: HTTPSConnectionPool(host='webservice.tgnsrv.ir', port=443): Max retries exceeded with url: /Pr/Get/arianjewels8797/a09302718797a (Caused by NameResolutionError("<urllib3.connection.HTTPSConnection object at 0x7f8345c590>: Failed to resolve 'webservice.tgnsrv.ir' ([Errno -3] Temporary failure in name resolution)"))
On branch main
Your branch is up to date with 'origin/main'.

Untracked files:
  (use "git add <file>..." to include in what will be committed)
	logs/
	update_github.sh

nothing added to commit but untracked files present (use "git add" to track)
ssh: Could not resolve hostname github.com: Temporary failure in name resolution
fatal: Could not read from remote repository.

Please make sure you have the correct access rights
and the repository exists.
error: HTTPSConnectionPool(host='webservice.tgnsrv.ir', port=443): Max retries exceeded with url: /Pr/Get/arianjewels8797/a09302718797a (Caused by NameResolutionError("<urllib3.connection.HTTPSConnection object at 0x7f8b9fc590>: Failed to resolve 'webservice.tgnsrv.ir' ([Errno -3] Temporary failure in name resolution)"))
On branch main
Your branch is up to date with 'origin/main'.

Untracked files:
  (use "git add <file>..." to include in what will be committed)
	logs/
	update_github.sh

nothing added to commit but untracked files present (use "git add" to track)
ssh: Could not resolve hostname github.com: Temporary failure in name resolution
fatal: Could not read from remote repository.

Please make sure you have the correct access rights
and the repository exists.
error: HTTPSConnectionPool(host='webservice.tgnsrv.ir', port=443): Max retries exceeded with url: /Pr/Get/arianjewels8797/a09302718797a (Caused by NameResolutionError("<urllib3.connection.HTTPSConnection object at 0x7fb250c590>: Failed to resolve 'webservice.tgnsrv.ir' ([Errno -3] Temporary failure in name resolution)"))
On branch main
Your branch is up to date with 'origin/main'.

Untracked files:
  (use "git add <file>..." to include in what will be committed)
	logs/
	update_github.sh

nothing added to commit but untracked files present (use "git add" to track)
ssh: Could not resolve hostname github.com: Temporary failure in name resolution
fatal: Could not read from remote repository.

Please make sure you have the correct access rights
and the repository exists.
error: HTTPSConnectionPool(host='webservice.tgnsrv.ir', port=443): Max retries exceeded with url: /Pr/Get/arianjewels8797/a09302718797a (Caused by NameResolutionError("<urllib3.connection.HTTPSConnection object at 0x7f982ac590>: Failed to resolve 'webservice.tgnsrv.ir' ([Errno -3] Temporary failure in name resolution)"))
On branch main
Your branch is up to date with 'origin/main'.

Untracked files:
  (use "git add <file>..." to include in what will be committed)
	logs/
	update_github.sh

nothing added to commit but untracked files present (use "git add" to track)
ssh: Could not resolve hostname github.com: Temporary failure in name resolution
fatal: Could not read from remote repository.

Please make sure you have the correct access rights
and the repository exists.
saved: ['2026/09/15 11:40:31', 23260000, 231675, 267160, 63000, 4265]
[main 8e56e1c] update csv
 1 file changed, 1 insertion(+)
To github.com:DataRobot333/GoldTracker.git
   03d3d83..8e56e1c  main -> main
error: HTTPSConnectionPool(host='webservice.tgnsrv.ir', port=443): Max retries exceeded with url: /Pr/Get/arianjewels8797/a09302718797a (Caused by NameResolutionError("<urllib3.connection.HTTPSConnection object at 0x7fbc07c590>: Failed to resolve 'webservice.tgnsrv.ir' ([Errno -3] Temporary failure in name resolution)"))
On branch main
Your branch is up to date with 'origin/main'.

Untracked files:
  (use "git add <file>..." to include in what will be committed)
	logs/
	update_github.sh

nothing added to commit but untracked files present (use "git add" to track)
ssh: Could not resolve hostname github.com: Temporary failure in name resolution
fatal: Could not read from remote repository.

Please make sure you have the correct access rights
and the repository exists.
error: HTTPSConnectionPool(host='webservice.tgnsrv.ir', port=443): Max retries exceeded with url: /Pr/Get/arianjewels8797/a09302718797a (Caused by NameResolutionError("<urllib3.connection.HTTPSConnection object at 0x7f9bebc590>: Failed to resolve 'webservice.tgnsrv.ir' ([Errno -3] Temporary failure in name resolution)"))
On branch main
Your branch is up to date with 'origin/main'.

Untracked files:
  (use "git add <file>..." to include in what will be committed)
	logs/
	update_github.sh

nothing added to commit but untracked files present (use "git add" to track)
ssh: Could not resolve hostname github.com: Temporary failure in name resolution
fatal: Could not read from remote repository.

Please make sure you have the correct access rights
and the repository exists.
saved: ['2026/09/15 11:52:31', 23030000, 231970, 267460, 63000, 4273]
[main 6d4517c] update csv
 1 file changed, 1 insertion(+)
To github.com:DataRobot333/GoldTracker.git
   8e56e1c..6d4517c  main -> main
saved: ['2026/09/15 11:56:31', 23030000, 232010, 267420, 63000, 4272]
[main c2345a6] update csv
 1 file changed, 1 insertion(+)
To github.com:DataRobot333/GoldTracker.git
   6d4517c..c2345a6  main -> main
saved: ['2026/09/15 12:00:31', 23030000, 231780, 267220, 63000, 4271]
[main 928be84] update csv
 1 file changed, 1 insertion(+)
To github.com:DataRobot333/GoldTracker.git
   c2345a6..928be84  main -> main
saved: ['2026/09/15 12:04:41', 23030000, 231820, 267250, 63000, 4274]
[main b1bd040] update csv
 1 file changed, 1 insertion(+)
To github.com:DataRobot333/GoldTracker.git
   928be84..b1bd040  main -> main
saved: ['2026/09/15 12:08:36', 23110000, 231810, 267250, 63000, 4272]
[main 5de9c9a] update csv
 1 file changed, 1 insertion(+)
To github.com:DataRobot333/GoldTracker.git
   b1bd040..5de9c9a  main -> main
saved: ['2026/09/15 12:12:32', 23110000, 231995, 267410, 63000, 4270]
[main 3bb13e8] update csv
 1 file changed, 1 insertion(+)
To github.com:DataRobot333/GoldTracker.git
   5de9c9a..3bb13e8  main -> main
saved: ['2026/09/15 12:16:42', 23110000, 232000, 267470, 62800, 4267]
[main 41e81fc] update csv
 1 file changed, 1 insertion(+)
To github.com:DataRobot333/GoldTracker.git
   3bb13e8..41e81fc  main -> main
saved: ['2026/09/15 12:20:32', 23110000, 232100, 267610, 62800, 4266]
[main 18b4c23] update csv
 1 file changed, 1 insertion(+)
To github.com:DataRobot333/GoldTracker.git
   41e81fc..18b4c23  main -> main
saved: ['2026/09/15 12:24:31', 23110000, 232095, 267530, 62800, 4266]
[main 127c91a] update csv
 1 file changed, 1 insertion(+)
To github.com:DataRobot333/GoldTracker.git
   18b4c23..127c91a  main -> main
saved: ['2026/09/15 12:28:31', 23110000, 232100, 267500, 62800, 4268]
[main c5bf892] update csv
 1 file changed, 1 insertion(+)
To github.com:DataRobot333/GoldTracker.git
   127c91a..c5bf892  main -> main
saved: ['2026/09/15 12:32:32', 23110000, 232100, 267480, 62800, 4263]
[main 2873791] update csv
 1 file changed, 1 insertion(+)
To github.com:DataRobot333/GoldTracker.git
   c5bf892..2873791  main -> main
saved: ['2026/09/15 12:36:32', 23110000, 232100, 267500, 62800, 4266]
[main 9f54199] update csv
 1 file changed, 1 insertion(+)
To github.com:DataRobot333/GoldTracker.git
   2873791..9f54199  main -> main
saved: ['2026/09/15 12:40:31', 23160000, 232300, 267730, 62800, 4265]
[main 626faad] update csv
 1 file changed, 1 insertion(+)
To github.com:DataRobot333/GoldTracker.git
   9f54199..626faad  main -> main
saved: ['2026/09/15 12:44:45', 23160000, 232505, 267920, 62800, 4264]
[main 9e7b7ee] update csv
 1 file changed, 1 insertion(+)
To github.com:DataRobot333/GoldTracker.git
   626faad..9e7b7ee  main -> main
saved: ['2026/09/15 12:48:42', 23160000, 232510, 267980, 62800, 4264]
[main 2650fa5] update csv
 1 file changed, 1 insertion(+)
To github.com:DataRobot333/GoldTracker.git
   9e7b7ee..2650fa5  main -> main
saved: ['2026/09/15 12:52:31', 23160000, 232500, 267980, 62800, 4263]
[main 99da74a] update csv
 1 file changed, 1 insertion(+)
To github.com:DataRobot333/GoldTracker.git
   2650fa5..99da74a  main -> main
error: HTTPSConnectionPool(host='webservice.tgnsrv.ir', port=443): Max retries exceeded with url: /Pr/Get/arianjewels8797/a09302718797a (Caused by NameResolutionError("<urllib3.connection.HTTPSConnection object at 0x7fb53fc590>: Failed to resolve 'webservice.tgnsrv.ir' ([Errno -3] Temporary failure in name resolution)"))
On branch main
Your branch is up to date with 'origin/main'.

Untracked files:
  (use "git add <file>..." to include in what will be committed)
	logs/
	update_github.sh

nothing added to commit but untracked files present (use "git add" to track)
Everything up-to-date
saved: ['2026/09/15 13:00:36', 23160000, 232300, 267700, 62800, 4267]
[main e2a7145] update csv
 1 file changed, 1 insertion(+)
ssh: Could not resolve hostname github.com: Temporary failure in name resolution
fatal: Could not read from remote repository.

Please make sure you have the correct access rights
and the repository exists.
saved: ['2026/09/15 13:04:33', 23160000, 232710, 268170, 62800, 4265]
[main 1db085a] update csv
 1 file changed, 1 insertion(+)
To github.com:DataRobot333/GoldTracker.git
   99da74a..1db085a  main -> main
saved: ['2026/09/15 13:08:37', 23160000, 232805, 268320, 62800, 4267]
[main 5555328] update csv
 1 file changed, 1 insertion(+)
To github.com:DataRobot333/GoldTracker.git
   1db085a..5555328  main -> main
saved: ['2026/09/15 13:12:32', 23190000, 232975, 268570, 62800, 4268]
[main 5ed5cb6] update csv
 1 file changed, 1 insertion(+)
To github.com:DataRobot333/GoldTracker.git
   5555328..5ed5cb6  main -> main
saved: ['2026/09/15 13:16:43', 23190000, 232980, 268500, 62800, 4268]
[main 1d6e1b7] update csv
 1 file changed, 1 insertion(+)
To github.com:DataRobot333/GoldTracker.git
   5ed5cb6..1d6e1b7  main -> main
saved: ['2026/09/15 13:20:31', 23190000, 232610, 268360, 62800, 4272]
[main a1e7bd1] update csv
 1 file changed, 1 insertion(+)
To github.com:DataRobot333/GoldTracker.git
   1d6e1b7..a1e7bd1  main -> main
saved: ['2026/09/15 13:28:33', 23190000, 232600, 268290, 62800, 4269]
[main 1efa242] update csv
 1 file changed, 1 insertion(+)
To github.com:DataRobot333/GoldTracker.git
   a1e7bd1..1efa242  main -> main
saved: ['2026/09/15 13:32:36', 23190000, 232465, 268240, 62800, 4271]
[main 8576dd6] update csv
 1 file changed, 1 insertion(+)
To github.com:DataRobot333/GoldTracker.git
   1efa242..8576dd6  main -> main
saved: ['2026/09/15 13:36:31', 23190000, 232500, 268250, 62800, 4272]
[main d4606f8] update csv
 1 file changed, 1 insertion(+)
To github.com:DataRobot333/GoldTracker.git
   8576dd6..d4606f8  main -> main
saved: ['2026/09/15 13:40:47', 23190000, 232500, 268220, 62800, 4275]
[main cf7fd03] update csv
 1 file changed, 1 insertion(+)
ssh: Could not resolve hostname github.com: Temporary failure in name resolution
fatal: Could not read from remote repository.

Please make sure you have the correct access rights
and the repository exists.
error: ('Connection aborted.', OSError(113, 'No route to host'))
On branch main
Your branch is ahead of 'origin/main' by 1 commit.
  (use "git push" to publish your local commits)

Untracked files:
  (use "git add <file>..." to include in what will be committed)
	logs/
	update_github.sh

nothing added to commit but untracked files present (use "git add" to track)
ssh: Could not resolve hostname github.com: Temporary failure in name resolution
fatal: Could not read from remote repository.

Please make sure you have the correct access rights
and the repository exists.
saved: ['2026/09/15 13:44:31', 23190000, 232485, 268230, 62800, 4273]
[main cdb7e92] update csv
 1 file changed, 1 insertion(+)
To github.com:DataRobot333/GoldTracker.git
   d4606f8..cdb7e92  main -> main
saved: ['2026/09/15 13:48:32', 23190000, 232510, 268270, 62800, 4270]
[main 180cfee] update csv
 1 file changed, 1 insertion(+)
To github.com:DataRobot333/GoldTracker.git
   cdb7e92..180cfee  main -> main
saved: ['2026/09/15 13:52:34', 23190000, 232500, 268230, 62800, 4271]
[main aca0dc8] update csv
 1 file changed, 1 insertion(+)
To github.com:DataRobot333/GoldTracker.git
   180cfee..aca0dc8  main -> main
saved: ['2026/09/15 13:56:31', 23190000, 231885, 267560, 62800, 4274]
[main 21b51df] update csv
 1 file changed, 1 insertion(+)
To github.com:DataRobot333/GoldTracker.git
   aca0dc8..21b51df  main -> main
saved: ['2026/09/15 14:00:31', 23160000, 231860, 267560, 62800, 4274]
[main 2a560bb] update csv
 1 file changed, 1 insertion(+)
To github.com:DataRobot333/GoldTracker.git
   21b51df..2a560bb  main -> main
saved: ['2026/09/15 14:04:31', 23160000, 231880, 267590, 62800, 4274]
[main de5446b] update csv
 1 file changed, 1 insertion(+)
To github.com:DataRobot333/GoldTracker.git
   2a560bb..de5446b  main -> main
saved: ['2026/09/15 14:08:32', 23160000, 231900, 267560, 62800, 4274]
[main 10f18ac] update csv
 1 file changed, 1 insertion(+)
To github.com:DataRobot333/GoldTracker.git
   de5446b..10f18ac  main -> main
saved: ['2026/09/15 14:12:32', 23160000, 231590, 267270, 62800, 4274]
[main f511b1a] update csv
 1 file changed, 1 insertion(+)
To github.com:DataRobot333/GoldTracker.git
   10f18ac..f511b1a  main -> main
saved: ['2026/09/15 14:16:32', 23160000, 231610, 267270, 62800, 4276]
[main 54dd4ba] update csv
 1 file changed, 1 insertion(+)
To github.com:DataRobot333/GoldTracker.git
   f511b1a..54dd4ba  main -> main
saved: ['2026/09/15 14:20:36', 23160000, 231600, 267230, 62800, 4276]
[main 262d0fe] update csv
 1 file changed, 1 insertion(+)
To github.com:DataRobot333/GoldTracker.git
   54dd4ba..262d0fe  main -> main
saved: ['2026/09/15 14:24:31', 23160000, 231600, 267200, 62800, 4281]
[main a57e030] update csv
 1 file changed, 1 insertion(+)
To github.com:DataRobot333/GoldTracker.git
   262d0fe..a57e030  main -> main
saved: ['2026/09/15 14:28:34', 23160000, 231300, 266860, 62800, 4282]
[main f27c80d] update csv
 1 file changed, 1 insertion(+)
To github.com:DataRobot333/GoldTracker.git
   a57e030..f27c80d  main -> main
saved: ['2026/09/15 14:32:31', 23160000, 231300, 266850, 62800, 4281]
[main f9f537a] update csv
 1 file changed, 1 insertion(+)
To github.com:DataRobot333/GoldTracker.git
   f27c80d..f9f537a  main -> main
saved: ['2026/09/15 14:36:32', 23160000, 231300, 266820, 62800, 4279]
[main a32707c] update csv
 1 file changed, 1 insertion(+)
To github.com:DataRobot333/GoldTracker.git
   f9f537a..a32707c  main -> main
saved: ['2026/09/15 14:40:31', 23160000, 231590, 267140, 62800, 4280]
[main 4f1dcb6] update csv
 1 file changed, 1 insertion(+)
To github.com:DataRobot333/GoldTracker.git
   a32707c..4f1dcb6  main -> main
saved: ['2026/09/15 14:44:36', 23160000, 231500, 267050, 62800, 4282]
[main 5755086] update csv
 1 file changed, 1 insertion(+)
To github.com:DataRobot333/GoldTracker.git
   4f1dcb6..5755086  main -> main
saved: ['2026/09/15 14:48:32', 23160000, 231500, 267070, 62800, 4284]
[main 7d27070] update csv
 1 file changed, 1 insertion(+)
To github.com:DataRobot333/GoldTracker.git
   5755086..7d27070  main -> main
saved: ['2026/09/15 14:52:31', 23160000, 231505, 267050, 62800, 4284]
[main 2f9bb56] update csv
 1 file changed, 1 insertion(+)
To github.com:DataRobot333/GoldTracker.git
   7d27070..2f9bb56  main -> main
saved: ['2026/09/15 14:56:31', 23160000, 231465, 267130, 62800, 4283]
[main 3adf6de] update csv
 1 file changed, 1 insertion(+)
To github.com:DataRobot333/GoldTracker.git
   2f9bb56..3adf6de  main -> main
saved: ['2026/09/15 15:00:32', 23160000, 231300, 266910, 62800, 4283]
[main 6b33345] update csv
 1 file changed, 1 insertion(+)
To github.com:DataRobot333/GoldTracker.git
   3adf6de..6b33345  main -> main
saved: ['2026/09/15 15:04:31', 23160000, 231295, 266910, 62800, 4282]
[main e43ffdf] update csv
 1 file changed, 1 insertion(+)
ssh: Could not resolve hostname github.com: Temporary failure in name resolution
fatal: Could not read from remote repository.

Please make sure you have the correct access rights
and the repository exists.
saved: ['2026/09/15 15:08:31', 23160000, 231260, 266920, 62800, 4282]
[main 6f03676] update csv
 1 file changed, 1 insertion(+)
kex_exchange_identification: read: Connection reset by peer
Connection reset by 140.82.121.3 port 22
fatal: Could not read from remote repository.

Please make sure you have the correct access rights
and the repository exists.
saved: ['2026/09/15 15:12:38', 23160000, 231290, 266960, 62800, 4281]
[main 351bb47] update csv
 1 file changed, 1 insertion(+)
To github.com:DataRobot333/GoldTracker.git
   6b33345..351bb47  main -> main
saved: ['2026/09/15 15:16:31', 23160000, 231065, 266750, 62800, 4284]
[main e2b33c6] update csv
 1 file changed, 1 insertion(+)
To github.com:DataRobot333/GoldTracker.git
   351bb47..e2b33c6  main -> main
saved: ['2026/09/15 15:20:31', 23160000, 230870, 266500, 62800, 4284]
[main 04fc729] update csv
 1 file changed, 1 insertion(+)
To github.com:DataRobot333/GoldTracker.git
   e2b33c6..04fc729  main -> main
saved: ['2026/09/15 15:24:31', 23160000, 230900, 266450, 62800, 4283]
[main 7a2ba22] update csv
 1 file changed, 1 insertion(+)
To github.com:DataRobot333/GoldTracker.git
   04fc729..7a2ba22  main -> main
saved: ['2026/09/15 15:28:36', 23160000, 230900, 266480, 62800, 4284]
[main 4ae2e0e] update csv
 1 file changed, 1 insertion(+)
kex_exchange_identification: read: Connection reset by peer
Connection reset by 140.82.121.3 port 22
fatal: Could not read from remote repository.

Please make sure you have the correct access rights
and the repository exists.
saved: ['2026/09/15 15:32:32', 23160000, 230880, 266500, 62800, 4283]
[main 58cfac0] update csv
 1 file changed, 1 insertion(+)
To github.com:DataRobot333/GoldTracker.git
   7a2ba22..58cfac0  main -> main
saved: ['2026/09/15 15:36:31', 23160000, 230880, 266480, 62800, 4284]
[main fb0f90f] update csv
 1 file changed, 1 insertion(+)
To github.com:DataRobot333/GoldTracker.git
   58cfac0..fb0f90f  main -> main
saved: ['2026/09/15 15:40:31', 23160000, 230915, 266500, 63000, 4278]
[main e5970f5] update csv
 1 file changed, 1 insertion(+)
To github.com:DataRobot333/GoldTracker.git
   fb0f90f..e5970f5  main -> main
saved: ['2026/09/15 15:44:31', 23160000, 231300, 266930, 63000, 4277]
[main 566d211] update csv
 1 file changed, 1 insertion(+)
To github.com:DataRobot333/GoldTracker.git
   e5970f5..566d211  main -> main
saved: ['2026/09/15 15:48:31', 23160000, 231300, 266970, 63000, 4275]
[main 2d947fc] update csv
 1 file changed, 1 insertion(+)
To github.com:DataRobot333/GoldTracker.git
   566d211..2d947fc  main -> main
saved: ['2026/09/15 15:52:35', 23160000, 231315, 266920, 63000, 4274]
[main 553c16e] update csv
 1 file changed, 1 insertion(+)
To github.com:DataRobot333/GoldTracker.git
   2d947fc..553c16e  main -> main
saved: ['2026/09/15 15:56:31', 23160000, 231090, 266690, 63000, 4273]
[main 50053c9] update csv
 1 file changed, 1 insertion(+)
To github.com:DataRobot333/GoldTracker.git
   553c16e..50053c9  main -> main
saved: ['2026/09/15 16:00:34', 23160000, 231070, 266690, 63000, 4276]
[main 117d758] update csv
 1 file changed, 1 insertion(+)
To github.com:DataRobot333/GoldTracker.git
   50053c9..117d758  main -> main
saved: ['2026/09/15 16:04:31', 23160000, 231300, 266710, 63000, 4275]
[main 428ce9b] update csv
 1 file changed, 1 insertion(+)
To github.com:DataRobot333/GoldTracker.git
   117d758..428ce9b  main -> main
saved: ['2026/09/15 16:08:31', 23160000, 231515, 266960, 63000, 4281]
[main 15af29f] update csv
 1 file changed, 1 insertion(+)
To github.com:DataRobot333/GoldTracker.git
   428ce9b..15af29f  main -> main
saved: ['2026/09/15 16:12:31', 23160000, 231500, 266990, 63000, 4280]
[main 2df2f16] update csv
 1 file changed, 1 insertion(+)
To github.com:DataRobot333/GoldTracker.git
   15af29f..2df2f16  main -> main
saved: ['2026/09/15 16:16:32', 23160000, 231310, 266870, 63000, 4281]
[main fd1726f] update csv
 1 file changed, 1 insertion(+)
To github.com:DataRobot333/GoldTracker.git
   2df2f16..fd1726f  main -> main
saved: ['2026/09/15 16:20:36', 23160000, 231275, 266830, 63000, 4287]
[main 7a9aa94] update csv
 1 file changed, 1 insertion(+)
To github.com:DataRobot333/GoldTracker.git
   fd1726f..7a9aa94  main -> main
saved: ['2026/09/15 16:24:31', 23160000, 231300, 266840, 63000, 4290]
[main 719fb2b] update csv
 1 file changed, 1 insertion(+)
To github.com:DataRobot333/GoldTracker.git
   7a9aa94..719fb2b  main -> main
saved: ['2026/09/15 16:28:31', 23160000, 231300, 266890, 63000, 4286]
[main 1f34c38] update csv
 1 file changed, 1 insertion(+)
To github.com:DataRobot333/GoldTracker.git
   719fb2b..1f34c38  main -> main
saved: ['2026/09/15 16:32:32', 23160000, 231300, 266840, 63000, 4293]
[main e2bc841] update csv
 1 file changed, 1 insertion(+)
To github.com:DataRobot333/GoldTracker.git
   1f34c38..e2bc841  main -> main
saved: ['2026/09/15 16:36:31', 23160000, 231020, 266490, 63000, 4291]
[main 72ae2a5] update csv
 1 file changed, 1 insertion(+)
To github.com:DataRobot333/GoldTracker.git
   e2bc841..72ae2a5  main -> main
saved: ['2026/09/15 16:40:34', 23160000, 231020, 266500, 63000, 4284]
[main 5ac693d] update csv
 1 file changed, 1 insertion(+)
To github.com:DataRobot333/GoldTracker.git
   72ae2a5..5ac693d  main -> main
saved: ['2026/09/15 16:44:41', 23160000, 231015, 266540, 63000, 4288]
[main d10bec3] update csv
 1 file changed, 1 insertion(+)
To github.com:DataRobot333/GoldTracker.git
   5ac693d..d10bec3  main -> main
error: HTTPSConnectionPool(host='webservice.tgnsrv.ir', port=443): Max retries exceeded with url: /Pr/Get/arianjewels8797/a09302718797a (Caused by NewConnectionError('<urllib3.connection.HTTPSConnection object at 0x7f86b8c590>: Failed to establish a new connection: [Errno 113] No route to host'))
On branch main
Your branch is up to date with 'origin/main'.

Untracked files:
  (use "git add <file>..." to include in what will be committed)
	logs/
	update_github.sh

nothing added to commit but untracked files present (use "git add" to track)
ssh: Could not resolve hostname github.com: Temporary failure in name resolution
fatal: Could not read from remote repository.

Please make sure you have the correct access rights
and the repository exists.
saved: ['2026/09/15 16:52:31', 23160000, 230820, 266260, 63000, 4288]
[main c9afc92] update csv
 1 file changed, 1 insertion(+)
To github.com:DataRobot333/GoldTracker.git
   d10bec3..c9afc92  main -> main
saved: ['2026/09/15 16:56:31', 23160000, 230800, 266210, 63000, 4292]
[main 05b764c] update csv
 1 file changed, 1 insertion(+)
To github.com:DataRobot333/GoldTracker.git
   c9afc92..05b764c  main -> main
saved: ['2026/09/15 17:00:31', 23160000, 230800, 266140, 63000, 4287]
[main cd531ee] update csv
 1 file changed, 1 insertion(+)
To github.com:DataRobot333/GoldTracker.git
   05b764c..cd531ee  main -> main
saved: ['2026/09/15 17:04:41', 23130000, 230820, 266190, 63000, 4286]
[main 71a5a6c] update csv
 1 file changed, 1 insertion(+)
ssh: Could not resolve hostname github.com: Temporary failure in name resolution
fatal: Could not read from remote repository.

Please make sure you have the correct access rights
and the repository exists.
saved: ['2026/09/15 17:08:31', 23130000, 230775, 266240, 63000, 4293]
[main f5ea267] update csv
 1 file changed, 1 insertion(+)
To github.com:DataRobot333/GoldTracker.git
   cd531ee..f5ea267  main -> main
saved: ['2026/09/15 17:12:37', 23130000, 230800, 266120, 63000, 4289]
[main 779602f] update csv
 1 file changed, 1 insertion(+)
To github.com:DataRobot333/GoldTracker.git
   f5ea267..779602f  main -> main
saved: ['2026/09/15 17:16:31', 23130000, 230795, 266200, 63000, 4288]
[main 7052b12] update csv
 1 file changed, 1 insertion(+)
To github.com:DataRobot333/GoldTracker.git
   779602f..7052b12  main -> main
saved: ['2026/09/15 17:20:31', 23130000, 230700, 266090, 63000, 4292]
[main 0712883] update csv
 1 file changed, 1 insertion(+)
To github.com:DataRobot333/GoldTracker.git
   7052b12..0712883  main -> main
saved: ['2026/09/15 17:24:32', 23130000, 230705, 266110, 63000, 4294]
[main 72f7437] update csv
 1 file changed, 1 insertion(+)
To github.com:DataRobot333/GoldTracker.git
   0712883..72f7437  main -> main
saved: ['2026/09/15 17:28:31', 23130000, 230660, 266170, 63000, 4295]
[main dbd2c21] update csv
 1 file changed, 1 insertion(+)
To github.com:DataRobot333/GoldTracker.git
   72f7437..dbd2c21  main -> main
saved: ['2026/09/15 17:32:31', 23130000, 230900, 266440, 63000, 4297]
[main a0a2f96] update csv
 1 file changed, 1 insertion(+)
To github.com:DataRobot333/GoldTracker.git
   dbd2c21..a0a2f96  main -> main
saved: ['2026/09/15 17:36:33', 23130000, 230700, 266190, 63000, 4294]
[main b5d03ea] update csv
 1 file changed, 1 insertion(+)
To github.com:DataRobot333/GoldTracker.git
   a0a2f96..b5d03ea  main -> main
saved: ['2026/09/15 17:40:32', 23130000, 230700, 266190, 63000, 4300]
[main 3ec47e5] update csv
 1 file changed, 1 insertion(+)
To github.com:DataRobot333/GoldTracker.git
   b5d03ea..3ec47e5  main -> main
saved: ['2026/09/15 17:44:31', 23130000, 230700, 266230, 63000, 4295]
[main ffb49ed] update csv
 1 file changed, 1 insertion(+)
To github.com:DataRobot333/GoldTracker.git
   3ec47e5..ffb49ed  main -> main
saved: ['2026/09/15 17:48:31', 23130000, 230700, 266220, 63000, 4291]
[main 50ac9cd] update csv
 1 file changed, 1 insertion(+)
To github.com:DataRobot333/GoldTracker.git
   ffb49ed..50ac9cd  main -> main
saved: ['2026/09/15 17:52:33', 23130000, 230660, 266160, 63000, 4293]
[main d5978c4] update csv
 1 file changed, 1 insertion(+)
To github.com:DataRobot333/GoldTracker.git
   50ac9cd..d5978c4  main -> main
saved: ['2026/09/15 17:56:31', 23130000, 230300, 265850, 63000, 4287]
[main 34f501f] update csv
 1 file changed, 1 insertion(+)
To github.com:DataRobot333/GoldTracker.git
   d5978c4..34f501f  main -> main
saved: ['2026/09/15 18:00:32', 23130000, 230280, 265930, 63000, 4283]
[main 2303bc3] update csv
 1 file changed, 1 insertion(+)
To github.com:DataRobot333/GoldTracker.git
   34f501f..2303bc3  main -> main
saved: ['2026/09/15 18:04:31', 23130000, 230300, 265950, 63000, 4283]
[main 6999146] update csv
 1 file changed, 1 insertion(+)
To github.com:DataRobot333/GoldTracker.git
   2303bc3..6999146  main -> main
saved: ['2026/09/15 18:08:32', 23130000, 230310, 265940, 63000, 4282]
[main 1a9850f] update csv
 1 file changed, 1 insertion(+)
To github.com:DataRobot333/GoldTracker.git
   6999146..1a9850f  main -> main
saved: ['2026/09/15 18:12:31', 23130000, 230300, 266020, 63000, 4277]
[main edbf096] update csv
 1 file changed, 1 insertion(+)
To github.com:DataRobot333/GoldTracker.git
   1a9850f..edbf096  main -> main
saved: ['2026/09/15 18:16:31', 23130000, 230300, 265990, 63000, 4279]
[main 11402de] update csv
 1 file changed, 1 insertion(+)
To github.com:DataRobot333/GoldTracker.git
   edbf096..11402de  main -> main
saved: ['2026/09/15 18:20:31', 23090000, 230300, 265780, 63000, 4277]
[main 65f919d] update csv
 1 file changed, 1 insertion(+)
To github.com:DataRobot333/GoldTracker.git
   11402de..65f919d  main -> main
saved: ['2026/09/15 18:24:31', 23090000, 230300, 265810, 63000, 4277]
[main e4ab159] update csv
 1 file changed, 1 insertion(+)
To github.com:DataRobot333/GoldTracker.git
   65f919d..e4ab159  main -> main
saved: ['2026/09/15 18:28:31', 23090000, 230300, 265780, 63000, 4279]
[main c5c908b] update csv
 1 file changed, 1 insertion(+)
To github.com:DataRobot333/GoldTracker.git
   e4ab159..c5c908b  main -> main
saved: ['2026/09/15 18:32:42', 23090000, 230100, 265630, 63000, 4277]
[main 3c8df2a] update csv
 1 file changed, 1 insertion(+)
To github.com:DataRobot333/GoldTracker.git
   c5c908b..3c8df2a  main -> main
saved: ['2026/09/15 18:36:43', 23160000, 230100, 265680, 63000, 4282]
[main 638ce55] update csv
 1 file changed, 1 insertion(+)
To github.com:DataRobot333/GoldTracker.git
   3c8df2a..638ce55  main -> main
saved: ['2026/09/15 18:40:33', 23160000, 230100, 265620, 63000, 4282]
[main ea1aad9] update csv
 1 file changed, 1 insertion(+)
To github.com:DataRobot333/GoldTracker.git
   638ce55..ea1aad9  main -> main
saved: ['2026/09/15 18:44:37', 23160000, 230285, 265880, 63000, 4282]
[main 2783397] update csv
 1 file changed, 1 insertion(+)
To github.com:DataRobot333/GoldTracker.git
   ea1aad9..2783397  main -> main
saved: ['2026/09/15 18:48:32', 23160000, 230600, 266190, 63000, 4286]
[main 444f196] update csv
 1 file changed, 1 insertion(+)
To github.com:DataRobot333/GoldTracker.git
   2783397..444f196  main -> main
saved: ['2026/09/15 18:52:31', 23160000, 230560, 266170, 63000, 4285]
[main d3b16cf] update csv
 1 file changed, 1 insertion(+)
To github.com:DataRobot333/GoldTracker.git
   444f196..d3b16cf  main -> main
saved: ['2026/09/15 18:56:32', 23160000, 230600, 266180, 63000, 4285]
[main 0a1ea6f] update csv
 1 file changed, 1 insertion(+)
To github.com:DataRobot333/GoldTracker.git
   d3b16cf..0a1ea6f  main -> main
saved: ['2026/09/15 19:00:31', 23160000, 230610, 266310, 63000, 4283]
[main 9ee9cd9] update csv
 1 file changed, 1 insertion(+)
To github.com:DataRobot333/GoldTracker.git
   0a1ea6f..9ee9cd9  main -> main
saved: ['2026/09/15 19:04:31', 23160000, 230615, 266300, 63000, 4284]
[main 20d38ac] update csv
 1 file changed, 1 insertion(+)
To github.com:DataRobot333/GoldTracker.git
   9ee9cd9..20d38ac  main -> main
saved: ['2026/09/15 19:08:31', 23160000, 230485, 266090, 63000, 4285]
[main aeaab3c] update csv
 1 file changed, 1 insertion(+)
To github.com:DataRobot333/GoldTracker.git
   20d38ac..aeaab3c  main -> main
saved: ['2026/09/15 19:12:32', 23130000, 230495, 266050, 63000, 4289]
[main 5b187dc] update csv
 1 file changed, 1 insertion(+)
To github.com:DataRobot333/GoldTracker.git
   aeaab3c..5b187dc  main -> main
saved: ['2026/09/15 19:16:31', 23130000, 230510, 266100, 63000, 4287]
[main 296e7bc] update csv
 1 file changed, 1 insertion(+)
To github.com:DataRobot333/GoldTracker.git
   5b187dc..296e7bc  main -> main
saved: ['2026/09/15 19:20:32', 23130000, 230485, 266060, 63000, 4287]
[main 69df744] update csv
 1 file changed, 1 insertion(+)
To github.com:DataRobot333/GoldTracker.git
   296e7bc..69df744  main -> main
saved: ['2026/09/15 19:24:31', 23130000, 230505, 266020, 63000, 4290]
[main a894d33] update csv
 1 file changed, 1 insertion(+)
To github.com:DataRobot333/GoldTracker.git
   69df744..a894d33  main -> main
saved: ['2026/09/15 19:28:32', 23130000, 230475, 266020, 63000, 4291]
[main 2eb9182] update csv
 1 file changed, 1 insertion(+)
To github.com:DataRobot333/GoldTracker.git
   a894d33..2eb9182  main -> main
saved: ['2026/09/15 19:32:31', 23130000, 230495, 266020, 63000, 4290]
[main b1db3de] update csv
 1 file changed, 1 insertion(+)
To github.com:DataRobot333/GoldTracker.git
   2eb9182..b1db3de  main -> main
saved: ['2026/09/15 19:36:31', 23130000, 230500, 266000, 63000, 4291]
[main 66ea16c] update csv
 1 file changed, 1 insertion(+)
To github.com:DataRobot333/GoldTracker.git
   b1db3de..66ea16c  main -> main
saved: ['2026/09/15 19:40:31', 23130000, 230500, 266070, 63000, 4289]
[main df8ff17] update csv
 1 file changed, 1 insertion(+)
To github.com:DataRobot333/GoldTracker.git
   66ea16c..df8ff17  main -> main
saved: ['2026/09/15 19:44:31', 23130000, 230500, 265980, 63000, 4287]
[main 68a93d0] update csv
 1 file changed, 1 insertion(+)
To github.com:DataRobot333/GoldTracker.git
   df8ff17..68a93d0  main -> main
saved: ['2026/09/15 19:48:31', 23130000, 230500, 266000, 63000, 4288]
[main ccc0e17] update csv
 1 file changed, 1 insertion(+)
To github.com:DataRobot333/GoldTracker.git
   68a93d0..ccc0e17  main -> main
saved: ['2026/09/15 19:52:31', 23130000, 230720, 266240, 63000, 4292]
[main e4a4e11] update csv
 1 file changed, 1 insertion(+)
To github.com:DataRobot333/GoldTracker.git
   ccc0e17..e4a4e11  main -> main
saved: ['2026/09/15 19:56:31', 23130000, 230670, 266270, 63000, 4296]
[main 25a7e40] update csv
 1 file changed, 1 insertion(+)
To github.com:DataRobot333/GoldTracker.git
   e4a4e11..25a7e40  main -> main
saved: ['2026/09/15 20:00:31', 23130000, 230705, 266240, 63000, 4296]
[main f69ee3a] update csv
 1 file changed, 1 insertion(+)
To github.com:DataRobot333/GoldTracker.git
   25a7e40..f69ee3a  main -> main
saved: ['2026/09/15 20:04:32', 23160000, 230695, 266280, 63000, 4296]
[main 2e4ce9e] update csv
 1 file changed, 1 insertion(+)
To github.com:DataRobot333/GoldTracker.git
   f69ee3a..2e4ce9e  main -> main
saved: ['2026/09/15 20:08:31', 23160000, 230695, 266280, 63000, 4295]
[main cec4109] update csv
 1 file changed, 1 insertion(+)
To github.com:DataRobot333/GoldTracker.git
   2e4ce9e..cec4109  main -> main
saved: ['2026/09/15 20:12:31', 23160000, 230695, 266280, 63000, 4294]
[main 23ca925] update csv
 1 file changed, 1 insertion(+)
To github.com:DataRobot333/GoldTracker.git
   cec4109..23ca925  main -> main
saved: ['2026/09/15 20:16:33', 23160000, 230695, 266280, 63000, 4296]
[main e50be54] update csv
 1 file changed, 1 insertion(+)
To github.com:DataRobot333/GoldTracker.git
   23ca925..e50be54  main -> main
saved: ['2026/09/15 20:20:31', 23160000, 230695, 266280, 63000, 4295]
[main 31cb0a3] update csv
 1 file changed, 1 insertion(+)
To github.com:DataRobot333/GoldTracker.git
   e50be54..31cb0a3  main -> main
saved: ['2026/09/15 20:24:31', 23250000, 230695, 266280, 63000, 4296]
[main 7027a60] update csv
 1 file changed, 1 insertion(+)
To github.com:DataRobot333/GoldTracker.git
   31cb0a3..7027a60  main -> main
saved: ['2026/09/15 20:28:31', 23250000, 230695, 266280, 63000, 4296]
[main ad48cd0] update csv
 1 file changed, 1 insertion(+)
To github.com:DataRobot333/GoldTracker.git
   7027a60..ad48cd0  main -> main
saved: ['2026/09/15 20:32:32', 23250000, 230695, 266280, 63000, 4296]
[main 0e20eb5] update csv
 1 file changed, 1 insertion(+)
To github.com:DataRobot333/GoldTracker.git
   ad48cd0..0e20eb5  main -> main
saved: ['2026/09/15 20:36:31', 23250000, 230695, 266280, 63000, 4291]
[main 2c8b42a] update csv
 1 file changed, 1 insertion(+)
To github.com:DataRobot333/GoldTracker.git
   0e20eb5..2c8b42a  main -> main
saved: ['2026/09/15 20:40:31', 23250000, 230695, 266280, 63000, 4294]
[main fcd9faa] update csv
 1 file changed, 1 insertion(+)
To github.com:DataRobot333/GoldTracker.git
   2c8b42a..fcd9faa  main -> main
saved: ['2026/09/15 20:44:32', 23250000, 230695, 266280, 63000, 4296]
[main 8c1e845] update csv
 1 file changed, 1 insertion(+)
To github.com:DataRobot333/GoldTracker.git
   fcd9faa..8c1e845  main -> main
saved: ['2026/09/15 20:48:36', 23250000, 230695, 266280, 63000, 4296]
[main cc26dfc] update csv
 1 file changed, 1 insertion(+)
To github.com:DataRobot333/GoldTracker.git
   8c1e845..cc26dfc  main -> main
saved: ['2026/09/15 20:52:31', 23210000, 230695, 266280, 63000, 4295]
[main ae81715] update csv
 1 file changed, 1 insertion(+)
To github.com:DataRobot333/GoldTracker.git
   cc26dfc..ae81715  main -> main
saved: ['2026/09/15 20:56:31', 23210000, 230695, 266280, 63000, 4293]
[main eec3771] update csv
 1 file changed, 1 insertion(+)
To github.com:DataRobot333/GoldTracker.git
   ae81715..eec3771  main -> main
saved: ['2026/09/15 21:00:31', 23210000, 230695, 266280, 63000, 4292]
[main 4002182] update csv
 1 file changed, 1 insertion(+)
To github.com:DataRobot333/GoldTracker.git
   eec3771..4002182  main -> main
saved: ['2026/09/15 21:04:31', 23130000, 230695, 266280, 63000, 4297]
[main 02e19a0] update csv
 1 file changed, 1 insertion(+)
To github.com:DataRobot333/GoldTracker.git
   4002182..02e19a0  main -> main
saved: ['2026/09/15 21:08:31', 23130000, 230695, 266280, 63000, 4297]
[main 0030b83] update csv
 1 file changed, 1 insertion(+)
To github.com:DataRobot333/GoldTracker.git
   02e19a0..0030b83  main -> main
saved: ['2026/09/15 21:12:31', 23130000, 230695, 266280, 63000, 4293]
[main e589ca0] update csv
 1 file changed, 1 insertion(+)
To github.com:DataRobot333/GoldTracker.git
   0030b83..e589ca0  main -> main
saved: ['2026/09/15 21:16:31', 23130000, 230695, 266280, 63000, 4294]
[main ed211f4] update csv
 1 file changed, 1 insertion(+)
To github.com:DataRobot333/GoldTracker.git
   e589ca0..ed211f4  main -> main
saved: ['2026/09/15 21:20:32', 23130000, 230695, 266280, 63000, 4295]
[main 68fc44e] update csv
 1 file changed, 1 insertion(+)
To github.com:DataRobot333/GoldTracker.git
   ed211f4..68fc44e  main -> main
saved: ['2026/09/15 21:24:31', 23130000, 230695, 266280, 63000, 4294]
[main 205bd8a] update csv
 1 file changed, 1 insertion(+)
To github.com:DataRobot333/GoldTracker.git
   68fc44e..205bd8a  main -> main
saved: ['2026/09/15 21:28:31', 23130000, 230695, 266280, 63000, 4295]
[main fd7c35d] update csv
 1 file changed, 1 insertion(+)
To github.com:DataRobot333/GoldTracker.git
   205bd8a..fd7c35d  main -> main
saved: ['2026/09/15 21:32:31', 23200000, 230695, 266280, 63000, 4295]
[main d5049d1] update csv
 1 file changed, 1 insertion(+)
To github.com:DataRobot333/GoldTracker.git
   fd7c35d..d5049d1  main -> main
saved: ['2026/09/15 21:36:31', 23200000, 230695, 266280, 63000, 4295]
[main 3b8ecbf] update csv
 1 file changed, 1 insertion(+)
To github.com:DataRobot333/GoldTracker.git
   d5049d1..3b8ecbf  main -> main
saved: ['2026/09/15 21:40:31', 23200000, 230695, 266280, 63000, 4297]
[main e7272c5] update csv
 1 file changed, 1 insertion(+)
To github.com:DataRobot333/GoldTracker.git
   3b8ecbf..e7272c5  main -> main
saved: ['2026/09/15 21:44:31', 23200000, 230695, 266280, 63000, 4302]
[main 8afd12a] update csv
 1 file changed, 1 insertion(+)
To github.com:DataRobot333/GoldTracker.git
   e7272c5..8afd12a  main -> main
saved: ['2026/09/15 21:48:32', 23200000, 230695, 266280, 63000, 4304]
[main 69c366a] update csv
 1 file changed, 1 insertion(+)
To github.com:DataRobot333/GoldTracker.git
   8afd12a..69c366a  main -> main
saved: ['2026/09/15 21:52:31', 23200000, 230695, 266280, 63000, 4305]
[main ac8b63f] update csv
 1 file changed, 1 insertion(+)
To github.com:DataRobot333/GoldTracker.git
   69c366a..ac8b63f  main -> main
saved: ['2026/09/15 21:56:31', 23200000, 230695, 266280, 63000, 4305]
[main 11f6c11] update csv
 1 file changed, 1 insertion(+)
To github.com:DataRobot333/GoldTracker.git
   ac8b63f..11f6c11  main -> main
saved: ['2026/09/15 22:00:31', 23200000, 230695, 266280, 63000, 4304]
[main a85a785] update csv
 1 file changed, 1 insertion(+)
To github.com:DataRobot333/GoldTracker.git
   11f6c11..a85a785  main -> main
saved: ['2026/09/15 22:04:31', 23200000, 230695, 266280, 63000, 4302]
[main 54f3fda] update csv
 1 file changed, 1 insertion(+)
To github.com:DataRobot333/GoldTracker.git
   a85a785..54f3fda  main -> main
saved: ['2026/09/15 22:08:31', 23200000, 230695, 266280, 63000, 4302]
[main 6682853] update csv
 1 file changed, 1 insertion(+)
To github.com:DataRobot333/GoldTracker.git
   54f3fda..6682853  main -> main
saved: ['2026/09/15 22:12:31', 23200000, 230695, 266280, 63000, 4304]
[main 276fce3] update csv
 1 file changed, 1 insertion(+)
To github.com:DataRobot333/GoldTracker.git
   6682853..276fce3  main -> main
saved: ['2026/09/15 22:16:31', 23200000, 230695, 266280, 63000, 4305]
[main a83d101] update csv
 1 file changed, 1 insertion(+)
To github.com:DataRobot333/GoldTracker.git
   276fce3..a83d101  main -> main
saved: ['2026/09/15 22:20:31', 23200000, 230695, 266280, 63000, 4305]
[main 5a940e6] update csv
 1 file changed, 1 insertion(+)
To github.com:DataRobot333/GoldTracker.git
   a83d101..5a940e6  main -> main
saved: ['2026/09/15 22:24:31', 23200000, 230695, 266280, 63000, 4309]
[main a46c4be] update csv
 1 file changed, 1 insertion(+)
To github.com:DataRobot333/GoldTracker.git
   5a940e6..a46c4be  main -> main
saved: ['2026/09/15 22:28:31', 23200000, 230695, 266280, 63000, 4308]
[main 77016f8] update csv
 1 file changed, 1 insertion(+)
To github.com:DataRobot333/GoldTracker.git
   a46c4be..77016f8  main -> main
saved: ['2026/09/15 22:32:31', 23200000, 230695, 266280, 63000, 4310]
[main 8d5db82] update csv
 1 file changed, 1 insertion(+)
To github.com:DataRobot333/GoldTracker.git
   77016f8..8d5db82  main -> main
saved: ['2026/09/15 22:36:32', 23200000, 230695, 266280, 63000, 4304]
[main d558772] update csv
 1 file changed, 1 insertion(+)
To github.com:DataRobot333/GoldTracker.git
   8d5db82..d558772  main -> main
saved: ['2026/09/15 22:40:31', 23200000, 230695, 266280, 63000, 4304]
[main d80d872] update csv
 1 file changed, 1 insertion(+)
To github.com:DataRobot333/GoldTracker.git
   d558772..d80d872  main -> main
saved: ['2026/09/15 22:44:32', 23200000, 230695, 266280, 63000, 4302]
[main d7fce11] update csv
 1 file changed, 1 insertion(+)
To github.com:DataRobot333/GoldTracker.git
   d80d872..d7fce11  main -> main
saved: ['2026/09/15 22:48:32', 23200000, 230695, 266280, 63000, 4301]
[main 24c6415] update csv
 1 file changed, 1 insertion(+)
To github.com:DataRobot333/GoldTracker.git
   d7fce11..24c6415  main -> main
saved: ['2026/09/15 22:52:34', 23200000, 230695, 266280, 63000, 4299]
[main 8ae87a7] update csv
 1 file changed, 1 insertion(+)
To github.com:DataRobot333/GoldTracker.git
   24c6415..8ae87a7  main -> main
saved: ['2026/09/15 22:56:31', 23200000, 230695, 266280, 63000, 4301]
[main d90d2fb] update csv
 1 file changed, 1 insertion(+)
To github.com:DataRobot333/GoldTracker.git
   8ae87a7..d90d2fb  main -> main
saved: ['2026/09/15 23:00:31', 23200000, 230695, 266280, 63000, 4301]
[main 80e6690] update csv
 1 file changed, 1 insertion(+)
To github.com:DataRobot333/GoldTracker.git
   d90d2fb..80e6690  main -> main
saved: ['2026/09/15 23:04:32', 23200000, 230695, 266280, 63000, 4302]
[main 15599cd] update csv
 1 file changed, 1 insertion(+)
To github.com:DataRobot333/GoldTracker.git
   80e6690..15599cd  main -> main
saved: ['2026/09/15 23:08:36', 23200000, 230695, 266280, 63000, 4299]
[main 5538791] update csv
 1 file changed, 1 insertion(+)
To github.com:DataRobot333/GoldTracker.git
   15599cd..5538791  main -> main
saved: ['2026/09/15 23:12:32', 23200000, 230695, 266280, 63000, 4298]
[main c4cd9cd] update csv
 1 file changed, 1 insertion(+)
To github.com:DataRobot333/GoldTracker.git
   5538791..c4cd9cd  main -> main
saved: ['2026/09/15 23:16:32', 23200000, 230695, 266280, 63000, 4296]
[main 5178539] update csv
 1 file changed, 1 insertion(+)
To github.com:DataRobot333/GoldTracker.git
   c4cd9cd..5178539  main -> main
saved: ['2026/09/15 23:20:31', 23200000, 230695, 266280, 63000, 4299]
[main 3df6ee1] update csv
 1 file changed, 1 insertion(+)
To github.com:DataRobot333/GoldTracker.git
   5178539..3df6ee1  main -> main
saved: ['2026/09/15 23:24:31', 23200000, 230695, 266280, 63000, 4296]
[main 1222329] update csv
 1 file changed, 1 insertion(+)
To github.com:DataRobot333/GoldTracker.git
   3df6ee1..1222329  main -> main
saved: ['2026/09/15 23:28:31', 23200000, 230695, 266280, 63000, 4295]
[main 4df896e] update csv
 1 file changed, 1 insertion(+)
To github.com:DataRobot333/GoldTracker.git
   1222329..4df896e  main -> main
saved: ['2026/09/15 23:32:31', 23200000, 230695, 266280, 63000, 4298]
[main 675ca54] update csv
 1 file changed, 1 insertion(+)
To github.com:DataRobot333/GoldTracker.git
   4df896e..675ca54  main -> main
saved: ['2026/09/15 23:36:31', 23200000, 230695, 266280, 63000, 4296]
[main ee5a65f] update csv
 1 file changed, 1 insertion(+)
To github.com:DataRobot333/GoldTracker.git
   675ca54..ee5a65f  main -> main
saved: ['2026/09/15 23:40:31', 23200000, 230695, 266280, 63000, 4297]
[main f71730d] update csv
 1 file changed, 1 insertion(+)
To github.com:DataRobot333/GoldTracker.git
   ee5a65f..f71730d  main -> main
saved: ['2026/09/15 23:44:31', 23200000, 230695, 266280, 63000, 4296]
[main ebc6a80] update csv
 1 file changed, 1 insertion(+)
To github.com:DataRobot333/GoldTracker.git
   f71730d..ebc6a80  main -> main
saved: ['2026/09/15 23:48:34', 23200000, 230695, 266280, 63000, 4295]
[main c847a5b] update csv
 1 file changed, 1 insertion(+)
To github.com:DataRobot333/GoldTracker.git
   ebc6a80..c847a5b  main -> main
saved: ['2026/09/15 23:52:31', 23200000, 230695, 266280, 63000, 4296]
[main 2f203f3] update csv
 1 file changed, 1 insertion(+)
To github.com:DataRobot333/GoldTracker.git
   c847a5b..2f203f3  main -> main
saved: ['2026/09/15 23:56:32', 23200000, 230695, 266280, 63000, 4294]
[main f0d5b96] update csv
 1 file changed, 1 insertion(+)
To github.com:DataRobot333/GoldTracker.git
   2f203f3..f0d5b96  main -> main
saved: ['2026/09/16 00:00:31', 23200000, 230695, 266280, 63000, 4294]
[main 126e894] update csv
 1 file changed, 1 insertion(+)
To github.com:DataRobot333/GoldTracker.git
   f0d5b96..126e894  main -> main
saved: ['2026/09/16 00:04:32', 23200000, 230695, 266280, 63000, 4294]
[main 4d61261] update csv
 1 file changed, 1 insertion(+)
To github.com:DataRobot333/GoldTracker.git
   126e894..4d61261  main -> main
saved: ['2026/09/16 00:08:31', 23200000, 230695, 266280, 63000, 4292]
[main bde8690] update csv
 1 file changed, 1 insertion(+)
To github.com:DataRobot333/GoldTracker.git
   4d61261..bde8690  main -> main
saved: ['2026/09/16 00:12:31', 23200000, 230695, 266280, 63000, 4293]
[main aee96b9] update csv
 1 file changed, 1 insertion(+)
To github.com:DataRobot333/GoldTracker.git
   bde8690..aee96b9  main -> main
saved: ['2026/09/16 00:16:31', 23200000, 230695, 266280, 63000, 4293]
[main 426a2f7] update csv
 1 file changed, 1 insertion(+)
To github.com:DataRobot333/GoldTracker.git
   aee96b9..426a2f7  main -> main
saved: ['2026/09/16 00:20:32', 23200000, 230695, 266280, 63000, 4293]
[main ad47c26] update csv
 1 file changed, 1 insertion(+)
To github.com:DataRobot333/GoldTracker.git
   426a2f7..ad47c26  main -> main
saved: ['2026/09/16 00:24:31', 23200000, 230695, 266280, 63000, 4293]
[main 6166f5c] update csv
 1 file changed, 1 insertion(+)
To github.com:DataRobot333/GoldTracker.git
   ad47c26..6166f5c  main -> main
saved: ['2026/09/16 00:28:31', 23200000, 230695, 266280, 63000, 4293]
[main 1153ef0] update csv
 1 file changed, 1 insertion(+)
To github.com:DataRobot333/GoldTracker.git
   6166f5c..1153ef0  main -> main
saved: ['2026/09/16 00:32:31', 23200000, 230695, 266280, 63000, 4293]
[main 28aa8df] update csv
 1 file changed, 1 insertion(+)
To github.com:DataRobot333/GoldTracker.git
   1153ef0..28aa8df  main -> main
saved: ['2026/09/16 00:36:31', 23200000, 230695, 266280, 63000, 4293]
[main a35e4ec] update csv
 1 file changed, 1 insertion(+)
To github.com:DataRobot333/GoldTracker.git
   28aa8df..a35e4ec  main -> main
saved: ['2026/09/16 00:40:31', 23200000, 230695, 266280, 63000, 4293]
[main ada4a38] update csv
 1 file changed, 1 insertion(+)
To github.com:DataRobot333/GoldTracker.git
   a35e4ec..ada4a38  main -> main
saved: ['2026/09/16 00:44:31', 23200000, 230695, 266280, 63000, 4293]
[main c559817] update csv
 1 file changed, 1 insertion(+)
To github.com:DataRobot333/GoldTracker.git
   ada4a38..c559817  main -> main
saved: ['2026/09/16 00:48:31', 23200000, 230695, 266280, 63000, 4293]
[main aa023d1] update csv
 1 file changed, 1 insertion(+)
To github.com:DataRobot333/GoldTracker.git
   c559817..aa023d1  main -> main
saved: ['2026/09/16 00:52:32', 23200000, 230695, 266280, 63000, 4293]
[main 583ec78] update csv
 1 file changed, 1 insertion(+)
To github.com:DataRobot333/GoldTracker.git
   aa023d1..583ec78  main -> main
saved: ['2026/09/16 00:56:31', 23200000, 230695, 266280, 63000, 4293]
[main 6d78980] update csv
 1 file changed, 1 insertion(+)
To github.com:DataRobot333/GoldTracker.git
   583ec78..6d78980  main -> main
saved: ['2026/09/16 01:00:31', 23200000, 230695, 266280, 63000, 4293]
[main 99c6a10] update csv
 1 file changed, 1 insertion(+)
To github.com:DataRobot333/GoldTracker.git
   6d78980..99c6a10  main -> main
saved: ['2026/09/16 01:04:35', 23200000, 230695, 266280, 63000, 4293]
[main cde9888] update csv
 1 file changed, 1 insertion(+)
To github.com:DataRobot333/GoldTracker.git
   99c6a10..cde9888  main -> main
saved: ['2026/09/16 01:08:31', 23200000, 230695, 266280, 63000, 4293]
[main 97465bc] update csv
 1 file changed, 1 insertion(+)
To github.com:DataRobot333/GoldTracker.git
   cde9888..97465bc  main -> main
saved: ['2026/09/16 01:12:31', 23200000, 230695, 266280, 63000, 4293]
[main e1b7f92] update csv
 1 file changed, 1 insertion(+)
To github.com:DataRobot333/GoldTracker.git
   97465bc..e1b7f92  main -> main
saved: ['2026/09/16 01:16:31', 23200000, 230695, 266280, 63000, 4293]
[main c40d1de] update csv
 1 file changed, 1 insertion(+)
To github.com:DataRobot333/GoldTracker.git
   e1b7f92..c40d1de  main -> main
saved: ['2026/09/16 01:20:32', 23200000, 230695, 266280, 63000, 4293]
[main 3166d67] update csv
 1 file changed, 1 insertion(+)
To github.com:DataRobot333/GoldTracker.git
   c40d1de..3166d67  main -> main
saved: ['2026/09/16 01:24:31', 23200000, 230695, 266280, 63000, 4293]
[main d31587d] update csv
 1 file changed, 1 insertion(+)
To github.com:DataRobot333/GoldTracker.git
   3166d67..d31587d  main -> main
saved: ['2026/09/16 01:28:31', 23200000, 230695, 266280, 63000, 4293]
[main 6ce0a09] update csv
 1 file changed, 1 insertion(+)
To github.com:DataRobot333/GoldTracker.git
   d31587d..6ce0a09  main -> main
saved: ['2026/09/16 01:32:35', 23200000, 230695, 266280, 63000, 4293]
[main 7c9d990] update csv
 1 file changed, 1 insertion(+)
To github.com:DataRobot333/GoldTracker.git
   6ce0a09..7c9d990  main -> main
saved: ['2026/09/16 01:36:31', 23200000, 230695, 266280, 63000, 4295]
[main c81516e] update csv
 1 file changed, 1 insertion(+)
To github.com:DataRobot333/GoldTracker.git
   7c9d990..c81516e  main -> main
saved: ['2026/09/16 01:40:35', 23200000, 230695, 266280, 63000, 4295]
[main 2e5d684] update csv
 1 file changed, 1 insertion(+)
To github.com:DataRobot333/GoldTracker.git
   c81516e..2e5d684  main -> main
saved: ['2026/09/16 01:44:31', 23200000, 230695, 266280, 63000, 4294]
[main 7e367f5] update csv
 1 file changed, 1 insertion(+)
To github.com:DataRobot333/GoldTracker.git
   2e5d684..7e367f5  main -> main
saved: ['2026/09/16 01:48:31', 23200000, 230695, 266280, 63000, 4293]
[main 1e645fb] update csv
 1 file changed, 1 insertion(+)
To github.com:DataRobot333/GoldTracker.git
   7e367f5..1e645fb  main -> main
saved: ['2026/09/16 01:52:31', 23200000, 230695, 266280, 63000, 4293]
[main ef5f28e] update csv
 1 file changed, 1 insertion(+)
To github.com:DataRobot333/GoldTracker.git
   1e645fb..ef5f28e  main -> main
saved: ['2026/09/16 01:56:31', 23200000, 230695, 266280, 63000, 4295]
[main 3d3e692] update csv
 1 file changed, 1 insertion(+)
To github.com:DataRobot333/GoldTracker.git
   ef5f28e..3d3e692  main -> main
saved: ['2026/09/16 02:00:33', 23200000, 230695, 266280, 63000, 4298]
[main 1acf6f2] update csv
 1 file changed, 1 insertion(+)
To github.com:DataRobot333/GoldTracker.git
   3d3e692..1acf6f2  main -> main
saved: ['2026/09/16 02:04:31', 23200000, 230695, 266280, 63000, 4297]
[main 3957ed7] update csv
 1 file changed, 1 insertion(+)
To github.com:DataRobot333/GoldTracker.git
   1acf6f2..3957ed7  main -> main
saved: ['2026/09/16 02:08:31', 23200000, 230695, 266280, 63000, 4297]
[main 70990d9] update csv
 1 file changed, 1 insertion(+)
To github.com:DataRobot333/GoldTracker.git
   3957ed7..70990d9  main -> main
saved: ['2026/09/16 02:12:32', 23200000, 230695, 266280, 63000, 4296]
[main 4c27ff8] update csv
 1 file changed, 1 insertion(+)
To github.com:DataRobot333/GoldTracker.git
   70990d9..4c27ff8  main -> main
saved: ['2026/09/16 02:16:32', 23200000, 230695, 266280, 63000, 4294]
[main 65875a8] update csv
 1 file changed, 1 insertion(+)
To github.com:DataRobot333/GoldTracker.git
   4c27ff8..65875a8  main -> main
saved: ['2026/09/16 02:20:31', 23200000, 230695, 266280, 63000, 4294]
[main fd8f2cb] update csv
 1 file changed, 1 insertion(+)
To github.com:DataRobot333/GoldTracker.git
   65875a8..fd8f2cb  main -> main
saved: ['2026/09/16 02:24:31', 23200000, 230695, 266280, 63000, 4294]
[main 31e0f63] update csv
 1 file changed, 1 insertion(+)
To github.com:DataRobot333/GoldTracker.git
   fd8f2cb..31e0f63  main -> main
saved: ['2026/09/16 02:28:31', 23200000, 230695, 266280, 63000, 4292]
[main 545c31d] update csv
 1 file changed, 1 insertion(+)
To github.com:DataRobot333/GoldTracker.git
   31e0f63..545c31d  main -> main
saved: ['2026/09/16 02:32:31', 23200000, 230695, 266280, 63000, 4288]
[main 9f225d2] update csv
 1 file changed, 1 insertion(+)
To github.com:DataRobot333/GoldTracker.git
   545c31d..9f225d2  main -> main
saved: ['2026/09/16 02:36:31', 23200000, 230695, 266280, 63000, 4286]
[main 6b9223d] update csv
 1 file changed, 1 insertion(+)
To github.com:DataRobot333/GoldTracker.git
   9f225d2..6b9223d  main -> main
saved: ['2026/09/16 02:40:31', 23200000, 230695, 266280, 63000, 4286]
[main 0b4ef27] update csv
 1 file changed, 1 insertion(+)
To github.com:DataRobot333/GoldTracker.git
   6b9223d..0b4ef27  main -> main
saved: ['2026/09/16 02:44:31', 23200000, 230695, 266280, 63000, 4286]
[main c00f02d] update csv
 1 file changed, 1 insertion(+)
To github.com:DataRobot333/GoldTracker.git
   0b4ef27..c00f02d  main -> main
saved: ['2026/09/16 02:48:37', 23200000, 230695, 266280, 63000, 4286]
[main f39957a] update csv
 1 file changed, 1 insertion(+)
To github.com:DataRobot333/GoldTracker.git
   c00f02d..f39957a  main -> main
saved: ['2026/09/16 02:52:31', 23200000, 230695, 266280, 63000, 4287]
[main b94b3c3] update csv
 1 file changed, 1 insertion(+)
To github.com:DataRobot333/GoldTracker.git
   f39957a..b94b3c3  main -> main
saved: ['2026/09/16 02:56:36', 23200000, 230695, 266280, 63000, 4285]
[main 1e6bcf7] update csv
 1 file changed, 1 insertion(+)
To github.com:DataRobot333/GoldTracker.git
   b94b3c3..1e6bcf7  main -> main
saved: ['2026/09/16 03:00:32', 23200000, 230695, 266280, 63000, 4283]
[main a634a3b] update csv
 1 file changed, 1 insertion(+)
To github.com:DataRobot333/GoldTracker.git
   1e6bcf7..a634a3b  main -> main
saved: ['2026/09/16 03:04:31', 23200000, 230695, 266280, 63000, 4287]
[main a8babe0] update csv
 1 file changed, 1 insertion(+)
To github.com:DataRobot333/GoldTracker.git
   a634a3b..a8babe0  main -> main
saved: ['2026/09/16 03:08:31', 23200000, 230695, 266280, 63000, 4286]
[main e76514a] update csv
 1 file changed, 1 insertion(+)
To github.com:DataRobot333/GoldTracker.git
   a8babe0..e76514a  main -> main
saved: ['2026/09/16 03:12:31', 23200000, 230695, 266280, 63000, 4284]
[main d35436d] update csv
 1 file changed, 1 insertion(+)
To github.com:DataRobot333/GoldTracker.git
   e76514a..d35436d  main -> main
saved: ['2026/09/16 03:16:34', 23200000, 230695, 266280, 63000, 4285]
[main 789768c] update csv
 1 file changed, 1 insertion(+)
To github.com:DataRobot333/GoldTracker.git
   d35436d..789768c  main -> main
saved: ['2026/09/16 03:20:31', 23200000, 230695, 266280, 63000, 4285]
[main 82b39a2] update csv
 1 file changed, 1 insertion(+)
To github.com:DataRobot333/GoldTracker.git
   789768c..82b39a2  main -> main
saved: ['2026/09/16 03:24:31', 23200000, 230695, 266280, 63000, 4283]
[main 6be4c74] update csv
 1 file changed, 1 insertion(+)
To github.com:DataRobot333/GoldTracker.git
   82b39a2..6be4c74  main -> main
saved: ['2026/09/16 03:28:31', 23200000, 230695, 266280, 63000, 4281]
[main e25f388] update csv
 1 file changed, 1 insertion(+)
To github.com:DataRobot333/GoldTracker.git
   6be4c74..e25f388  main -> main
saved: ['2026/09/16 03:32:31', 23200000, 230695, 266280, 63000, 4282]
[main 296c412] update csv
 1 file changed, 1 insertion(+)
To github.com:DataRobot333/GoldTracker.git
   e25f388..296c412  main -> main
saved: ['2026/09/16 03:36:34', 23200000, 230695, 266280, 63000, 4281]
[main 4a71cf0] update csv
 1 file changed, 1 insertion(+)
To github.com:DataRobot333/GoldTracker.git
   296c412..4a71cf0  main -> main
saved: ['2026/09/16 03:40:31', 23200000, 230695, 266280, 63000, 4282]
[main 98f1a23] update csv
 1 file changed, 1 insertion(+)
To github.com:DataRobot333/GoldTracker.git
   4a71cf0..98f1a23  main -> main
saved: ['2026/09/16 03:44:33', 23200000, 230695, 266280, 63000, 4282]
[main e1661e7] update csv
 1 file changed, 1 insertion(+)
To github.com:DataRobot333/GoldTracker.git
   98f1a23..e1661e7  main -> main
saved: ['2026/09/16 03:48:32', 23200000, 230695, 266280, 63000, 4283]
[main 3718a7b] update csv
 1 file changed, 1 insertion(+)
To github.com:DataRobot333/GoldTracker.git
   e1661e7..3718a7b  main -> main
saved: ['2026/09/16 03:52:31', 23200000, 230695, 266280, 63000, 4285]
[main 737d6b4] update csv
 1 file changed, 1 insertion(+)
To github.com:DataRobot333/GoldTracker.git
   3718a7b..737d6b4  main -> main
saved: ['2026/09/16 03:56:31', 23200000, 230695, 266280, 63000, 4285]
[main 1e8962f] update csv
 1 file changed, 1 insertion(+)
To github.com:DataRobot333/GoldTracker.git
   737d6b4..1e8962f  main -> main
saved: ['2026/09/16 04:00:31', 23200000, 230695, 266280, 63000, 4284]
[main 6f0394e] update csv
 1 file changed, 1 insertion(+)
To github.com:DataRobot333/GoldTracker.git
   1e8962f..6f0394e  main -> main
saved: ['2026/09/16 04:04:31', 23200000, 230695, 266280, 63000, 4280]
[main 060efec] update csv
 1 file changed, 1 insertion(+)
To github.com:DataRobot333/GoldTracker.git
   6f0394e..060efec  main -> main
saved: ['2026/09/16 04:08:31', 23200000, 230695, 266280, 63000, 4280]
[main d1e47ae] update csv
 1 file changed, 1 insertion(+)
To github.com:DataRobot333/GoldTracker.git
   060efec..d1e47ae  main -> main
saved: ['2026/09/16 04:12:31', 23200000, 230695, 266280, 63000, 4284]
[main 9978f3d] update csv
 1 file changed, 1 insertion(+)
To github.com:DataRobot333/GoldTracker.git
   d1e47ae..9978f3d  main -> main
saved: ['2026/09/16 04:16:32', 23200000, 230695, 266280, 63000, 4283]
[main 0bf7488] update csv
 1 file changed, 1 insertion(+)
To github.com:DataRobot333/GoldTracker.git
   9978f3d..0bf7488  main -> main
saved: ['2026/09/16 04:20:32', 23200000, 230695, 266280, 63000, 4283]
[main 66ae9f3] update csv
 1 file changed, 1 insertion(+)
To github.com:DataRobot333/GoldTracker.git
   0bf7488..66ae9f3  main -> main
saved: ['2026/09/16 04:24:32', 23200000, 230695, 266280, 63000, 4280]
[main 9c50709] update csv
 1 file changed, 1 insertion(+)
To github.com:DataRobot333/GoldTracker.git
   66ae9f3..9c50709  main -> main
saved: ['2026/09/16 04:28:31', 23200000, 230695, 266280, 63000, 4277]
[main f273c5d] update csv
 1 file changed, 1 insertion(+)
To github.com:DataRobot333/GoldTracker.git
   9c50709..f273c5d  main -> main
saved: ['2026/09/16 04:32:31', 23200000, 230695, 266280, 63000, 4283]
[main ce35854] update csv
 1 file changed, 1 insertion(+)
To github.com:DataRobot333/GoldTracker.git
   f273c5d..ce35854  main -> main
saved: ['2026/09/16 04:36:31', 23200000, 230695, 266280, 63000, 4279]
[main e47d33f] update csv
 1 file changed, 1 insertion(+)
To github.com:DataRobot333/GoldTracker.git
   ce35854..e47d33f  main -> main
saved: ['2026/09/16 04:40:31', 23200000, 230695, 266280, 63000, 4281]
[main 29e8da4] update csv
 1 file changed, 1 insertion(+)
To github.com:DataRobot333/GoldTracker.git
   e47d33f..29e8da4  main -> main
saved: ['2026/09/16 04:44:31', 23200000, 230695, 266280, 63000, 4284]
[main 19102a5] update csv
 1 file changed, 1 insertion(+)
To github.com:DataRobot333/GoldTracker.git
   29e8da4..19102a5  main -> main
saved: ['2026/09/16 04:48:31', 23200000, 230695, 266280, 63000, 4288]
[main c4ccf5b] update csv
 1 file changed, 1 insertion(+)
To github.com:DataRobot333/GoldTracker.git
   19102a5..c4ccf5b  main -> main
saved: ['2026/09/16 04:52:31', 23200000, 230695, 266280, 63000, 4290]
[main 214325d] update csv
 1 file changed, 1 insertion(+)
To github.com:DataRobot333/GoldTracker.git
   c4ccf5b..214325d  main -> main
saved: ['2026/09/16 04:56:31', 23200000, 230695, 266280, 63000, 4290]
[main 20d4eb1] update csv
 1 file changed, 1 insertion(+)
To github.com:DataRobot333/GoldTracker.git
   214325d..20d4eb1  main -> main
saved: ['2026/09/16 05:00:31', 23200000, 230695, 266280, 63000, 4292]
[main 7ab090e] update csv
 1 file changed, 1 insertion(+)
To github.com:DataRobot333/GoldTracker.git
   20d4eb1..7ab090e  main -> main
saved: ['2026/09/16 05:04:31', 23200000, 230695, 266280, 63000, 4288]
[main 9d2c1e9] update csv
 1 file changed, 1 insertion(+)
To github.com:DataRobot333/GoldTracker.git
   7ab090e..9d2c1e9  main -> main
saved: ['2026/09/16 05:08:31', 23200000, 230695, 266280, 63000, 4288]
[main 8a160e7] update csv
 1 file changed, 1 insertion(+)
To github.com:DataRobot333/GoldTracker.git
   9d2c1e9..8a160e7  main -> main
saved: ['2026/09/16 05:12:31', 23200000, 230695, 266280, 63000, 4288]
[main b992b65] update csv
 1 file changed, 1 insertion(+)
To github.com:DataRobot333/GoldTracker.git
   8a160e7..b992b65  main -> main
saved: ['2026/09/16 05:16:31', 23200000, 230695, 266280, 63000, 4288]
[main deda6ff] update csv
 1 file changed, 1 insertion(+)
To github.com:DataRobot333/GoldTracker.git
   b992b65..deda6ff  main -> main
saved: ['2026/09/16 05:20:31', 23200000, 230695, 266280, 63000, 4286]
[main 08fac29] update csv
 1 file changed, 1 insertion(+)
To github.com:DataRobot333/GoldTracker.git
   deda6ff..08fac29  main -> main
saved: ['2026/09/16 05:24:31', 23200000, 230695, 266280, 63000, 4287]
[main 80a37e2] update csv
 1 file changed, 1 insertion(+)
To github.com:DataRobot333/GoldTracker.git
   08fac29..80a37e2  main -> main
saved: ['2026/09/16 05:28:31', 23200000, 230695, 266280, 63000, 4282]
[main 63966bb] update csv
 1 file changed, 1 insertion(+)
To github.com:DataRobot333/GoldTracker.git
   80a37e2..63966bb  main -> main
saved: ['2026/09/16 05:32:31', 23200000, 230695, 266280, 63000, 4284]
[main 9305e88] update csv
 1 file changed, 1 insertion(+)
To github.com:DataRobot333/GoldTracker.git
   63966bb..9305e88  main -> main
saved: ['2026/09/16 05:36:31', 23200000, 230695, 266280, 63000, 4285]
[main 244c387] update csv
 1 file changed, 1 insertion(+)
To github.com:DataRobot333/GoldTracker.git
   9305e88..244c387  main -> main
saved: ['2026/09/16 05:40:31', 23200000, 230695, 266280, 63000, 4289]
[main b6987c6] update csv
 1 file changed, 1 insertion(+)
To github.com:DataRobot333/GoldTracker.git
   244c387..b6987c6  main -> main
saved: ['2026/09/16 05:44:31', 23200000, 230695, 266280, 63000, 4293]
[main 3812582] update csv
 1 file changed, 1 insertion(+)
To github.com:DataRobot333/GoldTracker.git
   b6987c6..3812582  main -> main
saved: ['2026/09/16 05:48:31', 23200000, 230695, 266280, 63000, 4291]
[main 8b0336e] update csv
 1 file changed, 1 insertion(+)
To github.com:DataRobot333/GoldTracker.git
   3812582..8b0336e  main -> main
saved: ['2026/09/16 05:52:34', 23200000, 230695, 266280, 63000, 4291]
[main cea9319] update csv
 1 file changed, 1 insertion(+)
To github.com:DataRobot333/GoldTracker.git
   8b0336e..cea9319  main -> main
saved: ['2026/09/16 05:56:31', 23200000, 230695, 266280, 63000, 4295]
[main ee62206] update csv
 1 file changed, 1 insertion(+)
To github.com:DataRobot333/GoldTracker.git
   cea9319..ee62206  main -> main
saved: ['2026/09/16 06:00:31', 23200000, 230695, 266280, 63000, 4298]
[main b4617c1] update csv
 1 file changed, 1 insertion(+)
To github.com:DataRobot333/GoldTracker.git
   ee62206..b4617c1  main -> main
saved: ['2026/09/16 06:04:31', 23200000, 230695, 266280, 63000, 4305]
[main dc9b64f] update csv
 1 file changed, 1 insertion(+)
To github.com:DataRobot333/GoldTracker.git
   b4617c1..dc9b64f  main -> main
saved: ['2026/09/16 06:08:31', 23200000, 230695, 266280, 63000, 4311]
[main 2293c1f] update csv
 1 file changed, 1 insertion(+)
To github.com:DataRobot333/GoldTracker.git
   dc9b64f..2293c1f  main -> main
saved: ['2026/09/16 06:12:31', 23200000, 230695, 266280, 63000, 4311]
[main acbc476] update csv
 1 file changed, 1 insertion(+)
To github.com:DataRobot333/GoldTracker.git
   2293c1f..acbc476  main -> main
saved: ['2026/09/16 06:16:34', 23200000, 230695, 266280, 63000, 4311]
[main 06dab7b] update csv
 1 file changed, 1 insertion(+)
To github.com:DataRobot333/GoldTracker.git
   acbc476..06dab7b  main -> main
saved: ['2026/09/16 06:20:31', 23200000, 230695, 266280, 63000, 4314]
[main a488e80] update csv
 1 file changed, 1 insertion(+)
To github.com:DataRobot333/GoldTracker.git
   06dab7b..a488e80  main -> main
saved: ['2026/09/16 06:24:32', 23200000, 230695, 266280, 63000, 4314]
[main 1e15ba7] update csv
 1 file changed, 1 insertion(+)
To github.com:DataRobot333/GoldTracker.git
   a488e80..1e15ba7  main -> main
saved: ['2026/09/16 06:28:32', 23200000, 230695, 266280, 63000, 4322]
[main 30300c8] update csv
 1 file changed, 1 insertion(+)
To github.com:DataRobot333/GoldTracker.git
   1e15ba7..30300c8  main -> main
saved: ['2026/09/16 06:32:31', 23200000, 230695, 266280, 63000, 4324]
[main 3969597] update csv
 1 file changed, 1 insertion(+)
To github.com:DataRobot333/GoldTracker.git
   30300c8..3969597  main -> main
saved: ['2026/09/16 06:36:31', 23200000, 230695, 266280, 63000, 4330]
[main a6a2f1a] update csv
 1 file changed, 1 insertion(+)
To github.com:DataRobot333/GoldTracker.git
   3969597..a6a2f1a  main -> main
saved: ['2026/09/16 06:40:31', 23200000, 230695, 266280, 63000, 4327]
[main 14bbb63] update csv
 1 file changed, 1 insertion(+)
To github.com:DataRobot333/GoldTracker.git
   a6a2f1a..14bbb63  main -> main
saved: ['2026/09/16 06:44:31', 23200000, 230695, 266280, 63000, 4335]
[main b443cbf] update csv
 1 file changed, 1 insertion(+)
To github.com:DataRobot333/GoldTracker.git
   14bbb63..b443cbf  main -> main
saved: ['2026/09/16 06:48:31', 23200000, 230695, 266280, 63000, 4338]
[main 900ba38] update csv
 1 file changed, 1 insertion(+)
To github.com:DataRobot333/GoldTracker.git
   b443cbf..900ba38  main -> main
saved: ['2026/09/16 06:52:32', 23200000, 230695, 266280, 63000, 4338]
[main 3cc738b] update csv
 1 file changed, 1 insertion(+)
To github.com:DataRobot333/GoldTracker.git
   900ba38..3cc738b  main -> main
saved: ['2026/09/16 06:56:31', 23200000, 230695, 266280, 63000, 4337]
[main 04eaeac] update csv
 1 file changed, 1 insertion(+)
To github.com:DataRobot333/GoldTracker.git
   3cc738b..04eaeac  main -> main
saved: ['2026/09/16 07:00:31', 23200000, 230695, 266280, 63000, 4333]
[main 03d788f] update csv
 1 file changed, 1 insertion(+)
To github.com:DataRobot333/GoldTracker.git
   04eaeac..03d788f  main -> main
saved: ['2026/09/16 07:04:31', 23200000, 230695, 266280, 63000, 4330]
[main 649c852] update csv
 1 file changed, 1 insertion(+)
To github.com:DataRobot333/GoldTracker.git
   03d788f..649c852  main -> main
saved: ['2026/09/16 07:08:31', 23200000, 230695, 266280, 63000, 4326]
[main 7258501] update csv
 1 file changed, 1 insertion(+)
To github.com:DataRobot333/GoldTracker.git
   649c852..7258501  main -> main
saved: ['2026/09/16 07:12:31', 23200000, 230695, 266280, 63000, 4327]
[main 4c44199] update csv
 1 file changed, 1 insertion(+)
To github.com:DataRobot333/GoldTracker.git
   7258501..4c44199  main -> main
saved: ['2026/09/16 07:16:31', 23200000, 230695, 266280, 63000, 4326]
[main 6785b55] update csv
 1 file changed, 1 insertion(+)
To github.com:DataRobot333/GoldTracker.git
   4c44199..6785b55  main -> main
saved: ['2026/09/16 07:20:31', 23200000, 230695, 266280, 63000, 4326]
[main e80adbe] update csv
 1 file changed, 1 insertion(+)
To github.com:DataRobot333/GoldTracker.git
   6785b55..e80adbe  main -> main
saved: ['2026/09/16 07:24:31', 23200000, 230695, 266280, 63000, 4326]
[main c3a17e3] update csv
 1 file changed, 1 insertion(+)
To github.com:DataRobot333/GoldTracker.git
   e80adbe..c3a17e3  main -> main
saved: ['2026/09/16 07:28:31', 23200000, 230695, 266280, 63000, 4326]
[main 3517a22] update csv
 1 file changed, 1 insertion(+)
To github.com:DataRobot333/GoldTracker.git
   c3a17e3..3517a22  main -> main
saved: ['2026/09/16 07:32:32', 23200000, 230695, 266280, 63000, 4327]
[main 634747a] update csv
 1 file changed, 1 insertion(+)
To github.com:DataRobot333/GoldTracker.git
   3517a22..634747a  main -> main
saved: ['2026/09/16 07:36:32', 23200000, 230695, 266280, 63000, 4326]
[main 09dda09] update csv
 1 file changed, 1 insertion(+)
To github.com:DataRobot333/GoldTracker.git
   634747a..09dda09  main -> main
saved: ['2026/09/16 07:40:32', 23200000, 230695, 266280, 63000, 4326]
[main 533e05c] update csv
 1 file changed, 1 insertion(+)
To github.com:DataRobot333/GoldTracker.git
   09dda09..533e05c  main -> main
saved: ['2026/09/16 07:44:35', 23200000, 230695, 266280, 63000, 4327]
[main 572e2ca] update csv
 1 file changed, 1 insertion(+)
To github.com:DataRobot333/GoldTracker.git
   533e05c..572e2ca  main -> main
saved: ['2026/09/16 07:48:32', 23200000, 230695, 266280, 63000, 4325]
[main 424d204] update csv
 1 file changed, 1 insertion(+)
To github.com:DataRobot333/GoldTracker.git
   572e2ca..424d204  main -> main
saved: ['2026/09/16 07:52:31', 23200000, 230695, 266280, 63000, 4325]
[main 46e9927] update csv
 1 file changed, 1 insertion(+)
To github.com:DataRobot333/GoldTracker.git
   424d204..46e9927  main -> main
saved: ['2026/09/16 07:56:31', 23200000, 230695, 266280, 63000, 4326]
[main 1260447] update csv
 1 file changed, 1 insertion(+)
To github.com:DataRobot333/GoldTracker.git
   46e9927..1260447  main -> main
saved: ['2026/09/16 08:00:31', 23200000, 230695, 266280, 63000, 4326]
[main 435efd8] update csv
 1 file changed, 1 insertion(+)
To github.com:DataRobot333/GoldTracker.git
   1260447..435efd8  main -> main
saved: ['2026/09/16 08:04:31', 23200000, 230695, 266280, 63000, 4326]
[main b1d2ed9] update csv
 1 file changed, 1 insertion(+)
To github.com:DataRobot333/GoldTracker.git
   435efd8..b1d2ed9  main -> main
saved: ['2026/09/16 08:08:31', 23200000, 230695, 266280, 63000, 4325]
[main 6db7b32] update csv
 1 file changed, 1 insertion(+)
To github.com:DataRobot333/GoldTracker.git
   b1d2ed9..6db7b32  main -> main
saved: ['2026/09/16 08:12:31', 23200000, 230695, 266280, 63000, 4326]
[main f0db114] update csv
 1 file changed, 1 insertion(+)
To github.com:DataRobot333/GoldTracker.git
   6db7b32..f0db114  main -> main
saved: ['2026/09/16 08:16:31', 23200000, 230695, 266280, 63000, 4323]
[main 7921105] update csv
 1 file changed, 1 insertion(+)
To github.com:DataRobot333/GoldTracker.git
   f0db114..7921105  main -> main
saved: ['2026/09/16 08:20:31', 23200000, 230695, 266280, 63000, 4322]
[main 2b397d2] update csv
 1 file changed, 1 insertion(+)
To github.com:DataRobot333/GoldTracker.git
   7921105..2b397d2  main -> main
saved: ['2026/09/16 08:24:31', 23200000, 230695, 266280, 63000, 4322]
[main bf177fd] update csv
 1 file changed, 1 insertion(+)
To github.com:DataRobot333/GoldTracker.git
   2b397d2..bf177fd  main -> main
saved: ['2026/09/16 08:28:31', 23200000, 230695, 266280, 63000, 4321]
[main 21939b1] update csv
 1 file changed, 1 insertion(+)
To github.com:DataRobot333/GoldTracker.git
   bf177fd..21939b1  main -> main
saved: ['2026/09/16 08:32:31', 23200000, 230695, 266280, 63000, 4322]
[main a51f0bd] update csv
 1 file changed, 1 insertion(+)
To github.com:DataRobot333/GoldTracker.git
   21939b1..a51f0bd  main -> main
saved: ['2026/09/16 08:36:31', 23200000, 230695, 266280, 63000, 4322]
[main 2c88433] update csv
 1 file changed, 1 insertion(+)
To github.com:DataRobot333/GoldTracker.git
   a51f0bd..2c88433  main -> main
saved: ['2026/09/16 08:40:31', 23200000, 230695, 266280, 63000, 4323]
[main f5619d0] update csv
 1 file changed, 1 insertion(+)
To github.com:DataRobot333/GoldTracker.git
   2c88433..f5619d0  main -> main
saved: ['2026/09/16 08:44:31', 23200000, 230695, 266280, 63000, 4323]
[main 0ef32b7] update csv
 1 file changed, 1 insertion(+)
To github.com:DataRobot333/GoldTracker.git
   f5619d0..0ef32b7  main -> main
saved: ['2026/09/16 08:48:36', 23200000, 230695, 266280, 63000, 4323]
[main bb090ba] update csv
 1 file changed, 1 insertion(+)
To github.com:DataRobot333/GoldTracker.git
   0ef32b7..bb090ba  main -> main
saved: ['2026/09/16 08:52:32', 23200000, 230695, 266280, 63000, 4325]
[main cff023b] update csv
 1 file changed, 1 insertion(+)
To github.com:DataRobot333/GoldTracker.git
   bb090ba..cff023b  main -> main
saved: ['2026/09/16 08:56:32', 23200000, 230695, 266280, 63000, 4324]
[main da9f585] update csv
 1 file changed, 1 insertion(+)
To github.com:DataRobot333/GoldTracker.git
   cff023b..da9f585  main -> main
saved: ['2026/09/16 09:00:31', 23200000, 230695, 266280, 63000, 4325]
[main c5fc4a7] update csv
 1 file changed, 1 insertion(+)
To github.com:DataRobot333/GoldTracker.git
   da9f585..c5fc4a7  main -> main
saved: ['2026/09/16 09:04:31', 23200000, 230695, 266280, 63000, 4329]
[main 78f8deb] update csv
 1 file changed, 1 insertion(+)
To github.com:DataRobot333/GoldTracker.git
   c5fc4a7..78f8deb  main -> main
saved: ['2026/09/16 09:08:36', 23200000, 230695, 266280, 63000, 4327]
[main 7ddad8b] update csv
 1 file changed, 1 insertion(+)
To github.com:DataRobot333/GoldTracker.git
   78f8deb..7ddad8b  main -> main
saved: ['2026/09/16 09:12:31', 23520000, 230695, 266280, 63000, 4329]
[main 93e9a1f] update csv
 1 file changed, 1 insertion(+)
To github.com:DataRobot333/GoldTracker.git
   7ddad8b..93e9a1f  main -> main
saved: ['2026/09/16 09:16:31', 23520000, 230695, 266280, 63000, 4332]
[main f41fe7d] update csv
 1 file changed, 1 insertion(+)
To github.com:DataRobot333/GoldTracker.git
   93e9a1f..f41fe7d  main -> main
saved: ['2026/09/16 09:20:31', 23520000, 230695, 266280, 63000, 4328]
[main 42ecab6] update csv
 1 file changed, 1 insertion(+)
To github.com:DataRobot333/GoldTracker.git
   f41fe7d..42ecab6  main -> main
saved: ['2026/09/16 09:24:32', 23520000, 230695, 266280, 63000, 4330]
[main 44dbeac] update csv
 1 file changed, 1 insertion(+)
To github.com:DataRobot333/GoldTracker.git
   42ecab6..44dbeac  main -> main
saved: ['2026/09/16 09:28:31', 23520000, 230695, 266280, 63000, 4330]
[main 03d919c] update csv
 1 file changed, 1 insertion(+)
To github.com:DataRobot333/GoldTracker.git
   44dbeac..03d919c  main -> main
saved: ['2026/09/16 09:32:32', 23520000, 230695, 266280, 63000, 4328]
[main 728e015] update csv
 1 file changed, 1 insertion(+)
To github.com:DataRobot333/GoldTracker.git
   03d919c..728e015  main -> main
saved: ['2026/09/16 09:36:31', 23450000, 230695, 266280, 63000, 4322]
[main e5c945a] update csv
 1 file changed, 1 insertion(+)
To github.com:DataRobot333/GoldTracker.git
   728e015..e5c945a  main -> main
saved: ['2026/09/16 09:40:32', 23450000, 230695, 266280, 63000, 4323]
[main d359cb7] update csv
 1 file changed, 1 insertion(+)
To github.com:DataRobot333/GoldTracker.git
   e5c945a..d359cb7  main -> main
saved: ['2026/09/16 09:44:31', 23450000, 230695, 266280, 63000, 4326]
[main 3b2f41d] update csv
 1 file changed, 1 insertion(+)
To github.com:DataRobot333/GoldTracker.git
   d359cb7..3b2f41d  main -> main
saved: ['2026/09/16 09:48:31', 23450000, 230695, 266280, 63000, 4326]
[main 3978f0a] update csv
 1 file changed, 1 insertion(+)
To github.com:DataRobot333/GoldTracker.git
   3b2f41d..3978f0a  main -> main
saved: ['2026/09/16 09:52:32', 23450000, 230695, 266280, 63000, 4327]
[main 4bb2625] update csv
 1 file changed, 1 insertion(+)
To github.com:DataRobot333/GoldTracker.git
   3978f0a..4bb2625  main -> main
saved: ['2026/09/16 09:56:32', 23450000, 230695, 266280, 63000, 4327]
[main 13a6298] update csv
 1 file changed, 1 insertion(+)
To github.com:DataRobot333/GoldTracker.git
   4bb2625..13a6298  main -> main
saved: ['2026/09/16 10:00:32', 23420000, 230695, 266280, 63000, 4326]
[main a9b5404] update csv
 1 file changed, 1 insertion(+)
To github.com:DataRobot333/GoldTracker.git
   13a6298..a9b5404  main -> main
saved: ['2026/09/16 10:04:31', 23420000, 230695, 266280, 63000, 4325]
[main a262a8b] update csv
 1 file changed, 1 insertion(+)
ssh: connect to host github.com port 22: Connection timed out
fatal: Could not read from remote repository.

Please make sure you have the correct access rights
and the repository exists.
saved: ['2026/09/16 10:08:31', 23420000, 230695, 266280, 63000, 4326]
[main c6f6c6a] update csv
 1 file changed, 1 insertion(+)
To github.com:DataRobot333/GoldTracker.git
   a9b5404..c6f6c6a  main -> main
saved: ['2026/09/16 10:12:31', 23420000, 230695, 266280, 63000, 4326]
[main 6bf057b] update csv
 1 file changed, 1 insertion(+)
To github.com:DataRobot333/GoldTracker.git
   c6f6c6a..6bf057b  main -> main
saved: ['2026/09/16 10:16:32', 23420000, 230695, 266280, 63000, 4327]
[main 533e07b] update csv
 1 file changed, 1 insertion(+)
To github.com:DataRobot333/GoldTracker.git
   6bf057b..533e07b  main -> main
saved: ['2026/09/16 10:20:32', 23420000, 230695, 266280, 63000, 4326]
[main ac7cf0d] update csv
 1 file changed, 1 insertion(+)
To github.com:DataRobot333/GoldTracker.git
   533e07b..ac7cf0d  main -> main
saved: ['2026/09/16 10:24:31', 23420000, 230695, 266280, 63000, 4326]
[main 1ad9487] update csv
 1 file changed, 1 insertion(+)
To github.com:DataRobot333/GoldTracker.git
   ac7cf0d..1ad9487  main -> main
saved: ['2026/09/16 10:28:31', 23470000, 230695, 266280, 63000, 4330]
[main 2060222] update csv
 1 file changed, 1 insertion(+)
To github.com:DataRobot333/GoldTracker.git
   1ad9487..2060222  main -> main
saved: ['2026/09/16 10:32:31', 23540000, 230695, 266280, 63000, 4333]
[main 751acfe] update csv
 1 file changed, 1 insertion(+)
To github.com:DataRobot333/GoldTracker.git
   2060222..751acfe  main -> main
saved: ['2026/09/16 10:36:31', 23540000, 230695, 266280, 63000, 4333]
[main 8d1512b] update csv
 1 file changed, 1 insertion(+)
To github.com:DataRobot333/GoldTracker.git
   751acfe..8d1512b  main -> main
saved: ['2026/09/16 10:40:31', 23540000, 230695, 266280, 63000, 4333]
[main fb557d1] update csv
 1 file changed, 1 insertion(+)
To github.com:DataRobot333/GoldTracker.git
   8d1512b..fb557d1  main -> main
saved: ['2026/09/16 10:44:31', 23540000, 230695, 266280, 63000, 4332]
[main e1d3ba7] update csv
 1 file changed, 1 insertion(+)
To github.com:DataRobot333/GoldTracker.git
   fb557d1..e1d3ba7  main -> main
saved: ['2026/09/16 10:48:32', 23610000, 230695, 266280, 63000, 4336]
[main 70e53d5] update csv
 1 file changed, 1 insertion(+)
To github.com:DataRobot333/GoldTracker.git
   e1d3ba7..70e53d5  main -> main
saved: ['2026/09/16 10:52:31', 23610000, 230695, 266280, 63000, 4332]
[main 70d2bea] update csv
 1 file changed, 1 insertion(+)
To github.com:DataRobot333/GoldTracker.git
   70e53d5..70d2bea  main -> main
saved: ['2026/09/16 10:56:31', 23610000, 230695, 266280, 63000, 4334]
[main 97ee5ef] update csv
 1 file changed, 1 insertion(+)
To github.com:DataRobot333/GoldTracker.git
   70d2bea..97ee5ef  main -> main
saved: ['2026/09/16 11:00:31', 23610000, 230695, 266280, 63000, 4335]
[main 293407d] update csv
 1 file changed, 1 insertion(+)
To github.com:DataRobot333/GoldTracker.git
   97ee5ef..293407d  main -> main
saved: ['2026/09/16 11:04:31', 23610000, 229820, 265270, 63000, 4334]
[main f665952] update csv
 1 file changed, 1 insertion(+)
To github.com:DataRobot333/GoldTracker.git
   293407d..f665952  main -> main
saved: ['2026/09/16 11:08:32', 23610000, 229900, 265480, 63000, 4337]
[main a3b266f] update csv
 1 file changed, 1 insertion(+)
To github.com:DataRobot333/GoldTracker.git
   f665952..a3b266f  main -> main
saved: ['2026/09/16 11:12:33', 23540000, 229860, 265530, 63000, 4337]
[main ceb7478] update csv
 1 file changed, 1 insertion(+)
To github.com:DataRobot333/GoldTracker.git
   a3b266f..ceb7478  main -> main
saved: ['2026/09/16 11:16:37', 23540000, 229910, 265480, 63000, 4337]
[main 9f421f9] update csv
 1 file changed, 1 insertion(+)
To github.com:DataRobot333/GoldTracker.git
   ceb7478..9f421f9  main -> main
saved: ['2026/09/16 11:20:31', 23540000, 230220, 266100, 63000, 4334]
[main 0ffb145] update csv
 1 file changed, 1 insertion(+)
To github.com:DataRobot333/GoldTracker.git
   9f421f9..0ffb145  main -> main
saved: ['2026/09/16 11:24:31', 23540000, 230220, 266030, 63000, 4330]
[main 9854ca7] update csv
 1 file changed, 1 insertion(+)
To github.com:DataRobot333/GoldTracker.git
   0ffb145..9854ca7  main -> main
saved: ['2026/09/16 11:28:31', 23540000, 230235, 266090, 63000, 4329]
[main 98e8492] update csv
 1 file changed, 1 insertion(+)
To github.com:DataRobot333/GoldTracker.git
   9854ca7..98e8492  main -> main
saved: ['2026/09/16 11:32:32', 23540000, 230370, 266260, 63000, 4326]
[main 8992713] update csv
 1 file changed, 1 insertion(+)
To github.com:DataRobot333/GoldTracker.git
   98e8492..8992713  main -> main
saved: ['2026/09/16 11:36:31', 23540000, 230600, 266450, 63000, 4326]
[main 4281a14] update csv
 1 file changed, 1 insertion(+)
ssh: connect to host github.com port 22: Connection timed out
fatal: Could not read from remote repository.

Please make sure you have the correct access rights
and the repository exists.
saved: ['2026/09/16 11:40:31', 23540000, 230365, 266230, 63000, 4325]
[main 4e3f245] update csv
 1 file changed, 1 insertion(+)
To github.com:DataRobot333/GoldTracker.git
   8992713..4e3f245  main -> main
saved: ['2026/09/16 11:44:31', 23500000, 230510, 266230, 63000, 4326]
[main 3c1f60c] update csv
 1 file changed, 1 insertion(+)
To github.com:DataRobot333/GoldTracker.git
   4e3f245..3c1f60c  main -> main
saved: ['2026/09/16 11:48:31', 23500000, 230700, 266460, 63000, 4330]
[main e22277e] update csv
 1 file changed, 1 insertion(+)
To github.com:DataRobot333/GoldTracker.git
   3c1f60c..e22277e  main -> main
saved: ['2026/09/16 11:52:31', 23500000, 230715, 266490, 63000, 4333]
[main 6d17407] update csv
 1 file changed, 1 insertion(+)
ssh: connect to host github.com port 22: Connection timed out
fatal: Could not read from remote repository.

Please make sure you have the correct access rights
and the repository exists.
saved: ['2026/09/16 11:56:31', 23500000, 230600, 266380, 63000, 4334]
[main 1bae1e2] update csv
 1 file changed, 1 insertion(+)
To github.com:DataRobot333/GoldTracker.git
   e22277e..1bae1e2  main -> main
saved: ['2026/09/16 12:00:32', 23500000, 230620, 266450, 63000, 4333]
[main df28c23] update csv
 1 file changed, 1 insertion(+)
To github.com:DataRobot333/GoldTracker.git
   1bae1e2..df28c23  main -> main
saved: ['2026/09/16 12:04:31', 23500000, 231400, 267340, 63000, 4330]
[main d359653] update csv
 1 file changed, 1 insertion(+)
To github.com:DataRobot333/GoldTracker.git
   df28c23..d359653  main -> main
saved: ['2026/09/16 12:08:32', 23450000, 231160, 267100, 63000, 4327]
[main 1c53a20] update csv
 1 file changed, 1 insertion(+)
To github.com:DataRobot333/GoldTracker.git
   d359653..1c53a20  main -> main
saved: ['2026/09/16 12:12:31', 23450000, 230200, 265910, 63000, 4324]
[main 862b48f] update csv
 1 file changed, 1 insertion(+)
To github.com:DataRobot333/GoldTracker.git
   1c53a20..862b48f  main -> main
saved: ['2026/09/16 12:16:31', 23450000, 230415, 266130, 63000, 4328]
[main 7b64813] update csv
 1 file changed, 1 insertion(+)
To github.com:DataRobot333/GoldTracker.git
   862b48f..7b64813  main -> main
saved: ['2026/09/16 12:20:32', 23450000, 230365, 266160, 62900, 4328]
[main 09ccff4] update csv
 1 file changed, 1 insertion(+)
To github.com:DataRobot333/GoldTracker.git
   7b64813..09ccff4  main -> main
saved: ['2026/09/16 12:24:31', 23450000, 230590, 266360, 62900, 4329]
[main 46e6588] update csv
 1 file changed, 1 insertion(+)
To github.com:DataRobot333/GoldTracker.git
   09ccff4..46e6588  main -> main
saved: ['2026/09/16 12:28:32', 23450000, 230700, 266440, 62900, 4330]
[main 81e75e6] update csv
 1 file changed, 1 insertion(+)
To github.com:DataRobot333/GoldTracker.git
   46e6588..81e75e6  main -> main
saved: ['2026/09/16 12:32:31', 23480000, 230670, 266420, 62900, 4330]
[main 72e6b68] update csv
 1 file changed, 1 insertion(+)
To github.com:DataRobot333/GoldTracker.git
   81e75e6..72e6b68  main -> main
saved: ['2026/09/16 12:36:31', 23480000, 230710, 266350, 62900, 4331]
[main f920d7e] update csv
 1 file changed, 1 insertion(+)
To github.com:DataRobot333/GoldTracker.git
   72e6b68..f920d7e  main -> main
saved: ['2026/09/16 12:40:32', 23480000, 230675, 266360, 62900, 4331]
[main b108b47] update csv
 1 file changed, 1 insertion(+)
To github.com:DataRobot333/GoldTracker.git
   f920d7e..b108b47  main -> main
saved: ['2026/09/16 12:44:43', 23480000, 230680, 266160, 62900, 4331]
[main 7809fc3] update csv
 1 file changed, 1 insertion(+)
To github.com:DataRobot333/GoldTracker.git
   b108b47..7809fc3  main -> main
saved: ['2026/09/16 12:48:34', 23480000, 230600, 266220, 62900, 4332]
[main 98322e9] update csv
 1 file changed, 1 insertion(+)
To github.com:DataRobot333/GoldTracker.git
   7809fc3..98322e9  main -> main
saved: ['2026/09/16 12:52:31', 23480000, 230600, 266250, 62900, 4329]
[main 9eea785] update csv
 1 file changed, 1 insertion(+)
To github.com:DataRobot333/GoldTracker.git
   98322e9..9eea785  main -> main
saved: ['2026/09/16 12:56:31', 23480000, 230600, 266230, 62900, 4328]
[main 6c1d27c] update csv
 1 file changed, 1 insertion(+)
To github.com:DataRobot333/GoldTracker.git
   9eea785..6c1d27c  main -> main
saved: ['2026/09/16 13:00:32', 23480000, 230515, 266140, 62900, 4330]
[main 2110fd3] update csv
 1 file changed, 1 insertion(+)
To github.com:DataRobot333/GoldTracker.git
   6c1d27c..2110fd3  main -> main
saved: ['2026/09/16 13:04:31', 23510000, 230680, 266320, 62900, 4334]
[main 0ca561f] update csv
 1 file changed, 1 insertion(+)
To github.com:DataRobot333/GoldTracker.git
   2110fd3..0ca561f  main -> main
saved: ['2026/09/16 13:08:31', 23510000, 230710, 266370, 62900, 4333]
[main 9c0e0ff] update csv
 1 file changed, 1 insertion(+)
To github.com:DataRobot333/GoldTracker.git
   0ca561f..9c0e0ff  main -> main
saved: ['2026/09/16 13:12:36', 23510000, 230400, 266060, 62900, 4334]
[main 673ed0b] update csv
 1 file changed, 1 insertion(+)
To github.com:DataRobot333/GoldTracker.git
   9c0e0ff..673ed0b  main -> main
saved: ['2026/09/16 13:16:31', 23510000, 230360, 266060, 62900, 4335]
[main 6ad5b86] update csv
 1 file changed, 1 insertion(+)
To github.com:DataRobot333/GoldTracker.git
   673ed0b..6ad5b86  main -> main
saved: ['2026/09/16 13:20:31', 23510000, 230400, 266050, 62900, 4334]
[main 0d8e375] update csv
 1 file changed, 1 insertion(+)
To github.com:DataRobot333/GoldTracker.git
   6ad5b86..0d8e375  main -> main
saved: ['2026/09/16 13:24:32', 23510000, 230400, 266020, 62900, 4335]
[main fddff62] update csv
 1 file changed, 1 insertion(+)
To github.com:DataRobot333/GoldTracker.git
   0d8e375..fddff62  main -> main
saved: ['2026/09/16 13:28:36', 23510000, 230400, 266010, 62900, 4338]
[main b1e203e] update csv
 1 file changed, 1 insertion(+)
To github.com:DataRobot333/GoldTracker.git
   fddff62..b1e203e  main -> main
saved: ['2026/09/16 13:32:32', 23470000, 230170, 265800, 62900, 4338]
[main 8060a86] update csv
 1 file changed, 1 insertion(+)
To github.com:DataRobot333/GoldTracker.git
   b1e203e..8060a86  main -> main
saved: ['2026/09/16 13:36:32', 23470000, 230165, 265790, 62900, 4338]
[main d025bf1] update csv
 1 file changed, 1 insertion(+)
To github.com:DataRobot333/GoldTracker.git
   8060a86..d025bf1  main -> main
saved: ['2026/09/16 13:40:33', 23470000, 230200, 265790, 63000, 4344]
[main 0b7fd67] update csv
 1 file changed, 1 insertion(+)
To github.com:DataRobot333/GoldTracker.git
   d025bf1..0b7fd67  main -> main
saved: ['2026/09/16 13:44:38', 23470000, 230165, 265790, 63000, 4344]
[main e947958] update csv
 1 file changed, 1 insertion(+)
To github.com:DataRobot333/GoldTracker.git
   0b7fd67..e947958  main -> main
saved: ['2026/09/16 13:48:34', 23470000, 230175, 265710, 63000, 4342]
[main 7712126] update csv
 1 file changed, 1 insertion(+)
To github.com:DataRobot333/GoldTracker.git
   e947958..7712126  main -> main
saved: ['2026/09/16 13:52:32', 23470000, 230200, 265680, 63000, 4345]
[main ad0c3d3] update csv
 1 file changed, 1 insertion(+)
To github.com:DataRobot333/GoldTracker.git
   7712126..ad0c3d3  main -> main
saved: ['2026/09/16 13:56:31', 23500000, 229900, 265370, 63000, 4341]
[main 21be600] update csv
 1 file changed, 1 insertion(+)
To github.com:DataRobot333/GoldTracker.git
   ad0c3d3..21be600  main -> main
saved: ['2026/09/16 14:00:31', 23500000, 229900, 265370, 63000, 4347]
[main 63dd3b4] update csv
 1 file changed, 1 insertion(+)
To github.com:DataRobot333/GoldTracker.git
   21be600..63dd3b4  main -> main
saved: ['2026/09/16 14:04:31', 23500000, 229800, 265270, 63000, 4347]
[main ae41a18] update csv
 1 file changed, 1 insertion(+)
To github.com:DataRobot333/GoldTracker.git
   63dd3b4..ae41a18  main -> main
saved: ['2026/09/16 14:08:31', 23500000, 229700, 265130, 63000, 4349]
[main 48d3ca5] update csv
 1 file changed, 1 insertion(+)
To github.com:DataRobot333/GoldTracker.git
   ae41a18..48d3ca5  main -> main
saved: ['2026/09/16 14:12:31', 23500000, 229720, 265120, 63000, 4347]
[main e061f0f] update csv
 1 file changed, 1 insertion(+)
To github.com:DataRobot333/GoldTracker.git
   48d3ca5..e061f0f  main -> main
saved: ['2026/09/16 14:16:31', 23500000, 229900, 265340, 63001, 4348]
[main 7bfc2f7] update csv
 1 file changed, 1 insertion(+)
To github.com:DataRobot333/GoldTracker.git
   e061f0f..7bfc2f7  main -> main
saved: ['2026/09/16 14:20:31', 23500000, 229875, 265370, 63000, 4348]
[main 2484f9d] update csv
 1 file changed, 1 insertion(+)
To github.com:DataRobot333/GoldTracker.git
   7bfc2f7..2484f9d  main -> main
saved: ['2026/09/16 14:24:31', 23500000, 229900, 265370, 63000, 4347]
[main 6197888] update csv
 1 file changed, 1 insertion(+)
To github.com:DataRobot333/GoldTracker.git
   2484f9d..6197888  main -> main
saved: ['2026/09/16 14:28:32', 23500000, 229895, 265340, 63000, 4347]
[main 3372ccf] update csv
 1 file changed, 1 insertion(+)
To github.com:DataRobot333/GoldTracker.git
   6197888..3372ccf  main -> main
saved: ['2026/09/16 14:32:32', 23500000, 229895, 265340, 63000, 4349]
[main cda3ff9] update csv
 1 file changed, 1 insertion(+)
To github.com:DataRobot333/GoldTracker.git
   3372ccf..cda3ff9  main -> main
saved: ['2026/09/16 14:36:31', 23500000, 229990, 265490, 63000, 4350]
[main 19a81dd] update csv
 1 file changed, 1 insertion(+)
To github.com:DataRobot333/GoldTracker.git
   cda3ff9..19a81dd  main -> main
saved: ['2026/09/16 14:40:31', 23500000, 229915, 265370, 63000, 4348]
[main 58583fd] update csv
 1 file changed, 1 insertion(+)
To github.com:DataRobot333/GoldTracker.git
   19a81dd..58583fd  main -> main
saved: ['2026/09/16 14:44:31', 23500000, 229900, 265360, 63000, 4349]
[main f8e3180] update csv
 1 file changed, 1 insertion(+)
To github.com:DataRobot333/GoldTracker.git
   58583fd..f8e3180  main -> main
saved: ['2026/09/16 14:48:32', 23500000, 229920, 265320, 63000, 4347]
[main 5c14bce] update csv
 1 file changed, 1 insertion(+)
To github.com:DataRobot333/GoldTracker.git
   f8e3180..5c14bce  main -> main
saved: ['2026/09/16 14:52:32', 23500000, 229910, 265310, 63000, 4347]
[main 9917361] update csv
 1 file changed, 1 insertion(+)
To github.com:DataRobot333/GoldTracker.git
   5c14bce..9917361  main -> main
saved: ['2026/09/16 14:56:31', 23500000, 229800, 265150, 63000, 4348]
[main 13c507b] update csv
 1 file changed, 1 insertion(+)
To github.com:DataRobot333/GoldTracker.git
   9917361..13c507b  main -> main
saved: ['2026/09/16 15:00:31', 23500000, 229900, 265270, 63000, 4352]
[main 6670bd0] update csv
 1 file changed, 1 insertion(+)
To github.com:DataRobot333/GoldTracker.git
   13c507b..6670bd0  main -> main
saved: ['2026/09/16 15:04:31', 23500000, 230200, 265740, 63000, 4350]
[main ce26ec9] update csv
 1 file changed, 1 insertion(+)
To github.com:DataRobot333/GoldTracker.git
   6670bd0..ce26ec9  main -> main
saved: ['2026/09/16 15:08:32', 23500000, 230000, 265730, 63000, 4352]
[main e4aa54c] update csv
 1 file changed, 1 insertion(+)
To github.com:DataRobot333/GoldTracker.git
   ce26ec9..e4aa54c  main -> main
saved: ['2026/09/16 15:12:31', 23500000, 230200, 265950, 63000, 4349]
[main e69cba0] update csv
 1 file changed, 1 insertion(+)
To github.com:DataRobot333/GoldTracker.git
   e4aa54c..e69cba0  main -> main
saved: ['2026/09/16 15:16:31', 23500000, 230200, 265990, 63000, 4350]
[main 4ea58d8] update csv
 1 file changed, 1 insertion(+)
To github.com:DataRobot333/GoldTracker.git
   e69cba0..4ea58d8  main -> main
saved: ['2026/09/16 15:20:32', 23500000, 230190, 265970, 63000, 4347]
[main 7c10e39] update csv
 1 file changed, 1 insertion(+)
To github.com:DataRobot333/GoldTracker.git
   4ea58d8..7c10e39  main -> main
saved: ['2026/09/16 15:24:31', 23500000, 230220, 265940, 63000, 4346]
[main c1fdb62] update csv
 1 file changed, 1 insertion(+)
ssh: connect to host github.com port 22: Connection timed out
fatal: Could not read from remote repository.

Please make sure you have the correct access rights
and the repository exists.
saved: ['2026/09/16 15:28:31', 23500000, 230200, 265980, 63000, 4344]
[main fc2e5ec] update csv
 1 file changed, 1 insertion(+)
To github.com:DataRobot333/GoldTracker.git
   7c10e39..fc2e5ec  main -> main
saved: ['2026/09/16 15:32:31', 23500000, 230180, 265930, 63000, 4342]
[main 2e5ac5e] update csv
 1 file changed, 1 insertion(+)
To github.com:DataRobot333/GoldTracker.git
   fc2e5ec..2e5ac5e  main -> main
saved: ['2026/09/16 15:36:31', 23500000, 230200, 265890, 62800, 4343]
[main 181270f] update csv
 1 file changed, 1 insertion(+)
To github.com:DataRobot333/GoldTracker.git
   2e5ac5e..181270f  main -> main
saved: ['2026/09/16 15:40:32', 23500000, 230420, 266130, 62800, 4347]
[main 2642083] update csv
 1 file changed, 1 insertion(+)
To github.com:DataRobot333/GoldTracker.git
   181270f..2642083  main -> main
saved: ['2026/09/16 15:44:31', 23500000, 230375, 266170, 62800, 4344]
[main ccd1859] update csv
 1 file changed, 1 insertion(+)
To github.com:DataRobot333/GoldTracker.git
   2642083..ccd1859  main -> main
saved: ['2026/09/16 15:48:31', 23500000, 230420, 266160, 62800, 4343]
[main d318d00] update csv
 1 file changed, 1 insertion(+)
To github.com:DataRobot333/GoldTracker.git
   ccd1859..d318d00  main -> main
saved: ['2026/09/16 15:52:31', 23500000, 230370, 266210, 62800, 4340]
[main 9076a64] update csv
 1 file changed, 1 insertion(+)
To github.com:DataRobot333/GoldTracker.git
   d318d00..9076a64  main -> main
saved: ['2026/09/16 15:56:32', 23500000, 230375, 266410, 62800, 4339]
[main b2bfe93] update csv
 1 file changed, 1 insertion(+)
To github.com:DataRobot333/GoldTracker.git
   9076a64..b2bfe93  main -> main
saved: ['2026/09/16 16:00:32', 23500000, 230600, 266310, 62800, 4339]
[main 41371ee] update csv
 1 file changed, 1 insertion(+)
To github.com:DataRobot333/GoldTracker.git
   b2bfe93..41371ee  main -> main
saved: ['2026/09/16 16:04:31', 23500000, 230400, 266080, 62800, 4340]
[main ee85e89] update csv
 1 file changed, 1 insertion(+)
To github.com:DataRobot333/GoldTracker.git
   41371ee..ee85e89  main -> main
saved: ['2026/09/16 16:08:32', 23500000, 230360, 266090, 62800, 4340]
[main 98b156b] update csv
 1 file changed, 1 insertion(+)
To github.com:DataRobot333/GoldTracker.git
   ee85e89..98b156b  main -> main
saved: ['2026/09/16 16:12:33', 23500000, 230400, 266140, 62800, 4342]
[main 07a22b5] update csv
 1 file changed, 1 insertion(+)
To github.com:DataRobot333/GoldTracker.git
   98b156b..07a22b5  main -> main
saved: ['2026/09/16 16:16:31', 23500000, 230400, 266100, 62800, 4343]
[main 20fffcd] update csv
 1 file changed, 1 insertion(+)
To github.com:DataRobot333/GoldTracker.git
   07a22b5..20fffcd  main -> main
saved: ['2026/09/16 16:20:31', 23500000, 230510, 266270, 62800, 4346]
[main 8c924e1] update csv
 1 file changed, 1 insertion(+)
To github.com:DataRobot333/GoldTracker.git
   20fffcd..8c924e1  main -> main
saved: ['2026/09/16 16:24:32', 23500000, 230500, 266260, 62800, 4346]
[main 6b7afc4] update csv
 1 file changed, 1 insertion(+)
To github.com:DataRobot333/GoldTracker.git
   8c924e1..6b7afc4  main -> main
saved: ['2026/09/16 16:28:31', 23500000, 230500, 266230, 62800, 4346]
[main 1496055] update csv
 1 file changed, 1 insertion(+)
To github.com:DataRobot333/GoldTracker.git
   6b7afc4..1496055  main -> main
saved: ['2026/09/16 16:32:31', 23500000, 230500, 266260, 62800, 4348]
[main 54cbbc2] update csv
 1 file changed, 1 insertion(+)
To github.com:DataRobot333/GoldTracker.git
   1496055..54cbbc2  main -> main
saved: ['2026/09/16 16:36:31', 23500000, 230465, 266320, 62800, 4347]
[main d23d7ce] update csv
 1 file changed, 1 insertion(+)
To github.com:DataRobot333/GoldTracker.git
   54cbbc2..d23d7ce  main -> main
saved: ['2026/09/16 16:40:32', 23500000, 230485, 266350, 62800, 4350]
[main d2c6b88] update csv
 1 file changed, 1 insertion(+)
To github.com:DataRobot333/GoldTracker.git
   d23d7ce..d2c6b88  main -> main
saved: ['2026/09/16 16:44:31', 23500000, 230500, 266160, 62800, 4354]
[main 30df04a] update csv
 1 file changed, 1 insertion(+)
To github.com:DataRobot333/GoldTracker.git
   d2c6b88..30df04a  main -> main
saved: ['2026/09/16 16:48:31', 23500000, 230315, 265960, 62800, 4356]
[main 304b39e] update csv
 1 file changed, 1 insertion(+)
To github.com:DataRobot333/GoldTracker.git
   30df04a..304b39e  main -> main
saved: ['2026/09/16 16:52:31', 23500000, 230300, 265990, 62800, 4349]
[main 2e87fff] update csv
 1 file changed, 1 insertion(+)
To github.com:DataRobot333/GoldTracker.git
   304b39e..2e87fff  main -> main
saved: ['2026/09/16 16:56:31', 23500000, 230120, 265780, 62800, 4352]
[main b248600] update csv
 1 file changed, 1 insertion(+)
To github.com:DataRobot333/GoldTracker.git
   2e87fff..b248600  main -> main
saved: ['2026/09/16 17:00:31', 23500000, 230100, 265780, 62800, 4355]
[main 743a2ae] update csv
 1 file changed, 1 insertion(+)
To github.com:DataRobot333/GoldTracker.git
   b248600..743a2ae  main -> main
saved: ['2026/09/16 17:04:31', 23500000, 230200, 265900, 62800, 4352]
[main 9bdc3e6] update csv
 1 file changed, 1 insertion(+)
To github.com:DataRobot333/GoldTracker.git
   743a2ae..9bdc3e6  main -> main
saved: ['2026/09/16 17:08:31', 23500000, 230000, 265670, 62800, 4348]
[main b4a379a] update csv
 1 file changed, 1 insertion(+)
To github.com:DataRobot333/GoldTracker.git
   9bdc3e6..b4a379a  main -> main
saved: ['2026/09/16 17:12:31', 23500000, 230005, 265700, 62800, 4346]
[main ce3df07] update csv
 1 file changed, 1 insertion(+)
To github.com:DataRobot333/GoldTracker.git
   b4a379a..ce3df07  main -> main
saved: ['2026/09/16 17:16:31', 23500000, 230000, 265700, 62800, 4342]
[main 8a06bd4] update csv
 1 file changed, 1 insertion(+)
To github.com:DataRobot333/GoldTracker.git
   ce3df07..8a06bd4  main -> main
saved: ['2026/09/16 17:20:31', 23470000, 229910, 265630, 62800, 4343]
[main adeb307] update csv
 1 file changed, 1 insertion(+)
To github.com:DataRobot333/GoldTracker.git
   8a06bd4..adeb307  main -> main
saved: ['2026/09/16 17:24:31', 23470000, 229900, 265640, 62800, 4338]
[main 1ff72f6] update csv
 1 file changed, 1 insertion(+)
To github.com:DataRobot333/GoldTracker.git
   adeb307..1ff72f6  main -> main
saved: ['2026/09/16 17:28:31', 23470000, 229885, 265550, 62800, 4338]
[main 513c4fe] update csv
 1 file changed, 1 insertion(+)
To github.com:DataRobot333/GoldTracker.git
   1ff72f6..513c4fe  main -> main
saved: ['2026/09/16 17:32:32', 23470000, 229900, 265570, 62800, 4335]
[main ab730d3] update csv
 1 file changed, 1 insertion(+)
To github.com:DataRobot333/GoldTracker.git
   513c4fe..ab730d3  main -> main
saved: ['2026/09/16 17:36:31', 23470000, 230000, 265680, 62800, 4330]
[main 4e904b3] update csv
 1 file changed, 1 insertion(+)
To github.com:DataRobot333/GoldTracker.git
   ab730d3..4e904b3  main -> main
saved: ['2026/09/16 17:40:31', 23470000, 229990, 265660, 62800, 4330]
[main e0a164b] update csv
 1 file changed, 1 insertion(+)
To github.com:DataRobot333/GoldTracker.git
   4e904b3..e0a164b  main -> main
saved: ['2026/09/16 17:44:31', 23470000, 230015, 265560, 62800, 4338]
[main 07b5c09] update csv
 1 file changed, 1 insertion(+)
To github.com:DataRobot333/GoldTracker.git
   e0a164b..07b5c09  main -> main
saved: ['2026/09/16 17:48:32', 23470000, 230015, 265600, 62800, 4336]
[main 0d5d67c] update csv
 1 file changed, 1 insertion(+)
To github.com:DataRobot333/GoldTracker.git
   07b5c09..0d5d67c  main -> main
saved: ['2026/09/16 17:52:34', 23470000, 229960, 265680, 62800, 4332]
[main 29d7375] update csv
 1 file changed, 1 insertion(+)
To github.com:DataRobot333/GoldTracker.git
   0d5d67c..29d7375  main -> main
saved: ['2026/09/16 17:56:31', 23470000, 230020, 265680, 62800, 4333]
[main 826d6db] update csv
 1 file changed, 1 insertion(+)
To github.com:DataRobot333/GoldTracker.git
   29d7375..826d6db  main -> main
saved: ['2026/09/16 18:00:31', 23470000, 230200, 265710, 62800, 4337]
[main cf2c84b] update csv
 1 file changed, 1 insertion(+)
To github.com:DataRobot333/GoldTracker.git
   826d6db..cf2c84b  main -> main
saved: ['2026/09/16 18:04:31', 23470000, 230600, 266170, 62800, 4335]
[main cc3ecee] update csv
 1 file changed, 1 insertion(+)
To github.com:DataRobot333/GoldTracker.git
   cf2c84b..cc3ecee  main -> main
saved: ['2026/09/16 18:08:35', 23440000, 230580, 266230, 62800, 4340]
[main 9e429dd] update csv
 1 file changed, 1 insertion(+)
To github.com:DataRobot333/GoldTracker.git
   cc3ecee..9e429dd  main -> main
saved: ['2026/09/16 18:12:31', 23440000, 230600, 266190, 62800, 4342]
[main 0802acc] update csv
 1 file changed, 1 insertion(+)
To github.com:DataRobot333/GoldTracker.git
   9e429dd..0802acc  main -> main
saved: ['2026/09/16 18:16:31', 23440000, 230560, 266220, 62800, 4346]
[main 0902084] update csv
 1 file changed, 1 insertion(+)
To github.com:DataRobot333/GoldTracker.git
   0802acc..0902084  main -> main
saved: ['2026/09/16 18:20:31', 23440000, 230400, 266190, 62800, 4349]
[main 6d838fb] update csv
 1 file changed, 1 insertion(+)
To github.com:DataRobot333/GoldTracker.git
   0902084..6d838fb  main -> main
saved: ['2026/09/16 18:24:31', 23440000, 230570, 266480, 62800, 4351]
[main 90374b7] update csv
 1 file changed, 1 insertion(+)
To github.com:DataRobot333/GoldTracker.git
   6d838fb..90374b7  main -> main
saved: ['2026/09/16 18:28:32', 23440000, 230505, 266350, 62800, 4349]
[main 1752bbd] update csv
 1 file changed, 1 insertion(+)
To github.com:DataRobot333/GoldTracker.git
   90374b7..1752bbd  main -> main
saved: ['2026/09/16 18:32:31', 23440000, 230510, 266380, 62800, 4355]
[main 7d716bb] update csv
 1 file changed, 1 insertion(+)
To github.com:DataRobot333/GoldTracker.git
   1752bbd..7d716bb  main -> main
saved: ['2026/09/16 18:36:31', 23440000, 230400, 266210, 62800, 4351]
[main 6222354] update csv
 1 file changed, 1 insertion(+), 9 deletions(-)
To github.com:DataRobot333/GoldTracker.git
   7d716bb..6222354  main -> main
