timestamp,iran_gold_18k,USD,EUR,AED,gold_ounce
2026/09/08 10:16:41,23040000,224800,258900,60700,4407
2026/09/08 10:20:33,23080000,224800,258900,60700,4407
2026/09/08 10:24:51,23080000,224800,258900,60700,4404
2026/09/08 10:28:54,23150000,224800,258900,60700,4403
2026/09/08 10:32:45,23150000,224800,258900,60700,4402
2026/09/08 10:36:41,23150000,224800,258900,60700,4408
2026/09/08 10:40:39,23150000,224800,258900,60700,4408
2026/09/08 10:44:32,23150000,224800,258900,60700,4406
2026/09/08 10:48:40,23150000,224800,258900,60700,4402
2026/09/08 10:52:38,23180000,224800,258900,60700,4404
2026/09/08 10:56:32,23180000,224800,258900,60700,4401
2026/09/08 11:00:43,23180000,224800,258900,60700,4402
2026/09/08 11:04:31,23180000,223818,260100,60700,4403
2026/09/08 11:08:31,23250000,223762,260290,60700,4398
2026/09/08 11:12:36,23250000,223779,260250,60700,4395
2026/09/08 11:20:31,23250000,223820,260580,60700,4396
2026/09/08 11:24:31,23250000,223849,260540,60700,4392
2026/09/08 11:28:31,23250000,223849,260470,60700,4392
2026/09/08 11:32:31,23250000,223881,260220,60700,4391
2026/09/08 11:36:31,23250000,223863,260240,60700,4391
2026/09/08 11:40:32,23250000,223863,260270,60700,4391
2026/09/08 11:44:31,23250000,224016,260260,60700,4388
2026/09/08 11:48:33,23250000,224209,260600,60700,4390
2026/09/08 11:52:31,23310000,224209,260600,60700,4391
2026/09/08 11:56:31,23310000,224740,261080,60700,4395
2026/09/08 12:00:32,23310000,224805,261030,60700,4394
2026/09/08 12:04:31,23310000,224805,261130,60700,4396
2026/09/08 12:08:31,23310000,224908,261430,61300,4395
2026/09/08 12:12:31,23310000,225192,261770,61300,4394
2026/09/08 12:16:31,23400000,225192,261830,61400,4391
2026/09/08 12:20:31,23400000,225440,261680,61400,4391
2026/09/08 12:24:31,23330000,225384,261470,61300,4392
2026/09/08 12:28:31,23330000,225384,261430,61300,4393
2026/09/08 12:32:37,23330000,225302,261670,61300,4393
2026/09/08 12:36:31,23330000,225250,261840,61300,4395
2026/09/08 12:40:31,23330000,225250,261790,61300,4395
2026/09/08 12:44:31,23330000,225415,261840,61300,4396
2026/09/08 12:48:32,23400000,225793,261860,61300,4398
2026/09/08 12:52:32,23400000,225793,261850,61300,4395
2026/09/08 12:56:31,23400000,225822,261970,61300,4394
2026/09/08 13:00:31,23400000,226083,262210,61300,4394
2026/09/08 13:04:40,23400000,226161,262530,61300,4396
2026/09/08 13:08:32,23400000,226161,262550,61300,4396
2026/09/08 13:12:31,23400000,226147,262320,61300,4402
2026/09/08 13:16:31,23440000,226115,262590,61300,4401
2026/09/08 13:20:31,23440000,226115,262580,61300,4402
2026/09/08 13:24:31,23440000,226117,262630,61300,4404
2026/09/08 13:28:31,23440000,225978,262640,61300,4403
2026/09/08 13:32:31,23440000,225978,262490,61300,4402
2026/09/08 13:36:31,23440000,225966,262470,61300,4397
2026/09/08 13:40:31,23440000,226337,262380,61300,4397
2026/09/08 13:44:31,23440000,226337,262340,61300,4394
2026/09/08 13:48:31,23440000,226730,262340,61300,4397
2026/09/08 13:52:31,23440000,226730,262370,61300,4404
2026/09/08 13:56:31,23440000,226708,262550,61300,4400
2026/09/08 14:00:32,23410000,226823,262570,61800,4399
2026/09/08 14:04:32,23410000,226823,262320,61800,4398
2026/09/08 14:08:32,23410000,226841,262170,61800,4396
2026/09/08 14:12:32,23410000,226870,262530,61800,4395
2026/09/08 14:16:31,23410000,226870,262770,61800,4397
2026/09/08 14:20:31,23410000,226819,262750,61800,4400
2026/09/08 14:24:32,23410000,226741,262750,61800,4398
2026/09/08 14:28:32,23410000,226741,262780,61800,4399
2026/09/08 14:32:32,23410000,226633,263060,61800,4396
2026/09/08 14:36:32,23410000,226554,263020,61800,4396
2026/09/08 14:40:31,23410000,226554,263070,61800,4397
2026/09/08 14:44:31,23410000,226537,263060,61800,4391
2026/09/08 14:48:31,23410000,226662,263030,61800,4399
2026/09/08 14:52:31,23410000,226662,262990,62000,4399
2026/09/08 14:56:31,23410000,226503,263090,62000,4400
2026/09/08 15:00:31,23410000,226425,263060,62000,4401
2026/09/08 15:04:31,23410000,226425,263080,62000,4404
2026/09/08 15:08:31,23410000,226466,263140,62000,4407
2026/09/08 15:12:31,23410000,226644,262850,62000,4405
2026/09/08 15:16:31,23410000,226644,262940,62000,4403
2026/09/08 15:20:31,23410000,226663,262890,62000,4400
2026/09/08 15:24:31,23410000,226791,262910,62000,4399
2026/09/08 15:28:31,23410000,226791,262830,62000,4402
2026/09/08 15:32:32,23410000,226937,262780,62000,4405
2026/09/08 15:36:31,23410000,227172,262830,62000,4403
2026/09/08 15:40:31,23410000,227172,262830,62000,4403
2026/09/08 15:44:31,23410000,227170,262870,62000,4394
2026/09/08 15:48:31,23410000,227259,262830,62000,4390
2026/09/08 15:52:31,23410000,227259,263410,62000,4394
2026/09/08 15:56:32,23410000,227444,263670,62000,4394
2026/09/08 16:00:31,23410000,227590,263660,62000,4399
2026/09/08 16:04:31,23410000,227590,263900,62000,4406
2026/09/08 16:08:31,23410000,227499,264040,62000,4403
2026/09/08 16:12:31,23410000,227500,264040,62000,4398
2026/09/08 16:16:31,23410000,227500,264360,62000,4396
2026/09/08 16:20:32,23410000,227929,264290,62000,4401
2026/09/08 16:24:32,23410000,227869,264300,62000,4402
2026/09/08 16:28:31,23410000,226800,264310,62000,4404
2026/09/08 16:32:31,23410000,226800,264340,62000,4408
2026/09/08 16:36:31,23410000,226765,264350,62000,4406
2026/09/08 16:40:31,23410000,226810,264250,62000,4403
2026/09/08 16:44:31,23410000,226770,264410,62000,4406
2026/09/08 16:48:31,23410000,226800,264490,62000,4408
2026/09/08 16:52:31,23410000,226800,264490,62000,4405
2026/09/08 16:56:31,23410000,226800,264490,62000,4403
2026/09/08 17:00:31,23410000,226800,264450,62100,4400
2026/09/08 17:04:31,23610000,226790,264530,62100,4400
2026/09/08 17:08:31,23610000,226800,264490,62100,4397
2026/09/08 17:12:31,23610000,226815,264420,62100,4394
2026/09/08 17:16:31,23610000,226800,264400,62100,4397
2026/09/08 17:20:31,23610000,226800,264400,62100,4397
2026/09/08 17:24:31,23610000,226800,264400,62100,4397
2026/09/08 17:28:32,23550000,226800,264380,62100,4405
2026/09/08 17:32:32,23550000,226800,264400,62100,4399
2026/09/08 17:36:32,23550000,226795,264400,62100,4399
2026/09/08 17:40:31,23550000,226800,264410,62100,4398
2026/09/08 17:44:31,23550000,226570,264230,62100,4396
2026/09/08 17:48:31,23550000,226570,264270,62100,4398
2026/09/08 17:52:31,23550000,226595,264160,62100,4397
2026/09/08 17:56:31,23550000,226570,264150,62100,4402
2026/09/08 18:00:31,23550000,227000,264270,62100,4400
2026/09/08 18:04:31,23590000,228400,264310,62100,4397
2026/09/08 18:08:31,23590000,228400,264180,62100,4398
2026/09/08 18:12:31,23590000,228400,264250,62100,4394
2026/09/08 18:16:32,23590000,228400,264310,62100,4397
2026/09/08 18:20:32,23590000,228400,264280,62100,4393
2026/09/08 18:24:31,23590000,228400,264370,62100,4390
2026/09/08 18:28:32,23540000,228400,264390,62100,4394
2026/09/08 18:32:31,23540000,228400,264320,62100,4399
2026/09/08 18:36:37,23540000,228400,264240,62100,4404
2026/09/08 18:40:38,23540000,228400,264240,62100,4403
2026/09/08 18:45:37,23540000,228400,264280,62100,4404
2026/09/08 18:52:32,23540000,228400,264650,62100,4402
2026/09/08 18:56:43,23580000,228400,264650,62100,4398
2026/09/08 19:04:34,23580000,228400,264580,62100,4401
2026/09/08 19:12:34,23580000,228400,264590,62100,4399
2026/09/08 19:16:53,23580000,228400,264510,62100,4398
2026/09/08 19:20:33,23580000,228400,264560,62100,4397
2026/09/08 19:28:35,23580000,228400,264560,62100,4398
2026/09/08 19:32:32,23580000,228400,264530,62100,4393
2026/09/08 19:36:32,23580000,228400,264540,62100,4394
2026/09/08 19:40:32,23540000,228400,264530,62100,4388
2026/09/08 19:44:31,23540000,228400,264490,62100,4383
2026/09/08 19:48:32,23540000,228400,264500,62100,4386
2026/09/08 19:52:32,23540000,228400,264520,62100,4388
2026/09/08 19:56:33,23540000,228400,264620,62100,4391
2026/09/08 20:00:38,23540000,228400,264410,62100,4393
2026/09/08 20:04:32,23540000,228400,264390,62100,4394
2026/09/08 20:08:48,23540000,228400,264390,62100,4395
2026/09/08 20:12:32,23540000,228400,264390,62100,4394
2026/09/08 20:16:42,23540000,228400,264390,62100,4393
2026/09/08 20:24:37,23540000,228400,264390,62100,4394
2026/09/08 20:28:44,23540000,228400,264390,62100,4394
2026/09/08 20:32:32,23540000,228400,264390,62100,4394
2026/09/08 20:36:31,23540000,228400,264390,62100,4402
2026/09/08 20:40:31,23540000,228400,264390,62100,4398
2026/09/08 20:44:31,23540000,228400,264390,62100,4395
2026/09/08 20:48:31,23540000,228400,264390,62100,4396
2026/09/08 20:52:32,23540000,228400,264390,62100,4394
2026/09/08 20:56:31,23540000,228400,264390,62100,4393
2026/09/08 21:00:31,23540000,228400,264390,62100,4394
2026/09/08 21:04:31,23540000,228400,264390,62100,4394
2026/09/08 21:08:31,23540000,228400,264390,62100,4390
2026/09/08 21:12:31,23540000,228400,264390,62100,4387
2026/09/08 21:16:31,23540000,228400,264390,62100,4386
2026/09/08 21:20:31,23540000,228400,264390,62100,4387
2026/09/08 21:24:31,23540000,228400,264390,62100,4388
2026/09/08 21:28:31,23540000,228400,264390,62100,4389
2026/09/08 21:32:31,23540000,228400,264390,62100,4388
2026/09/08 21:36:31,23540000,228400,264390,62100,4387
2026/09/08 21:40:31,23540000,228400,264390,62100,4385
2026/09/08 21:44:32,23540000,228400,264390,62100,4386
2026/09/08 21:48:31,23540000,228400,264390,62100,4387
2026/09/08 21:52:31,23540000,228400,264390,62100,4385
2026/09/08 21:56:31,23540000,228400,264390,62100,4386
2026/09/08 22:00:31,23540000,228400,264390,62100,4385
2026/09/08 22:04:31,23540000,228400,264390,62100,4382
2026/09/08 22:08:31,23540000,228400,264390,62100,4383
2026/09/08 22:12:32,23540000,228400,264390,62100,4384
2026/09/08 22:16:31,23540000,228400,264390,62100,4385
2026/09/08 22:20:31,23540000,228400,264390,62100,4369
2026/09/08 22:24:31,23540000,228400,264390,62100,4365
2026/09/08 22:28:31,23540000,228400,264390,62100,4374
2026/09/08 22:32:31,23540000,228400,264390,62100,4371
2026/09/08 22:36:31,23540000,228400,264390,62100,4374
2026/09/08 22:40:31,23540000,228400,264390,62100,4373
2026/09/08 22:44:31,23540000,228400,264390,62100,4372
2026/09/08 22:48:31,23540000,228400,264390,62100,4370
2026/09/08 22:52:31,23540000,228400,264390,62100,4369
2026/09/08 22:56:32,23540000,228400,264390,62100,4367
2026/09/08 23:00:32,23540000,228400,264390,62100,4369
2026/09/08 23:04:31,23540000,228400,264390,62100,4363
2026/09/08 23:08:31,23540000,228400,264390,62100,4367
2026/09/08 23:12:31,23540000,228400,264390,62100,4367
2026/09/08 23:16:31,23540000,228400,264390,62100,4367
2026/09/08 23:20:31,23540000,228400,264390,62100,4366
2026/09/08 23:24:31,23540000,228400,264390,62100,4362
2026/09/08 23:28:32,23540000,228400,264390,62100,4361
2026/09/08 23:32:31,23540000,228400,264390,62100,4362
2026/09/08 23:36:32,23540000,228400,264390,62100,4357
2026/09/08 23:40:32,23540000,228400,264390,62100,4356
2026/09/08 23:44:31,23540000,228400,264390,62100,4361
2026/09/08 23:48:31,23540000,228400,264390,62100,4360
2026/09/08 23:52:31,23540000,228400,264390,62100,4360
2026/09/08 23:56:31,23540000,228400,264390,62100,4359
2026/09/09 00:00:31,23540000,228400,264390,62100,4356
2026/09/09 00:04:31,23540000,228400,264390,62100,4357
2026/09/09 00:08:31,23540000,228400,264390,62100,4357
2026/09/09 00:12:31,23540000,228400,264390,62100,4357
2026/09/09 00:16:32,23540000,228400,264390,62100,4358
2026/09/09 00:20:32,23540000,228400,264390,62100,4355
2026/09/09 00:24:32,23540000,228400,264390,62100,4355
2026/09/09 00:28:32,23540000,228400,264390,62100,4353
2026/09/09 00:32:31,23540000,228400,264390,62100,4353
2026/09/09 00:36:32,23540000,228400,264390,62100,4353
2026/09/09 00:40:32,23540000,228400,264390,62100,4353
2026/09/09 00:44:31,23540000,228400,264390,62100,4353
2026/09/09 00:48:31,23540000,228400,264390,62100,4353
2026/09/09 00:52:31,23540000,228400,264390,62100,4353
2026/09/09 00:56:31,23540000,228400,264390,62100,4353
2026/09/09 01:00:31,23540000,228400,264390,62100,4353
2026/09/09 01:04:32,23540000,228400,264390,62100,4353
2026/09/09 01:08:31,23540000,228400,264390,62100,4353
2026/09/09 01:12:31,23540000,228400,264390,62100,4353
2026/09/09 01:16:31,23540000,228400,264390,62100,4353
2026/09/09 01:20:31,23540000,228400,264390,62100,4353
2026/09/09 01:24:31,23540000,228400,264390,62100,4353
2026/09/09 01:28:31,23540000,228400,264390,62100,4353
2026/09/09 01:32:31,23540000,228400,264390,62100,4353
2026/09/09 01:36:31,23540000,228400,264390,62100,4357
2026/09/09 01:40:31,23540000,228400,264390,62100,4354
2026/09/09 01:44:36,23540000,228400,264390,62100,4357
2026/09/09 01:48:31,23540000,228400,264390,62100,4357
2026/09/09 01:52:31,23540000,228400,264390,62100,4354
2026/09/09 01:56:31,23540000,228400,264390,62100,4353
2026/09/09 02:00:32,23540000,228400,264390,62100,4354
2026/09/09 02:04:31,23540000,228400,264390,62100,4355
2026/09/09 02:08:31,23540000,228400,264390,62100,4355
2026/09/09 02:12:31,23540000,228400,264390,62100,4352
2026/09/09 02:16:31,23540000,228400,264390,62100,4351
2026/09/09 02:20:31,23540000,228400,264390,62100,4352
2026/09/09 02:24:31,23540000,228400,264390,62100,4353
2026/09/09 02:28:32,23540000,228400,264390,62100,4353
2026/09/09 02:32:31,23540000,228400,264390,62100,4354
2026/09/09 02:36:31,23540000,228400,264390,62100,4353
2026/09/09 02:40:32,23540000,228400,264390,62100,4354
2026/09/09 02:44:31,23540000,228400,264390,62100,4353
2026/09/09 02:48:31,23540000,228400,264390,62100,4352
2026/09/09 02:52:31,23540000,228400,264390,62100,4353
2026/09/09 02:56:31,23540000,228400,264390,62100,4354
2026/09/09 03:00:31,23540000,228400,264390,62100,4357
2026/09/09 03:04:31,23540000,228400,264390,62100,4360
2026/09/09 03:08:31,23540000,228400,264390,62100,4357
2026/09/09 03:12:31,23540000,228400,264390,62100,4357
2026/09/09 03:16:32,23540000,228400,264390,62100,4358
2026/09/09 03:20:32,23540000,228400,264390,62100,4355
2026/09/09 03:24:31,23540000,228400,264390,62100,4350
2026/09/09 03:28:31,23540000,228400,264390,62100,4351
2026/09/09 03:32:31,23540000,228400,264390,62100,4347
2026/09/09 03:36:32,23540000,228400,264390,62100,4349
2026/09/09 03:40:32,23540000,228400,264390,62100,4348
2026/09/09 03:44:32,23540000,228400,264390,62100,4351
2026/09/09 03:48:31,23540000,228400,264390,62100,4345
2026/09/09 03:52:32,23540000,228400,264390,62100,4347
2026/09/09 03:56:32,23540000,228400,264390,62100,4342
2026/09/09 04:00:31,23540000,228400,264390,62100,4346
2026/09/09 04:04:31,23540000,228400,264390,62100,4345
2026/09/09 04:08:31,23540000,228400,264390,62100,4346
2026/09/09 04:12:31,23540000,228400,264390,62100,4348
2026/09/09 04:16:32,23540000,228400,264390,62100,4354
2026/09/09 04:20:32,23540000,228400,264390,62100,4355
2026/09/09 04:24:31,23540000,228400,264390,62100,4360
2026/09/09 04:28:31,23540000,228400,264390,62100,4359
2026/09/09 04:32:31,23540000,228400,264390,62100,4357
2026/09/09 04:36:32,23540000,228400,264390,62100,4359
2026/09/09 04:40:31,23540000,228400,264390,62100,4366
2026/09/09 04:44:31,23540000,228400,264390,62100,4367
2026/09/09 04:48:31,23540000,228400,264390,62100,4363
2026/09/09 04:52:32,23540000,228400,264390,62100,4365
2026/09/09 04:56:31,23540000,228400,264390,62100,4370
2026/09/09 05:00:31,23540000,228400,264390,62100,4372
2026/09/09 05:04:31,23540000,228400,264390,62100,4375
2026/09/09 05:08:31,23540000,228400,264390,62100,4377
2026/09/09 05:12:31,23540000,228400,264390,62100,4375
2026/09/09 05:16:31,23540000,228400,264390,62100,4376
2026/09/09 05:20:31,23540000,228400,264390,62100,4374
2026/09/09 05:24:31,23540000,228400,264390,62100,4372
2026/09/09 05:28:31,23540000,228400,264390,62100,4375
2026/09/09 05:32:31,23540000,228400,264390,62100,4371
2026/09/09 05:36:31,23540000,228400,264390,62100,4372
2026/09/09 05:40:32,23540000,228400,264390,62100,4373
2026/09/09 05:44:31,23540000,228400,264390,62100,4374
2026/09/09 05:48:31,23540000,228400,264390,62100,4374
2026/09/09 05:52:31,23540000,228400,264390,62100,4374
2026/09/09 05:56:31,23540000,228400,264390,62100,4372
2026/09/09 06:00:32,23540000,228400,264390,62100,4372
2026/09/09 06:04:31,23540000,228400,264390,62100,4370
2026/09/09 06:08:31,23540000,228400,264390,62100,4368
2026/09/09 06:12:31,23540000,228400,264390,62100,4369
2026/09/09 06:16:32,23540000,228400,264390,62100,4374
2026/09/09 06:20:31,23540000,228400,264390,62100,4377
2026/09/09 06:24:31,23540000,228400,264390,62100,4383
2026/09/09 06:28:31,23540000,228400,264390,62100,4382
2026/09/09 06:32:31,23540000,228400,264390,62100,4381
2026/09/09 06:36:31,23540000,228400,264390,62100,4380
2026/09/09 06:40:31,23540000,228400,264390,62100,4379
2026/09/09 06:44:31,23540000,228400,264390,62100,4379
2026/09/09 06:48:31,23540000,228400,264390,62100,4377
2026/09/09 06:52:31,23540000,228400,264390,62100,4377
2026/09/09 06:56:31,23540000,228400,264390,62100,4378
2026/09/09 07:00:31,23540000,228400,264390,62100,4377
2026/09/09 07:04:32,23540000,228400,264390,62100,4376
2026/09/09 07:08:31,23540000,228400,264390,62100,4377
2026/09/09 07:12:32,23540000,228400,264390,62100,4379
2026/09/09 07:16:32,23540000,228400,264390,62100,4378
2026/09/09 07:20:31,23540000,228400,264390,62100,4378
2026/09/09 07:24:31,23540000,228400,264390,62100,4377
2026/09/09 07:28:31,23540000,228400,264390,62100,4377
2026/09/09 07:32:31,23540000,228400,264390,62100,4375
2026/09/09 07:36:31,23540000,228400,264390,62100,4374
2026/09/09 07:40:31,23540000,228400,264390,62100,4372
2026/09/09 07:44:31,23540000,228400,264390,62100,4373
2026/09/09 07:48:31,23540000,228400,264390,62100,4373
2026/09/09 07:52:31,23540000,228400,264390,62100,4374
2026/09/09 07:56:31,23540000,228400,264390,62100,4378
2026/09/09 08:00:31,23540000,228400,264390,62100,4380
2026/09/09 08:04:31,23540000,228400,264390,62100,4380
2026/09/09 08:08:31,23540000,228400,264390,62100,4380
2026/09/09 08:12:31,23540000,228400,264390,62100,4377
2026/09/09 08:16:31,23540000,228400,264390,62100,4378
2026/09/09 08:20:31,23540000,228400,264390,62100,4379
2026/09/09 08:24:31,23540000,228400,264390,62100,4379
2026/09/09 08:28:31,23540000,228400,264390,62100,4381
2026/09/09 08:32:31,23540000,228400,264390,62100,4381
2026/09/09 08:36:31,23540000,228400,264390,62100,4383
2026/09/09 08:40:32,23540000,228400,264390,62100,4384
2026/09/09 08:44:31,23540000,228400,264390,62100,4387
2026/09/09 08:48:31,23540000,228400,264390,62100,4387
2026/09/09 08:52:31,23540000,228400,264390,62100,4385
2026/09/09 08:56:31,23540000,228400,264390,62100,4386
2026/09/09 09:00:31,23540000,228400,264390,62100,4386
2026/09/09 09:04:31,23540000,228400,264390,62100,4385
2026/09/09 09:08:31,23910000,229400,264390,62100,4390
2026/09/09 09:12:31,23910000,229400,264390,62100,4392
2026/09/09 09:16:31,23910000,229400,264390,62100,4395
2026/09/09 09:20:32,23910000,229400,264390,62100,4396
2026/09/09 09:24:31,23910000,229400,264390,62100,4400
2026/09/09 09:28:31,23910000,229400,264390,62100,4398
2026/09/09 09:32:31,23910000,229400,264390,62100,4399
2026/09/09 09:36:31,23860000,229400,264390,62100,4404
2026/09/09 09:40:31,23860000,229400,264390,62100,4400
2026/09/09 09:44:31,23860000,229400,264390,62100,4400
2026/09/09 09:48:31,23860000,229400,264390,62100,4400
2026/09/09 09:52:31,23860000,229400,264390,62100,4398
2026/09/09 09:56:32,23860000,229400,264390,62100,4398
2026/09/09 10:00:32,23900000,229400,264390,62100,4396
2026/09/09 10:04:31,23900000,229400,264390,62100,4399
2026/09/09 10:08:31,23900000,229400,264390,62100,4404
2026/09/09 10:12:31,23900000,229400,264390,62100,4402
2026/09/09 10:16:31,23900000,229400,264390,62100,4399
2026/09/09 10:20:37,23900000,229400,264390,62100,4399
2026/09/09 10:24:31,23980000,229400,264390,62100,4400
2026/09/09 10:28:31,24070000,229400,264390,62100,4400
2026/09/09 10:32:31,24070000,229400,264390,62100,4399
2026/09/09 10:36:31,24070000,229400,264390,62100,4402
2026/09/09 10:40:31,24070000,229400,264390,62100,4403
2026/09/09 10:44:41,24070000,229400,264390,62100,4405
2026/09/09 10:48:31,24070000,229400,264390,62100,4405
2026/09/09 10:52:32,24070000,229400,264390,62100,4405
2026/09/09 10:56:31,24120000,229400,264390,62100,4405
2026/09/09 11:00:32,24050000,229400,264390,62100,4407
2026/09/09 11:04:32,24050000,229400,265950,62100,4406
2026/09/09 11:08:32,24050000,229400,265990,62100,4409
2026/09/09 11:12:31,24050000,229605,268080,62100,4409
2026/09/09 11:16:31,24050000,229800,268270,62100,4409
2026/09/09 11:20:31,24050000,229805,268370,62100,4412
2026/09/09 11:24:32,24050000,229785,268530,62100,4410
2026/09/09 11:28:37,24100000,230105,268870,62100,4409
2026/09/09 11:32:32,24100000,229880,268490,62100,4408
2026/09/09 11:36:32,24100000,230100,268770,62100,4408
2026/09/09 11:40:32,24100000,230110,268720,62100,4409
2026/09/09 11:44:32,24100000,230000,268590,62100,4406
2026/09/09 11:48:32,24100000,230000,268610,62100,4403
2026/09/09 11:52:31,24040000,229915,268410,62100,4403
2026/09/09 11:56:32,24040000,229920,268380,62100,4401
2026/09/09 12:00:31,24040000,230610,268750,62100,4401
2026/09/09 12:04:48,24040000,230600,268700,62100,4403
2026/09/09 12:08:31,24040000,230800,268890,62100,4401
2026/09/09 12:12:31,24040000,231000,269120,62100,4401
2026/09/09 12:16:32,24040000,230800,268900,62100,4399
2026/09/09 12:20:32,23980000,230800,268870,62100,4401
2026/09/09 12:24:31,23980000,230800,268920,62100,4401
2026/09/09 12:28:31,24050000,231000,269120,62100,4402
2026/09/09 12:32:31,24050000,231300,269510,62100,4400
2026/09/09 12:36:32,24050000,231390,269600,62100,4400
2026/09/09 12:40:32,24050000,231465,269730,62100,4401
2026/09/09 12:44:31,24050000,230690,269550,62100,4398
2026/09/09 12:48:31,24050000,230910,269680,62100,4398
2026/09/09 12:52:31,24050000,231100,269930,62100,4399
2026/09/09 12:56:31,24050000,231300,270070,62100,4397
2026/09/09 13:00:31,24050000,231400,270310,62100,4398
2026/09/09 13:04:31,24090000,231700,270650,62100,4398
2026/09/09 13:08:31,24090000,231810,270770,62100,4397
2026/09/09 13:12:32,24090000,231775,270740,62100,4396
2026/09/09 13:16:32,24090000,231700,270630,62100,4396
2026/09/09 13:20:31,24090000,231920,270820,62100,4394
2026/09/09 13:24:31,24090000,231910,270810,63300,4393
2026/09/09 13:28:31,24090000,231900,270650,63300,4390
2026/09/09 13:32:31,24190000,231895,270640,63400,4389
2026/09/09 13:36:32,24190000,231900,270680,63600,4391
2026/09/09 13:40:31,24190000,231900,270610,63600,4392
2026/09/09 13:44:32,24190000,232100,270880,63600,4392
2026/09/09 13:48:31,24190000,232200,270970,63600,4390
2026/09/09 13:52:31,24190000,232415,271260,63600,4394
2026/09/09 13:56:31,24190000,232700,271600,63600,4394
2026/09/09 14:00:31,24190000,232700,271620,63600,4394
2026/09/09 14:04:31,24140000,232605,271500,63600,4395
2026/09/09 14:08:31,24140000,232600,271480,63600,4398
2026/09/09 14:12:32,24140000,232700,271720,63600,4397
2026/09/09 14:16:31,24140000,232595,271600,63600,4395
2026/09/09 14:20:31,24140000,232600,271610,63600,4399
2026/09/09 14:24:31,24140000,232800,271790,63600,4399
2026/09/09 14:28:31,24140000,232800,271830,63600,4401
2026/09/09 14:32:32,24140000,232715,271740,63600,4402
2026/09/09 14:36:31,24140000,232600,271600,63600,4403
2026/09/09 14:40:31,24140000,233500,271590,63600,4402
2026/09/09 14:44:32,24140000,233200,271510,63600,4404
2026/09/09 14:48:32,24140000,233200,271400,63600,4402
2026/09/09 14:52:32,24140000,233200,271420,63900,4403
2026/09/09 14:56:31,24140000,233200,271660,63900,4406
2026/09/09 15:00:31,24140000,232900,271790,63900,4408
2026/09/09 15:04:32,24140000,232900,271810,63900,4407
2026/09/09 15:08:32,24140000,232900,271910,63900,4403
2026/09/09 15:12:31,24140000,232900,271880,63900,4406
2026/09/09 15:16:31,24140000,232900,271910,63900,4405
2026/09/09 15:20:31,24140000,232900,271920,63900,4411
2026/09/09 15:24:32,24140000,233220,271920,63900,4410
2026/09/09 15:28:31,24140000,233220,271880,63900,4407
2026/09/09 15:32:31,24140000,233220,271870,63900,4408
2026/09/09 15:36:31,24140000,232990,271880,63900,4405
2026/09/09 15:40:31,24140000,233390,271950,63900,4401
2026/09/09 15:44:31,24140000,233180,271980,63900,4400
2026/09/09 15:48:31,24140000,233180,272020,63900,4400
2026/09/09 15:52:31,24140000,233180,271850,63900,4400
2026/09/09 15:56:31,24140000,233180,272100,63900,4397
2026/09/09 16:00:31,24140000,233020,271870,63900,4395
2026/09/09 16:04:31,24140000,233020,271820,63900,4396
2026/09/09 16:08:31,24140000,233020,271840,63900,4395
2026/09/09 16:12:31,24140000,233020,271710,63900,4393
2026/09/09 16:16:32,24140000,232910,271660,63900,4399
2026/09/09 16:20:32,24140000,232610,271640,63900,4397
2026/09/09 16:24:31,24140000,232610,271620,63900,4398
2026/09/09 16:28:32,24140000,233180,271690,63900,4401
2026/09/09 16:32:32,24140000,233100,271680,63900,4403
2026/09/09 16:36:31,24140000,233100,271700,63900,4408
2026/09/09 16:40:31,24140000,233100,271710,63900,4410
2026/09/09 16:44:31,24140000,233100,271740,63900,4411
2026/09/09 16:48:31,24140000,233200,272000,63900,4412
2026/09/09 16:52:31,24140000,233200,271960,63900,4417
2026/09/09 16:56:31,24140000,233200,271960,63900,4427
2026/09/09 17:00:31,24140000,233200,271930,63900,4429
2026/09/09 17:04:31,24230000,233200,272000,63900,4430
2026/09/09 17:08:31,24230000,233200,272030,64000,4424
2026/09/09 17:12:31,24230000,233200,272000,64000,4419
2026/09/09 17:16:31,24230000,233200,272260,64000,4416
2026/09/09 17:20:31,24230000,233200,272280,64000,4419
2026/09/09 17:24:32,24230000,233380,272260,64000,4419
2026/09/09 17:28:31,24230000,233380,272220,64000,4412
2026/09/09 17:32:31,24230000,233380,272260,64000,4416
2026/09/09 17:36:31,24190000,233380,272140,64000,4424
2026/09/09 17:40:31,24190000,233380,272140,64000,4423
2026/09/09 17:44:31,24190000,233380,272080,64000,4419
2026/09/09 17:48:31,24190000,233380,272160,64000,4415
2026/09/09 17:52:31,24190000,233380,272060,64000,4414
2026/09/09 17:56:31,24190000,233380,272000,64000,4412
2026/09/09 18:00:31,24190000,233380,272020,64000,4423
2026/09/09 18:04:31,24190000,233490,271990,64000,4422
2026/09/09 18:08:31,24190000,233490,271890,64000,4423
2026/09/09 18:12:31,24190000,233490,271820,64000,4424
2026/09/09 18:16:31,24190000,233600,271800,64000,4418
2026/09/09 18:20:31,24190000,233700,271850,64000,4420
2026/09/09 18:24:31,24250000,233400,271700,64000,4420
2026/09/09 18:28:31,24250000,233400,271950,64000,4416
2026/09/09 18:32:31,24250000,233400,271980,64000,4420
2026/09/09 18:36:31,24250000,233400,271930,64000,4394
2026/09/09 18:40:31,24250000,233400,271970,64000,4390
2026/09/09 18:44:36,24250000,233500,271940,64000,4387
2026/09/09 18:48:33,24170000,233500,271960,64000,4387
2026/09/09 18:52:31,24170000,233500,271980,64000,4384
2026/09/09 18:56:32,24170000,233400,271510,64000,4387
2026/09/09 19:00:36,24170000,233400,271200,64000,4393
2026/09/09 19:04:34,24170000,233400,271490,64000,4397
2026/09/09 19:08:41,24170000,233400,271510,64000,4403
2026/09/09 19:12:31,24170000,233400,271570,64000,4401
2026/09/09 19:16:31,24210000,233400,271720,64000,4403
2026/09/09 19:20:32,24210000,233400,271860,64000,4401
2026/09/09 19:24:35,24210000,233400,271840,64000,4401
2026/09/09 19:28:31,24210000,233400,271800,64000,4400
2026/09/09 19:32:32,24210000,233400,271780,64000,4398
2026/09/09 19:36:31,24210000,233400,271760,64000,4401
2026/09/09 19:40:32,24210000,233400,271510,64000,4396
2026/09/09 19:44:31,24210000,233390,271860,64000,4398
2026/09/09 19:48:31,24210000,233390,271860,64000,4393
2026/09/09 19:52:31,24210000,233390,271760,64000,4394
2026/09/09 19:56:31,24210000,233390,271760,64000,4400
2026/09/09 20:00:32,24210000,233390,271750,64000,4400
2026/09/09 20:04:31,24210000,233610,271740,64000,4403
2026/09/09 20:08:31,24210000,233880,271740,64000,4400
2026/09/09 20:12:31,24260000,233880,271740,64000,4403
2026/09/09 20:16:31,24260000,234190,271740,64000,4407
2026/09/09 20:20:32,24260000,234190,271740,64000,4407
2026/09/09 20:24:31,24260000,233890,271740,64000,4406
2026/09/09 20:28:32,24260000,233890,271740,64000,4409
2026/09/09 20:32:32,24260000,233890,271740,64000,4410
2026/09/09 20:36:31,24260000,233890,271740,64000,4413
2026/09/09 20:40:31,24320000,233890,271740,64000,4419
2026/09/09 20:44:31,24320000,233800,271740,64000,4416
2026/09/09 20:48:31,24320000,233800,271740,64000,4416
2026/09/09 20:52:31,24320000,233800,271740,64000,4417
2026/09/09 20:56:36,24320000,233910,271740,64000,4418
2026/09/09 21:00:31,24390000,233910,271740,64000,4415
2026/09/09 21:04:32,24390000,234120,271740,64000,4413
2026/09/09 21:08:31,24390000,234120,271740,64000,4413
2026/09/09 21:12:31,24390000,234120,271740,64000,4415
2026/09/09 21:16:32,24390000,234120,271740,64000,4414
2026/09/09 21:20:32,24390000,234120,271740,64000,4413
2026/09/09 21:24:31,24350000,234380,271740,64000,4415
2026/09/09 21:28:31,24350000,234380,271740,64000,4416
2026/09/09 21:32:32,24350000,234380,271740,64000,4418
2026/09/09 21:36:31,24350000,234890,271740,64000,4418
2026/09/09 21:40:31,24350000,234890,271740,64000,4417
2026/09/09 21:44:32,24350000,234890,271740,64000,4420
2026/09/09 21:48:32,24350000,234480,271740,64000,4419
2026/09/09 21:52:31,24350000,234480,271740,64000,4418
2026/09/09 21:56:31,24350000,234480,271740,64000,4417
2026/09/09 22:00:31,24350000,234890,271740,64000,4417
2026/09/09 22:04:31,24350000,234890,271740,64000,4415
2026/09/09 22:08:31,24350000,234890,271740,64000,4414
2026/09/09 22:12:31,24350000,234890,271740,64000,4413
2026/09/09 22:16:31,24350000,234890,271740,64000,4409
2026/09/09 22:20:31,24350000,234890,271740,64000,4407
2026/09/09 22:24:32,24350000,234890,271740,64000,4405
2026/09/09 22:28:31,24350000,234890,271740,64000,4403
2026/09/09 22:32:31,24350000,234890,271740,64000,4401
2026/09/09 22:36:31,24350000,234890,271740,64000,4398
2026/09/09 22:40:31,24350000,234890,271740,64000,4398
2026/09/09 22:44:31,24350000,234890,271740,64000,4397
2026/09/09 22:48:31,24350000,234890,271740,64000,4399
2026/09/09 22:52:31,24350000,234890,271740,64000,4402
2026/09/09 22:56:32,24350000,234890,271740,64000,4404
2026/09/09 23:00:32,24350000,234890,271740,64000,4400
2026/09/09 23:04:31,24350000,234890,271740,64000,4399
2026/09/09 23:08:31,24350000,234890,271740,64000,4396
2026/09/09 23:12:31,24350000,234890,271740,64000,4398
2026/09/09 23:16:32,24350000,234890,271740,64000,4401
2026/09/09 23:20:31,24350000,234890,271740,64000,4400
2026/09/09 23:24:31,24350000,234890,271740,64000,4398
2026/09/09 23:28:31,24350000,234890,271740,64000,4398
2026/09/09 23:32:31,24350000,234890,271740,64000,4398
2026/09/09 23:36:31,24350000,234890,271740,64000,4396
2026/09/09 23:40:31,24350000,234890,271740,64000,4397
2026/09/09 23:44:31,24350000,234890,271740,64000,4398
2026/09/09 23:48:32,24350000,234890,271740,64000,4396
2026/09/09 23:52:32,24350000,234890,271740,64000,4393
2026/09/09 23:56:31,24350000,234890,271740,64000,4395
2026/09/10 00:00:31,24350000,234890,271740,64000,4394
2026/09/10 00:04:31,24350000,234890,271740,64000,4397
2026/09/10 00:08:31,24350000,234890,271740,64000,4400
2026/09/10 00:12:32,24350000,234890,271740,64000,4399
2026/09/10 00:16:32,24350000,234890,271740,64000,4400
2026/09/10 00:20:31,24350000,234890,271740,64000,4399
2026/09/10 00:24:31,24350000,234890,271740,64000,4400
2026/09/10 00:28:31,24350000,234890,271740,64000,4400
2026/09/10 00:32:31,24350000,234890,271740,64000,4400
2026/09/10 00:36:31,24350000,234890,271740,64000,4400
2026/09/10 00:40:31,24350000,234890,271740,64000,4400
2026/09/10 00:44:31,24350000,234890,271740,64000,4400
2026/09/10 00:48:31,24350000,234890,271740,64000,4400
2026/09/10 00:52:31,24350000,234890,271740,64000,4400
2026/09/10 00:56:31,24350000,234890,271740,64000,4400
2026/09/10 01:00:31,24350000,234890,271740,64000,4400
2026/09/10 01:04:31,24350000,234890,271740,64000,4400
2026/09/10 01:08:32,24350000,234890,271740,64000,4400
2026/09/10 01:12:31,24350000,234890,271740,64000,4400
2026/09/10 01:16:31,24350000,234890,271740,64000,4400
2026/09/10 01:20:31,24350000,234890,271740,64000,4400
2026/09/10 01:24:31,24350000,234890,271740,64000,4400
2026/09/10 01:28:32,24350000,234890,271740,64000,4400
2026/09/10 01:32:31,24350000,234890,271740,64000,4400
2026/09/10 01:36:31,24350000,234890,271740,64000,4405
2026/09/10 01:40:31,24350000,234890,271740,64000,4404
2026/09/10 01:44:31,24350000,234890,271740,64000,4404
2026/09/10 01:48:31,24350000,234890,271740,64000,4403
2026/09/10 01:52:32,24350000,234890,271740,64000,4403
2026/09/10 01:56:31,24350000,234890,271740,64000,4401
2026/09/10 02:00:31,24350000,234890,271740,64000,4400
2026/09/10 02:04:31,24350000,234890,271740,64000,4403
2026/09/10 02:08:31,24350000,234890,271740,64000,4401
2026/09/10 02:12:31,24350000,234890,271740,64000,4400
2026/09/10 02:16:32,24350000,234890,271740,64000,4401
2026/09/10 02:20:32,24350000,234890,271740,64000,4400
2026/09/10 02:24:31,24350000,234890,271740,64000,4399
2026/09/10 02:28:31,24350000,234890,271740,64000,4398
2026/09/10 02:32:31,24350000,234890,271740,64000,4401
2026/09/10 02:36:32,24350000,234890,271740,64000,4402
2026/09/10 02:40:32,24350000,234890,271740,64000,4399
2026/09/10 02:44:31,24350000,234890,271740,64000,4402
2026/09/10 02:48:32,24350000,234890,271740,64000,4398
2026/09/10 02:52:31,24350000,234890,271740,64000,4400
2026/09/10 02:56:31,24350000,234890,271740,64000,4397
2026/09/10 03:00:31,24350000,234890,271740,64000,4397
2026/09/10 03:04:31,24350000,234890,271740,64000,4394
2026/09/10 03:08:32,24350000,234890,271740,64000,4394
2026/09/10 03:12:31,24350000,234890,271740,64000,4393
2026/09/10 03:16:31,24350000,234890,271740,64000,4394
2026/09/10 03:20:31,24350000,234890,271740,64000,4394
2026/09/10 03:24:31,24350000,234890,271740,64000,4394
2026/09/10 03:28:31,24350000,234890,271740,64000,4394
2026/09/10 03:32:31,24350000,234890,271740,64000,4392
2026/09/10 03:36:31,24350000,234890,271740,64000,4392
2026/09/10 03:40:31,24350000,234890,271740,64000,4391
2026/09/10 03:44:31,24350000,234890,271740,64000,4396
2026/09/10 03:48:31,24350000,234890,271740,64000,4397
2026/09/10 03:52:31,24350000,234890,271740,64000,4397
2026/09/10 03:56:31,24350000,234890,271740,64000,4396
2026/09/10 04:00:31,24350000,234890,271740,64000,4393
2026/09/10 04:04:31,24350000,234890,271740,64000,4392
2026/09/10 04:08:31,24350000,234890,271740,64000,4397
2026/09/10 04:12:31,24350000,234890,271740,64000,4398
2026/09/10 04:16:32,24350000,234890,271740,64000,4400
2026/09/10 04:20:32,24350000,234890,271740,64000,4400
2026/09/10 04:24:32,24350000,234890,271740,64000,4402
2026/09/10 04:28:31,24350000,234890,271740,64000,4403
2026/09/10 04:32:31,24350000,234890,271740,64000,4407
2026/09/10 04:36:31,24350000,234890,271740,64000,4409
2026/09/10 04:40:31,24350000,234890,271740,64000,4415
2026/09/10 04:44:31,24350000,234890,271740,64000,4414
2026/09/10 04:48:31,24350000,234890,271740,64000,4414
2026/09/10 04:52:31,24350000,234890,271740,64000,4410
2026/09/10 04:56:31,24350000,234890,271740,64000,4413
2026/09/10 05:00:31,24350000,234890,271740,64000,4412
2026/09/10 05:04:31,24350000,234890,271740,64000,4407
2026/09/10 05:08:31,24350000,234890,271740,64000,4409
2026/09/10 05:12:31,24350000,234890,271740,64000,4409
2026/09/10 05:16:31,24350000,234890,271740,64000,4409
2026/09/10 05:20:31,24350000,234890,271740,64000,4412
2026/09/10 05:24:31,24350000,234890,271740,64000,4409
2026/09/10 05:28:32,24350000,234890,271740,64000,4409
2026/09/10 05:32:32,24350000,234890,271740,64000,4414
2026/09/10 05:36:31,24350000,234890,271740,64000,4415
2026/09/10 05:40:31,24350000,234890,271740,64000,4418
2026/09/10 05:44:31,24350000,234890,271740,64000,4414
2026/09/10 05:48:31,24350000,234890,271740,64000,4409
2026/09/10 05:52:32,24350000,234890,271740,64000,4411
2026/09/10 05:56:31,24350000,234890,271740,64000,4413
2026/09/10 06:00:31,24350000,234890,271740,64000,4416
2026/09/10 06:04:31,24350000,234890,271740,64000,4412
2026/09/10 06:08:31,24350000,234890,271740,64000,4414
2026/09/10 06:12:32,24350000,234890,271740,64000,4417
2026/09/10 06:16:32,24350000,234890,271740,64000,4417
2026/09/10 06:20:31,24350000,234890,271740,64000,4417
2026/09/10 06:24:31,24350000,234890,271740,64000,4420
2026/09/10 06:28:31,24350000,234890,271740,64000,4418
2026/09/10 06:32:31,24350000,234890,271740,64000,4419
2026/09/10 06:36:31,24350000,234890,271740,64000,4416
2026/09/10 06:40:32,24350000,234890,271740,64000,4413
2026/09/10 06:44:32,24350000,234890,271740,64000,4414
2026/09/10 06:48:31,24350000,234890,271740,64000,4413
2026/09/10 06:52:31,24350000,234890,271740,64000,4412
2026/09/10 06:56:31,24350000,234890,271740,64000,4412
2026/09/10 07:00:31,24350000,234890,271740,64000,4409
2026/09/10 07:04:32,24350000,234890,271740,64000,4412
2026/09/10 07:08:36,24350000,234890,271740,64000,4409
2026/09/10 07:12:32,24350000,234890,271740,64000,4408
2026/09/10 07:16:31,24350000,234890,271740,64000,4408
2026/09/10 07:20:31,24350000,234890,271740,64000,4409
2026/09/10 07:24:31,24350000,234890,271740,64000,4407
2026/09/10 07:28:31,24350000,234890,271740,64000,4408
2026/09/10 07:32:32,24350000,234890,271740,64000,4410
2026/09/10 07:36:31,24350000,234890,271740,64000,4412
2026/09/10 07:40:31,24350000,234890,271740,64000,4413
2026/09/10 07:44:31,24350000,234890,271740,64000,4414
2026/09/10 07:48:31,24350000,234890,271740,64000,4414
2026/09/10 07:52:32,24350000,234890,271740,64000,4414
2026/09/10 07:56:31,24350000,234890,271740,64000,4414
2026/09/10 08:00:31,24350000,234890,271740,64000,4412
2026/09/10 08:04:31,24350000,235200,271740,64000,4411
2026/09/10 08:08:32,24350000,235200,271740,64000,4410
2026/09/10 08:12:31,24350000,235200,271740,64000,4406
2026/09/10 08:16:31,24350000,235200,271740,64000,4406
2026/09/10 08:20:31,24350000,235200,271740,64000,4409
2026/09/10 08:24:31,24350000,235200,271740,64000,4408
2026/09/10 08:28:31,24350000,235200,271740,64000,4408
2026/09/10 08:32:31,24350000,235200,271740,64000,4409
2026/09/10 08:36:31,24350000,235200,271740,64000,4409
2026/09/10 08:40:32,24350000,235200,271740,64000,4414
2026/09/10 08:44:31,24350000,235200,271740,64000,4416
2026/09/10 08:48:31,24350000,235200,271740,64000,4417
2026/09/10 08:52:31,24350000,235200,271740,64000,4419
2026/09/10 08:56:31,24350000,235200,271740,64000,4419
2026/09/10 09:00:31,24350000,235200,271740,64000,4419
2026/09/10 09:04:31,24400000,235200,271740,64000,4425
2026/09/10 09:08:31,24400000,235200,271740,64000,4427
2026/09/10 09:12:32,24400000,235200,271740,64000,4424
2026/09/10 09:16:32,24550000,235200,271740,64000,4429
2026/09/10 09:20:32,24550000,235200,271740,64000,4427
2026/09/10 09:24:31,24550000,235200,271740,64000,4426
2026/09/10 09:28:31,24550000,235200,271740,64500,4425
2026/09/10 09:32:31,24550000,235200,271740,64500,4429
2026/09/10 09:36:31,24550000,235200,271740,64500,4427
2026/09/10 09:40:32,24550000,235200,271740,64500,4423
2026/09/10 09:44:31,24550000,235200,271740,64500,4418
2026/09/10 09:48:38,24550000,235200,271740,64500,4414
2026/09/10 09:52:31,24520000,236955,271740,64500,4412
2026/09/10 09:56:31,24420000,237220,271740,64500,4415
2026/09/10 10:00:31,24350000,237324,271740,64500,4417
2026/09/10 10:04:31,24350000,237324,271740,65000,4416
2026/09/10 10:08:31,24350000,236959,271740,65000,4414
2026/09/10 10:16:37,24450000,236787,271740,65000,4427
2026/09/10 10:20:31,24450000,236000,271740,65000,4424
2026/09/10 10:24:32,24450000,236076,271740,65000,4426
2026/09/10 10:28:31,24370000,236076,271740,65000,4425
2026/09/10 10:32:31,24370000,236249,271740,65000,4421
2026/09/10 10:36:40,24370000,236062,271740,65000,4415
2026/09/10 10:40:36,24370000,236062,271740,65000,4415
2026/09/10 10:44:34,24370000,235806,271740,65000,4417
2026/09/10 10:48:31,24370000,235806,271740,65000,4415
2026/09/10 10:52:41,24370000,235806,271740,65000,4415
2026/09/10 10:56:31,24370000,235806,271740,65000,4415
2026/09/10 11:00:32,24370000,235806,271740,65000,4415
2026/09/10 11:04:31,24220000,234609,273900,64300,4408
2026/09/10 11:08:32,24220000,235239,273180,64300,4407
2026/09/10 11:12:31,24220000,235239,273180,64300,4407
2026/09/10 11:16:31,24220000,235239,273180,64300,4407
2026/09/10 11:20:31,24310000,235562,274640,64300,4411
2026/09/10 11:24:31,24310000,235398,274520,64300,4414
2026/09/10 11:28:31,24310000,235398,274530,63900,4413
2026/09/10 11:32:32,24310000,234900,274390,63900,4411
2026/09/10 11:36:32,24310000,235287,274240,63900,4407
2026/09/10 11:40:32,24310000,235287,274240,63900,4408
2026/09/10 11:44:32,24270000,234697,274090,63900,4407
2026/09/10 11:48:32,24270000,234151,273630,64000,4406
2026/09/10 11:52:31,24270000,234151,273610,64000,4406
2026/09/10 11:56:31,24270000,234000,273570,64000,4406
2026/09/10 12:00:32,24270000,233731,273590,64000,4405
2026/09/10 12:04:31,24270000,233731,273630,64000,4401
2026/09/10 12:08:32,24270000,234700,273760,64000,4400
2026/09/10 12:12:32,24220000,234700,273770,64000,4399
2026/09/10 12:16:31,24220000,234959,273730,64000,4396
2026/09/10 12:20:31,24220000,235159,273410,64000,4393
2026/09/10 12:24:31,24220000,234960,273370,64000,4397
2026/09/10 12:28:32,24220000,234500,273260,64000,4394
2026/09/10 12:32:31,24220000,234508,273230,64000,4394
2026/09/10 12:36:31,24220000,234508,273300,64000,4396
2026/09/10 12:40:32,24220000,234545,273470,64000,4393
2026/09/10 12:44:31,24250000,234616,273510,63900,4394
2026/09/10 12:48:31,24250000,234616,273930,63900,4395
2026/09/10 12:52:31,24250000,234250,273660,63900,4396
2026/09/10 12:56:31,24250000,234036,273660,63900,4392
2026/09/10 13:00:37,24250000,234937,273850,63900,4392
2026/09/10 13:04:31,24250000,235000,273830,63900,4391
2026/09/10 13:08:32,24250000,235153,273580,63900,4391
2026/09/10 13:12:31,24250000,235153,273620,63900,4389
2026/09/10 13:16:32,24250000,235097,273530,63900,4393
2026/09/10 13:20:32,24250000,234982,273520,63900,4394
2026/09/10 13:24:31,24250000,234982,273480,63900,4394
2026/09/10 13:28:31,24250000,234704,273500,63900,4394
2026/09/10 13:32:31,24250000,234578,273390,63900,4393
2026/09/10 13:36:31,24220000,234491,273460,63800,4399
2026/09/10 13:40:31,24220000,234491,273430,63800,4394
2026/09/10 13:44:31,24220000,234287,273880,63800,4395
2026/09/10 13:48:31,24220000,234287,273740,63800,4398
2026/09/10 13:52:31,24220000,234637,273730,63800,4397
2026/09/10 13:56:31,24220000,234529,273660,63800,4396
2026/09/10 14:00:31,24220000,234529,273690,63800,4394
2026/09/10 14:04:31,24220000,234438,273760,63800,4387
2026/09/10 14:08:31,24220000,234419,273930,63800,4380
2026/09/10 14:12:31,24220000,234480,273820,63800,4384
2026/09/10 14:16:31,24220000,234480,274050,63800,4382
2026/09/10 14:20:31,24220000,234558,273990,63800,4382
2026/09/10 14:24:32,24220000,235032,274040,63800,4379
2026/09/10 14:28:31,24220000,235032,274030,63800,4383
2026/09/10 14:32:31,24220000,235670,274070,63800,4381
2026/09/10 14:36:31,24220000,235670,274090,63800,4383
2026/09/10 14:40:31,24220000,235925,274310,63800,4383
2026/09/10 14:44:31,24220000,236004,274330,63800,4380
2026/09/10 14:48:32,24220000,236004,274300,63800,4382
2026/09/10 14:52:32,24220000,235923,274690,63800,4381
2026/09/10 14:56:31,24220000,236128,275390,63800,4383
2026/09/10 15:00:32,24220000,236128,275240,63800,4385
2026/09/10 15:04:31,24220000,236609,275200,63800,4385
2026/09/10 15:08:31,24220000,236646,275050,63800,4387
2026/09/10 15:12:31,24220000,236646,275050,63800,4390
2026/09/10 15:16:32,24220000,236467,275080,63800,4384
2026/09/10 15:20:32,24220000,236341,275050,63800,4381
2026/09/10 15:24:31,24220000,236341,275240,63800,4376
2026/09/10 15:28:32,24220000,236366,275160,63800,4375
2026/09/10 15:32:32,24220000,236339,275140,63800,4372
2026/09/10 15:36:32,24220000,236339,275090,63800,4372
2026/09/10 15:40:31,24220000,236279,274960,63800,4374
2026/09/10 15:44:31,24220000,236188,274980,63800,4373
2026/09/10 15:48:32,24220000,236188,274940,63800,4368
2026/09/10 15:52:31,24220000,236107,275000,63800,4371
2026/09/10 15:56:31,24220000,236203,274950,63800,4365
2026/09/10 16:00:31,24220000,236203,275030,63800,4363
2026/09/10 16:04:32,24220000,236247,275140,63800,4350
2026/09/10 16:08:32,24220000,236247,275120,63800,4335
2026/09/10 16:12:31,24220000,236247,275110,63800,4330
2026/09/10 16:16:32,24220000,236178,274540,63800,4341
2026/09/10 16:20:32,24220000,236156,274540,63800,4347
2026/09/10 16:24:31,24220000,236156,274540,63800,4346
2026/09/10 16:28:31,24220000,236241,274530,63800,4340
2026/09/10 16:36:31,24220000,236377,274660,63800,4351
2026/09/10 16:40:31,24220000,236283,274650,63800,4349
2026/09/10 16:44:31,24220000,236208,274840,63800,4346
2026/09/10 16:48:31,24220000,236208,274630,63800,4344
2026/09/10 16:52:31,24220000,236489,274830,63800,4355
2026/09/10 16:56:31,24220000,236591,274820,63800,4350
2026/09/10 17:00:31,24220000,236591,274860,63800,4356
2026/09/10 17:04:32,24190000,236732,274860,63800,4360
2026/09/10 17:08:32,24190000,236619,274860,63800,4364
2026/09/10 17:12:32,24190000,236619,274860,63800,4372
2026/09/10 17:16:31,24190000,236501,274860,63800,4364
2026/09/10 17:20:31,24190000,236377,274860,63800,4375
2026/09/10 17:24:31,24190000,236377,274860,63800,4373
2026/09/10 17:28:31,24220000,236255,274860,63800,4367
2026/09/10 17:32:31,24220000,236255,274860,63800,4368
2026/09/10 17:36:31,24220000,236137,274860,63800,4370
2026/09/10 17:40:32,24220000,236037,274860,63800,4362
2026/09/10 17:44:31,24220000,235962,274860,63800,4360
2026/09/10 17:48:31,24220000,235962,274860,63800,4355
2026/09/10 17:52:32,24220000,236001,274860,63800,4363
2026/09/10 17:56:41,24220000,236028,274860,63800,4374
2026/09/10 18:00:31,24250000,236028,274860,63800,4366
2026/09/10 18:04:32,24250000,236046,274860,63800,4363
2026/09/10 18:08:32,24250000,236047,274860,63800,4367
2026/09/10 18:12:32,24250000,236047,274860,63800,4366
2026/09/10 18:16:32,24250000,236029,274860,63800,4355
2026/09/10 18:20:31,24250000,235920,274860,63800,4358
2026/09/10 18:24:32,24250000,235920,274860,63800,4360
2026/09/10 18:28:32,24250000,235877,274860,63800,4358
2026/09/10 18:32:31,24250000,235903,274860,63800,4354
2026/09/10 18:36:31,24250000,235903,274860,63800,4354
2026/09/10 18:40:41,24250000,235963,274860,63800,4357
2026/09/10 18:44:31,24250000,235906,274860,63800,4358
2026/09/10 18:48:32,24250000,235906,274860,63800,4362
2026/09/10 18:52:31,24250000,235877,274860,63800,4361
2026/09/10 18:56:31,24190000,235829,274860,63800,4365
2026/09/10 19:00:31,24190000,235829,274860,63800,4364
2026/09/10 19:04:31,24190000,235891,274860,63800,4363
2026/09/10 19:08:31,24190000,236095,274860,63800,4369
2026/09/10 19:12:31,24190000,236095,274860,63800,4365
2026/09/10 19:16:32,24190000,236072,274860,63800,4366
2026/09/10 19:20:32,24190000,236189,274860,63800,4363
2026/09/10 19:24:31,24190000,236189,274860,63800,4368
2026/09/10 19:28:31,24190000,236146,274860,63800,4366
2026/09/10 19:32:31,24190000,236138,274860,63800,4366
2026/09/10 19:36:31,24190000,236138,274860,63800,4368
2026/09/10 19:40:32,24190000,236216,274860,63800,4360
2026/09/10 19:44:31,24190000,236403,274860,63800,4358
2026/09/10 19:48:32,24190000,236403,274860,63800,4357
2026/09/10 19:52:31,24190000,236981,274860,63800,4360
2026/09/10 19:56:32,24190000,236927,274860,63800,4361
2026/09/10 20:00:32,24190000,236927,274860,63800,4362
2026/09/10 20:04:32,24190000,236934,274860,63800,4364
2026/09/10 20:08:31,24160000,236818,274860,63800,4359
2026/09/10 20:12:31,24160000,236818,274860,63800,4359
2026/09/10 20:16:31,24160000,236684,274860,63800,4359
2026/09/10 20:20:32,24160000,236210,274860,63800,4359
2026/09/10 20:24:31,24160000,236210,274860,63800,4361
2026/09/10 20:28:31,24160000,236049,274860,63800,4361
2026/09/10 20:32:36,24160000,236134,274860,63800,4363
2026/09/10 20:36:31,24160000,236134,274860,63800,4364
2026/09/10 20:40:32,24160000,236074,274860,63800,4361
2026/09/10 20:44:32,24160000,235937,274860,63800,4363
2026/09/10 20:48:31,24160000,235937,274860,63800,4363
2026/09/10 20:52:31,24160000,235890,274860,63800,4364
2026/09/10 20:56:31,24160000,235890,274860,63800,4363
2026/09/10 21:00:32,24160000,236049,274860,63800,4365
2026/09/10 21:04:31,24160000,235930,274860,63800,4365
2026/09/10 21:08:31,24160000,235930,274860,63800,4363
2026/09/10 21:12:31,24160000,235987,274860,63800,4355
2026/09/10 21:16:31,24160000,236062,274860,63800,4359
2026/09/10 21:20:31,24160000,236062,274860,63800,4357
2026/09/10 21:24:31,24160000,236035,274860,63800,4359
2026/09/10 21:28:31,24160000,236102,274860,63800,4353
2026/09/10 21:32:31,24160000,236102,274860,63800,4354
2026/09/10 21:36:32,24160000,236172,274860,63800,4348
2026/09/10 21:40:32,24160000,236529,274860,63800,4343
2026/09/10 21:44:31,24160000,236835,274860,63800,4342
2026/09/10 21:48:31,24160000,236835,274860,63800,4341
2026/09/10 21:52:31,24160000,236746,274860,63800,4343
2026/09/10 21:56:31,24160000,236746,274860,63800,4344
2026/09/10 22:00:31,24160000,236719,274860,63800,4339
2026/09/10 22:04:31,24160000,236653,274860,63800,4335
2026/09/10 22:08:31,24160000,236879,274860,63800,4334
2026/09/10 22:12:31,24160000,236879,274860,63800,4334
2026/09/10 22:16:31,24160000,236777,274860,63800,4333
2026/09/10 22:20:31,24160000,236689,274860,63800,4332
2026/09/10 22:24:32,24160000,236689,274860,63800,4333
2026/09/10 22:28:32,24160000,236585,274860,63800,4333
2026/09/10 22:32:31,24160000,236585,274860,63800,4326
2026/09/10 22:36:31,24160000,236444,274860,63800,4317
2026/09/10 22:40:31,24160000,236295,274860,63800,4317
2026/09/10 22:44:32,24160000,236295,274860,63800,4321
2026/09/10 22:48:32,24160000,236162,274860,63800,4321
2026/09/10 22:52:31,24160000,236162,274860,63800,4323
2026/09/10 22:56:31,24160000,236162,274860,63800,4329
2026/09/10 23:00:32,24160000,236162,274860,63800,4328
2026/09/10 23:04:31,24160000,236162,274860,63800,4325
2026/09/10 23:08:31,24160000,236099,274860,63800,4326
2026/09/10 23:12:31,24160000,236048,274860,63800,4327
2026/09/10 23:16:31,24160000,236044,274860,63800,4325
2026/09/10 23:20:31,24160000,236022,274860,63800,4322
2026/09/10 23:24:31,24160000,236022,274860,63800,4323
2026/09/10 23:28:31,24160000,236057,274860,63800,4324
2026/09/10 23:32:31,24160000,236057,274860,63800,4323
2026/09/10 23:36:32,24160000,236057,274860,63800,4321
2026/09/10 23:40:32,24160000,236057,274860,63800,4322
2026/09/10 23:44:31,24160000,236057,274860,63800,4322
2026/09/10 23:48:32,24160000,236057,274860,63800,4323
2026/09/10 23:52:31,24160000,236057,274860,63800,4319
2026/09/10 23:56:36,24160000,236057,274860,63800,4317
2026/09/11 00:00:31,24160000,236057,274860,63800,4319
2026/09/11 00:04:32,24160000,236383,274860,63800,4317
2026/09/11 00:08:31,24160000,236383,274860,63800,4318
2026/09/11 00:12:32,24160000,236384,274860,63800,4317
2026/09/11 00:16:31,24160000,236344,274860,63800,4318
2026/09/11 00:20:31,24160000,236344,274860,63800,4316
2026/09/11 00:24:31,24160000,236332,274860,63800,4316
2026/09/11 00:28:31,24160000,236230,274860,63800,4317
2026/09/11 00:32:32,24160000,236230,274860,63800,4317
2026/09/11 00:36:32,24160000,236161,274860,63800,4317
2026/09/11 00:40:31,24160000,236159,274860,63800,4317
2026/09/11 00:44:31,24160000,236159,274860,63800,4317
2026/09/11 00:48:31,24160000,236134,274860,63800,4317
2026/09/11 00:52:31,24160000,236053,274860,63800,4317
2026/09/11 00:56:32,24160000,236053,274860,63800,4317
2026/09/11 01:00:31,24160000,235938,274860,63800,4317
2026/09/11 01:04:31,24160000,235917,274860,63800,4317
2026/09/11 01:08:31,24160000,235917,274860,63800,4317
2026/09/11 01:12:31,24160000,236193,274860,63800,4317
2026/09/11 01:16:32,24160000,236228,274860,63800,4317
2026/09/11 01:20:31,24160000,236228,274860,63800,4317
2026/09/11 01:24:31,24160000,236233,274860,63800,4317
2026/09/11 01:28:32,24160000,236237,274860,63800,4317
2026/09/11 01:32:31,24160000,236237,274860,63800,4317
2026/09/11 01:36:31,24160000,236214,274860,63800,4317
2026/09/11 01:40:31,24160000,236177,274860,63800,4322
2026/09/11 01:44:31,24160000,236177,274860,63800,4322
2026/09/11 01:48:31,24160000,236080,274860,63800,4320
2026/09/11 01:52:31,24160000,236112,274860,63800,4320
2026/09/11 01:56:31,24160000,236112,274860,63800,4319
2026/09/11 02:00:31,24160000,236004,274860,63800,4319
2026/09/11 02:04:31,24160000,235973,274860,63800,4317
2026/09/11 02:08:32,24160000,235973,274860,63800,4317
2026/09/11 02:12:31,24160000,235957,274860,63800,4314
2026/09/11 02:16:32,24160000,235946,274860,63800,4316
2026/09/11 02:20:31,24160000,235946,274860,63800,4317
2026/09/11 02:24:32,24160000,235906,274860,63800,4318
2026/09/11 02:28:32,24160000,235876,274860,63800,4318
2026/09/11 02:32:31,24160000,235876,274860,63800,4318
2026/09/11 02:36:31,24160000,235832,274860,63800,4319
2026/09/11 02:40:32,24160000,235772,274860,63800,4319
2026/09/11 02:44:32,24160000,235772,274860,63800,4316
2026/09/11 02:48:31,24160000,235696,274860,63800,4319
2026/09/11 02:52:31,24160000,235603,274860,63800,4320
2026/09/11 02:56:32,24160000,235603,274860,63800,4318
2026/09/11 03:00:32,24160000,235519,274860,63800,4318
2026/09/11 03:04:31,24160000,235431,274860,63800,4319
2026/09/11 03:08:31,24160000,235431,274860,63800,4317
2026/09/11 03:12:32,24160000,235351,274860,63800,4316
2026/09/11 03:16:32,24160000,235257,274860,63800,4318
2026/09/11 03:20:31,24160000,235257,274860,63800,4315
2026/09/11 03:24:31,24160000,235284,274860,63800,4313
2026/09/11 03:28:31,24160000,235258,274860,63800,4313
2026/09/11 03:32:31,24160000,235258,274860,63800,4316
2026/09/11 03:36:32,24160000,235247,274860,63800,4320
2026/09/11 03:40:32,24160000,235495,274860,63800,4321
2026/09/11 03:44:31,24160000,235495,274860,63800,4319
2026/09/11 03:48:31,24160000,235705,274860,63800,4319
2026/09/11 03:52:32,24160000,235914,274860,63800,4318
2026/09/11 03:56:32,24160000,235914,274860,63800,4318
2026/09/11 04:00:31,24160000,235461,274860,63800,4323
2026/09/11 04:04:31,24160000,235388,274860,63800,4321
2026/09/11 04:08:31,24160000,235388,274860,63800,4321
2026/09/11 04:12:32,24160000,235424,274860,63800,4321
2026/09/11 04:16:31,24160000,235420,274860,63800,4328
2026/09/11 04:20:31,24160000,235420,274860,63800,4333
2026/09/11 04:24:31,24160000,235417,274860,63800,4333
2026/09/11 04:28:31,24160000,235445,274860,63800,4331
2026/09/11 04:32:31,24160000,235445,274860,63800,4329
2026/09/11 04:36:31,24160000,235449,274860,63800,4339
2026/09/11 04:40:31,24160000,235449,274860,63800,4336
2026/09/11 04:44:31,24160000,235449,274860,63800,4337
2026/09/11 04:48:31,24160000,235427,274860,63800,4336
2026/09/11 04:52:32,24160000,235478,274860,63800,4329
2026/09/11 04:56:31,24160000,235478,274860,63800,4321
2026/09/11 05:00:31,24160000,235598,274860,63800,4327
2026/09/11 05:04:31,24160000,235713,274860,63800,4331
2026/09/11 05:08:31,24160000,235713,274860,63800,4333
2026/09/11 05:12:31,24160000,235666,274860,63800,4325
2026/09/11 05:16:32,24160000,235617,274860,63800,4324
2026/09/11 05:20:32,24160000,235617,274860,63800,4328
2026/09/11 05:24:31,24160000,235604,274860,63800,4325
2026/09/11 05:28:31,24160000,235582,274860,63800,4325
2026/09/11 05:32:31,24160000,235582,274860,63800,4331
2026/09/11 05:36:31,24160000,235706,274860,63800,4333
2026/09/11 05:40:32,24160000,235594,274860,63800,4331
2026/09/11 05:44:31,24160000,235594,274860,63800,4329
2026/09/11 05:48:31,24160000,235640,274860,63800,4332
2026/09/11 05:52:32,24160000,235618,274860,63800,4332
2026/09/11 05:56:31,24160000,235618,274860,63800,4327
2026/09/11 06:00:31,24160000,235597,274860,63800,4326
2026/09/11 06:04:31,24160000,235545,274860,63800,4318
2026/09/11 06:08:31,24160000,235545,274860,63800,4318
2026/09/11 06:12:31,24160000,235490,274860,63800,4322
2026/09/11 06:16:31,24160000,235407,274860,63800,4319
2026/09/11 06:20:31,24160000,235407,274860,63800,4325
2026/09/11 06:24:31,24160000,235290,274860,63800,4324
2026/09/11 06:28:31,24160000,235312,274860,63800,4322
2026/09/11 06:32:31,24160000,235312,274860,63800,4325
2026/09/11 06:36:31,24160000,235275,274860,63800,4322
2026/09/11 06:40:32,24160000,235276,274860,63800,4318
2026/09/11 06:44:31,24160000,235276,274860,63800,4318
2026/09/11 06:48:31,24160000,235180,274860,63800,4318
2026/09/11 06:52:31,24160000,235206,274860,63800,4314
2026/09/11 06:56:31,24160000,235206,274860,63800,4304
2026/09/11 07:00:31,24160000,235306,274860,63800,4310
2026/09/11 07:04:31,24160000,235421,274860,63800,4308
2026/09/11 07:08:32,24160000,235421,274860,63800,4308
2026/09/11 07:12:31,24160000,235421,274860,63800,4310
2026/09/11 07:16:31,24160000,235399,274860,63800,4306
2026/09/11 07:20:31,24160000,235399,274860,63800,4303
2026/09/11 07:24:31,24160000,235425,274860,63800,4303
2026/09/11 07:28:31,24160000,235354,274860,63800,4306
2026/09/11 07:32:31,24160000,235354,274860,63800,4303
2026/09/11 07:36:32,24160000,235347,274860,63800,4310
2026/09/11 07:40:31,24160000,235417,274860,63800,4317
2026/09/11 07:44:31,24160000,235417,274860,63800,4322
2026/09/11 07:48:31,24160000,235411,274860,63800,4320
2026/09/11 07:52:31,24160000,235351,274860,63800,4325
2026/09/11 07:56:31,24160000,235351,274860,63800,4327
2026/09/11 08:00:31,24160000,235317,274860,63800,4328
2026/09/11 08:04:32,24160000,235317,274860,63800,4330
2026/09/11 08:08:32,24160000,235243,274860,63800,4326
2026/09/11 08:12:31,24160000,235222,274860,63800,4328
2026/09/11 08:16:31,24160000,235222,274860,63800,4331
2026/09/11 08:20:31,24160000,235216,274860,63800,4329
2026/09/11 08:24:31,24160000,235273,274860,63800,4333
2026/09/11 08:28:31,24160000,235351,274860,63800,4334
2026/09/11 08:32:31,24160000,235351,274860,63800,4329
2026/09/11 08:36:31,24160000,235338,274860,63800,4331
2026/09/11 08:40:32,24160000,235463,274860,63800,4331
2026/09/11 08:44:31,24160000,235463,274860,63800,4334
2026/09/11 08:48:31,24160000,235451,274860,63800,4334
2026/09/11 08:52:31,24160000,235623,274860,63800,4336
2026/09/11 08:56:31,24160000,235623,274860,63800,4336
2026/09/11 09:00:31,24160000,235590,274860,63800,4334
2026/09/11 09:04:31,24160000,235516,274860,63800,4336
2026/09/11 09:08:32,24160000,235516,274860,63800,4339
2026/09/11 09:12:32,24160000,235451,274860,63800,4335
2026/09/11 09:16:32,24160000,235451,274860,63800,4342
2026/09/11 09:20:31,24160000,235391,274860,63800,4344
2026/09/11 09:24:31,24160000,235395,274860,63800,4347
2026/09/11 09:28:32,24160000,235395,274860,63800,4347
2026/09/11 09:32:31,24160000,235369,274860,63800,4350
2026/09/11 09:36:31,24160000,235356,274860,63800,4353
2026/09/11 09:40:32,24160000,235356,274860,63800,4357
2026/09/11 09:44:31,24160000,235321,274860,63800,4356
2026/09/11 09:48:32,24160000,235515,274860,63800,4358
2026/09/11 09:52:32,24160000,235515,274860,63800,4356
2026/09/11 09:56:32,24160000,235576,274860,63800,4353
2026/09/11 10:00:31,24160000,235679,274860,63800,4351
2026/09/11 10:04:31,24160000,235699,274860,63800,4348
2026/09/11 10:08:31,24160000,235699,274860,63800,4351
2026/09/11 10:12:31,24160000,235605,274860,63800,4352
2026/09/11 10:16:32,24160000,235605,274860,63800,4350
2026/09/11 10:20:31,24160000,235856,274860,63800,4352
2026/09/11 10:24:31,24160000,235767,274860,63800,4350
2026/09/11 10:28:31,24160000,235692,274860,63800,4352
2026/09/11 10:32:31,24160000,235692,274860,63800,4355
2026/09/11 10:36:31,24160000,235612,274860,63800,4354
2026/09/11 10:40:32,24160000,235612,274860,63800,4350
2026/09/11 10:44:31,24160000,235517,274860,63800,4355
2026/09/11 10:48:32,24160000,235493,274860,63800,4351
2026/09/11 10:52:31,24160000,235493,274860,63800,4351
2026/09/11 10:56:31,24160000,235493,274860,63800,4349
2026/09/11 11:00:32,24160000,235424,274860,63800,4347
2026/09/11 11:04:32,24160000,235424,274860,63800,4346
2026/09/11 11:08:32,24160000,235358,274860,63800,4344
2026/09/11 11:12:31,24160000,235365,274860,63800,4344
2026/09/11 11:16:31,24160000,235365,274860,63800,4344
2026/09/11 11:20:31,24160000,235284,274860,63800,4343
2026/09/11 11:24:31,24160000,235237,274860,63800,4342
2026/09/11 11:28:31,24160000,235237,274860,63800,4344
2026/09/11 11:32:32,24160000,235233,274860,63800,4346
2026/09/11 11:36:31,24160000,235166,274860,63800,4343
2026/09/11 11:40:31,24160000,235166,274860,63800,4347
2026/09/11 11:44:31,24160000,235099,274860,63800,4347
2026/09/11 11:48:31,24160000,234996,274860,63800,4349
2026/09/11 11:52:31,24160000,234996,274860,63800,4344
2026/09/11 11:56:31,24160000,234885,274860,63800,4353
2026/09/11 12:00:31,24160000,234791,274860,63800,4351
2026/09/11 12:04:31,24160000,234791,274860,63800,4354
2026/09/11 12:08:31,24160000,234702,274860,63800,4353
2026/09/11 12:12:31,24160000,234732,274860,63800,4356
2026/09/11 12:16:32,24160000,234732,274860,63800,4352
2026/09/11 12:20:31,24160000,234790,274860,63800,4352
2026/09/11 12:24:31,24160000,235071,274860,63800,4351
2026/09/11 12:28:31,24160000,235071,274860,63800,4349
2026/09/11 12:32:31,24160000,235134,274860,63800,4351
2026/09/11 12:36:31,24160000,235036,274860,63800,4348
2026/09/11 12:40:31,24160000,235036,274860,63800,4345
2026/09/11 12:44:31,24160000,234940,274860,63800,4345
2026/09/11 12:48:31,24160000,234874,274860,63800,4342
2026/09/11 12:52:31,24160000,234874,274860,63800,4344
2026/09/11 12:56:32,24160000,234727,274860,63800,4344
2026/09/11 13:00:32,24160000,234651,274860,63800,4344
2026/09/11 13:04:32,24160000,234651,274860,63800,4343
2026/09/11 13:08:32,24160000,234563,274860,63800,4344
2026/09/11 13:12:32,24160000,234889,274860,63800,4342
2026/09/11 13:16:32,24160000,234889,274860,63800,4343
2026/09/11 13:20:31,24160000,234842,274860,63800,4343
2026/09/11 13:24:31,24160000,234739,274860,63800,4344
2026/09/11 13:28:31,24160000,234739,274860,63800,4343
2026/09/11 13:32:31,24160000,234702,274860,63800,4348
2026/09/11 13:36:31,24160000,234678,274860,63800,4349
2026/09/11 13:40:31,24160000,234678,274860,63800,4346
2026/09/11 13:44:31,24160000,234591,274860,63800,4345
2026/09/11 13:48:32,24160000,234653,274860,63800,4347
2026/09/11 13:52:32,24160000,234653,274860,63800,4348
2026/09/11 13:56:32,24160000,234660,274860,63800,4348
2026/09/11 14:00:31,24160000,234689,274860,63800,4347
2026/09/11 14:04:31,24160000,234689,274860,63800,4348
2026/09/11 14:08:31,24160000,234697,274860,63800,4346
2026/09/11 14:12:31,24160000,234802,274860,63800,4344
2026/09/11 14:16:31,24160000,234802,274860,63800,4344
2026/09/11 14:20:31,24160000,234884,274860,63800,4343
2026/09/11 14:24:31,24160000,234814,274860,63800,4341
2026/09/11 14:28:32,24160000,234814,274860,63800,4338
2026/09/11 14:32:31,24160000,234759,274860,63800,4340
2026/09/11 14:36:32,24160000,234902,274860,63800,4339
2026/09/11 14:40:32,24160000,234902,274860,63800,4337
2026/09/11 14:44:31,24160000,235291,274860,63800,4337
2026/09/11 14:48:31,24160000,235235,274860,63800,4336
2026/09/11 14:52:31,24160000,235235,274860,63800,4339
2026/09/11 14:56:32,24160000,235131,274860,63800,4340
2026/09/11 15:00:32,24160000,235006,274860,63800,4336
2026/09/11 15:04:31,24160000,235006,274860,63800,4335
2026/09/11 15:08:31,24160000,234891,274860,63800,4332
2026/09/11 15:12:31,24160000,234890,274860,63800,4332
2026/09/11 15:16:32,24160000,234890,274860,63800,4334
2026/09/11 15:20:32,24160000,234775,274860,63800,4335
2026/09/11 15:24:31,24160000,234711,274860,63800,4333
2026/09/11 15:28:32,24160000,234711,274860,63800,4332
2026/09/11 15:32:31,24160000,235099,274860,63800,4333
2026/09/11 15:36:31,24160000,235299,274860,63800,4329
2026/09/11 15:40:31,24160000,235299,274860,63800,4327
2026/09/11 15:44:31,24160000,235263,274860,63800,4326
2026/09/11 15:48:32,24160000,235291,274860,63800,4329
2026/09/11 15:52:31,24160000,235291,274860,63800,4331
2026/09/11 15:56:32,24160000,235399,274860,63800,4329
2026/09/11 16:00:31,24160000,235435,274860,63800,4339
2026/09/11 16:04:31,24160000,235435,274860,63800,4326
2026/09/11 16:08:32,24160000,235509,274860,63800,4340
2026/09/11 16:12:31,24160000,235406,274860,63800,4359
2026/09/11 16:16:32,24160000,235406,274860,63800,4355
2026/09/11 16:20:31,24160000,235323,274860,63800,4367
2026/09/11 16:24:31,24160000,235671,274860,63800,4378
2026/09/11 16:28:31,24160000,235671,274860,63800,4379
2026/09/11 16:32:32,24160000,235700,274860,63800,4388
2026/09/11 16:36:31,24160000,235765,274860,63800,4391
2026/09/11 16:40:31,24160000,235765,274860,63800,4383
2026/09/11 16:44:31,24160000,236030,274860,63800,4382
2026/09/11 16:48:32,24160000,235951,274860,63800,4382
2026/09/11 16:52:32,24160000,235951,274860,63800,4383
2026/09/11 16:56:31,24160000,235906,274860,63800,4383
2026/09/11 17:00:31,24160000,235817,274860,63800,4396
2026/09/11 17:04:32,24160000,235817,274860,63800,4386
2026/09/11 17:08:31,24160000,235720,274860,63800,4393
2026/09/11 17:12:31,24160000,235649,274860,63800,4392
2026/09/11 17:16:31,24160000,235649,274860,63800,4392
2026/09/11 17:20:31,24160000,235537,274860,63800,4392
2026/09/11 17:24:32,24160000,235438,274860,63800,4391
2026/09/11 17:28:31,24160000,235438,274860,63800,4388
2026/09/11 17:32:31,24160000,235325,274860,63800,4388
2026/09/11 17:36:31,24160000,235192,274860,63800,4389
2026/09/11 17:40:31,24160000,235192,274860,63800,4388
2026/09/11 17:44:31,24160000,235357,274860,63800,4384
2026/09/11 17:48:31,24160000,235253,274860,63800,4380
2026/09/11 17:52:31,24160000,235253,274860,63800,4383
2026/09/11 17:56:31,24160000,235230,274860,63800,4376
2026/09/11 18:00:31,24160000,235199,274860,63800,4375
2026/09/11 18:04:31,24160000,235199,274860,63800,4373
2026/09/11 18:08:32,24160000,235185,274860,63800,4368
2026/09/11 18:12:31,24160000,235105,274860,63800,4370
2026/09/11 18:16:32,24160000,235105,274860,63800,4372
2026/09/11 18:20:32,24160000,235126,274860,63800,4379
2026/09/11 18:24:32,24160000,235021,274860,63800,4380
2026/09/11 18:28:31,24160000,235021,274860,63800,4375
2026/09/11 18:32:31,24160000,235097,274860,63800,4372
2026/09/11 18:36:31,24160000,235608,274860,63800,4369
2026/09/11 18:40:31,24160000,235608,274860,63800,4363
2026/09/11 18:44:31,24160000,235487,274860,63800,4360
2026/09/11 18:48:31,24160000,235397,274860,63800,4365
2026/09/11 18:52:32,24160000,235397,274860,63800,4365
2026/09/11 18:56:31,24160000,235330,274860,63800,4365
2026/09/11 19:00:31,24160000,235222,274860,63800,4369
2026/09/11 19:04:31,24160000,235222,274860,63800,4373
2026/09/11 19:08:32,24160000,235398,274860,63800,4375
2026/09/11 19:12:31,24160000,235436,274860,63800,4371
2026/09/11 19:16:31,24160000,235436,274860,63800,4372
2026/09/11 19:20:31,24160000,235378,274860,63800,4373
2026/09/11 19:24:32,24160000,235339,274860,63800,4369
2026/09/11 19:28:31,24160000,235339,274860,63800,4366
2026/09/11 19:32:31,24160000,235357,274860,63800,4369
2026/09/11 19:36:31,24160000,235315,274860,63800,4372
2026/09/11 19:40:32,24160000,235315,274860,63800,4367
2026/09/11 19:44:31,24160000,235282,274860,63800,4367
2026/09/11 19:48:31,24160000,235282,274860,63800,4362
2026/09/11 19:52:31,24160000,235288,274860,63800,4359
2026/09/11 19:56:31,24160000,235295,274860,63800,4353
2026/09/11 20:00:31,24160000,235295,274860,63800,4362
2026/09/11 20:04:32,24160000,235371,274860,63800,4362
2026/09/11 20:08:31,24160000,235651,274860,63800,4360
2026/09/11 20:12:31,24160000,235651,274860,63800,4363
2026/09/11 20:16:32,24160000,235900,274860,63800,4363
2026/09/11 20:20:32,24160000,235869,274860,63800,4361
2026/09/11 20:24:31,24160000,235869,274860,63800,4361
2026/09/11 20:28:31,24160000,235958,274860,63800,4362
2026/09/11 20:32:31,24160000,236173,274860,63800,4363
2026/09/11 20:36:31,24160000,236173,274860,63800,4361
2026/09/11 20:40:31,24160000,236068,274860,63800,4363
2026/09/11 20:44:32,24160000,236006,274860,63800,4365
2026/09/11 20:48:31,24160000,236006,274860,63800,4365
2026/09/11 20:52:31,24160000,235940,274860,63800,4367
2026/09/11 20:56:31,24160000,236010,274860,63800,4367
2026/09/11 21:00:31,24160000,235943,274860,63800,4367
2026/09/11 21:04:32,24160000,235943,274860,63800,4368
2026/09/11 21:08:31,24160000,235942,274860,63800,4366
2026/09/11 21:12:31,24160000,235939,274860,63800,4361
2026/09/11 21:16:31,24160000,235939,274860,63800,4361
2026/09/11 21:20:31,24160000,236499,274860,63800,4362
2026/09/11 21:24:31,24160000,236499,274860,63800,4363
2026/09/11 21:28:31,24160000,236466,274860,63800,4359
2026/09/11 21:32:32,24160000,236490,274860,63800,4357
2026/09/11 21:36:32,24160000,236490,274860,63800,4359
2026/09/11 21:40:31,24160000,236431,274860,63800,4356
2026/09/11 21:44:31,24160000,236365,274860,63800,4352
2026/09/11 21:48:32,24160000,236365,274860,63800,4350
2026/09/11 21:52:31,24160000,236599,274860,63800,4345
2026/09/11 21:56:32,24160000,236690,274860,63800,4350
2026/09/11 22:00:32,24160000,236690,274860,63800,4351
2026/09/11 22:04:31,24160000,236978,274860,63800,4347
2026/09/11 22:08:32,24160000,236945,274860,63800,4349
2026/09/11 22:12:31,24160000,236945,274860,63800,4347
2026/09/11 22:16:31,24160000,236829,274860,63800,4347
2026/09/11 22:20:31,24160000,236745,274860,63800,4345
2026/09/11 22:24:31,24160000,236745,274860,63800,4345
2026/09/11 22:28:31,24160000,236625,274860,63800,4346
2026/09/11 22:32:31,24160000,236514,274860,63800,4348
2026/09/11 22:36:31,24160000,236514,274860,63800,4347
2026/09/11 22:40:32,24160000,236431,274860,63800,4348
2026/09/11 22:44:31,24160000,236338,274860,63800,4349
2026/09/11 22:48:31,24160000,236338,274860,63800,4352
2026/09/11 22:52:32,24160000,236223,274860,63800,4350
2026/09/11 22:56:32,24160000,236181,274860,63800,4352
2026/09/11 23:00:31,24160000,236181,274860,63800,4349
2026/09/11 23:04:31,24160000,236118,274860,63800,4345
2026/09/11 23:08:31,24160000,236023,274860,63800,4347
2026/09/11 23:12:31,24160000,236023,274860,63800,4348
2026/09/11 23:16:31,24160000,236020,274860,63800,4345
2026/09/11 23:20:31,24160000,236165,274860,63800,4343
2026/09/11 23:24:31,24160000,236165,274860,63800,4343
2026/09/11 23:28:31,24160000,236150,274860,63800,4346
2026/09/11 23:32:36,24160000,236047,274860,63800,4350
2026/09/11 23:36:31,24160000,236047,274860,63800,4349
2026/09/11 23:40:31,24160000,235967,274860,63800,4350
2026/09/11 23:44:31,24160000,236006,274860,63800,4348
2026/09/11 23:48:31,24160000,236006,274860,63800,4347
2026/09/11 23:52:31,24160000,235911,274860,63800,4350
2026/09/11 23:56:31,24160000,235868,274860,63800,4349
2026/09/12 00:00:31,24160000,235868,274860,63800,4349
2026/09/12 00:04:31,24160000,236250,274860,63800,4347
2026/09/12 00:08:32,24160000,236160,274860,63800,4348
2026/09/12 00:12:31,24160000,236160,274860,63800,4348
2026/09/12 00:16:31,24160000,236095,274860,63800,4347
2026/09/12 00:20:31,24160000,236011,274860,63800,4347
2026/09/12 00:24:31,24160000,236011,274860,63800,4347
2026/09/12 00:28:36,24160000,235916,274860,63800,4348
2026/09/12 00:32:31,24160000,235871,274860,63800,4348
2026/09/12 00:36:31,24160000,235871,274860,63800,4348
2026/09/12 00:40:31,24160000,235823,274860,63800,4348
2026/09/12 00:44:31,24160000,235837,274860,63800,4348
2026/09/12 00:48:31,24160000,235837,274860,63800,4348
2026/09/12 00:52:32,24160000,235807,274860,63800,4348
2026/09/12 00:56:31,24160000,235693,274860,63800,4348
2026/09/12 01:00:31,24160000,235693,274860,63800,4348
2026/09/12 01:04:31,24160000,235582,274860,63800,4348
2026/09/12 01:08:31,24160000,235540,274860,63800,4348
2026/09/12 01:12:32,24160000,235540,274860,63800,4348
2026/09/12 01:16:32,24160000,235471,274860,63800,4348
2026/09/12 01:20:32,24160000,235439,274860,63800,4348
2026/09/12 01:24:31,24160000,235439,274860,63800,4348
2026/09/12 01:28:31,24160000,235807,274860,63800,4348
2026/09/12 01:32:31,24160000,235856,274860,63800,4348
2026/09/12 01:36:31,24160000,235856,274860,63800,4348
2026/09/12 01:40:32,24160000,235797,274860,63800,4348
2026/09/12 01:44:31,24160000,236047,274860,63800,4348
2026/09/12 01:48:31,24160000,236047,274860,63800,4348
2026/09/12 01:52:31,24160000,236107,274860,63800,4348
2026/09/12 01:56:31,24160000,236047,274860,63800,4348
2026/09/12 02:00:31,24160000,236047,274860,63800,4348
2026/09/12 02:04:31,24160000,235888,274860,63800,4348
2026/09/12 02:08:32,24160000,235876,274860,63800,4348
2026/09/12 02:12:31,24160000,235876,274860,63800,4348
2026/09/12 02:16:31,24160000,235771,274860,63800,4348
2026/09/12 02:20:31,24160000,235863,274860,63800,4348
2026/09/12 02:24:31,24160000,235863,274860,63800,4348
2026/09/12 02:28:31,24160000,235866,274860,63800,4348
2026/09/12 02:32:31,24160000,235829,274860,63800,4348
2026/09/12 02:36:31,24160000,235829,274860,63800,4348
2026/09/12 02:40:31,24160000,235776,274860,63800,4348
2026/09/12 02:44:32,24160000,235776,274860,63800,4348
2026/09/12 02:48:31,24160000,235714,274860,63800,4348
2026/09/12 02:52:32,24160000,235704,274860,63800,4348
2026/09/12 02:56:31,24160000,235635,274860,63800,4348
2026/09/12 03:00:31,24160000,235635,274860,63800,4348
2026/09/12 03:04:31,24160000,235641,274860,63800,4348
2026/09/12 03:08:31,24160000,235988,274860,63800,4348
2026/09/12 03:12:31,24160000,235988,274860,63800,4348
2026/09/12 03:16:31,24160000,235916,274860,63800,4348
2026/09/12 03:20:31,24160000,235821,274860,63800,4348
2026/09/12 03:24:32,24160000,235821,274860,63800,4348
2026/09/12 03:28:32,24160000,235757,274860,63800,4348
2026/09/12 03:32:31,24160000,235714,274860,63800,4348
2026/09/12 03:36:31,24160000,235714,274860,63800,4348
2026/09/12 03:40:32,24160000,235660,274860,63800,4348
2026/09/12 03:44:32,24160000,235734,274860,63800,4348
2026/09/12 03:48:31,24160000,235734,274860,63800,4348
2026/09/12 03:52:32,24160000,235798,274860,63800,4348
2026/09/12 03:56:31,24160000,235775,274860,63800,4348
2026/09/12 04:00:31,24160000,235775,274860,63800,4348
2026/09/12 04:04:31,24160000,235825,274860,63800,4348
2026/09/12 04:08:31,24160000,235792,274860,63800,4348
2026/09/12 04:12:32,24160000,235792,274860,63800,4348
2026/09/12 04:16:31,24160000,235775,274860,63800,4348
2026/09/12 04:20:31,24160000,235802,274860,63800,4348
2026/09/12 04:24:31,24160000,235802,274860,63800,4348
2026/09/12 04:28:31,24160000,235797,274860,63800,4348
2026/09/12 04:32:31,24160000,235766,274860,63800,4348
2026/09/12 04:36:31,24160000,235766,274860,63800,4348
2026/09/12 04:40:31,24160000,235795,274860,63800,4348
2026/09/12 04:44:31,24160000,235739,274860,63800,4348
2026/09/12 04:48:32,24160000,235739,274860,63800,4348
2026/09/12 04:52:31,24160000,235805,274860,63800,4348
2026/09/12 04:56:31,24160000,235798,274860,63800,4348
2026/09/12 05:00:31,24160000,235798,274860,63800,4348
2026/09/12 05:04:32,24160000,235711,274860,63800,4348
2026/09/12 05:08:31,24160000,235710,274860,63800,4348
2026/09/12 05:12:32,24160000,235710,274860,63800,4348
2026/09/12 05:16:32,24160000,236273,274860,63800,4348
2026/09/12 05:20:32,24160000,236167,274860,63800,4348
2026/09/12 05:24:31,24160000,236167,274860,63800,4348
2026/09/12 05:28:31,24160000,236144,274860,63800,4348
2026/09/12 05:32:31,24160000,236315,274860,63800,4348
2026/09/12 05:36:31,24160000,236315,274860,63800,4348
2026/09/12 05:40:31,24160000,236298,274860,63800,4348
2026/09/12 05:44:31,24160000,236238,274860,63800,4348
2026/09/12 05:48:31,24160000,236238,274860,63800,4348
2026/09/12 05:52:31,24160000,236641,274860,63800,4348
2026/09/12 05:56:31,24160000,236599,274860,63800,4348
2026/09/12 06:00:31,24160000,236599,274860,63800,4348
2026/09/12 06:04:31,24160000,236760,274860,63800,4348
2026/09/12 06:08:31,24160000,236674,274860,63800,4348
2026/09/12 06:12:31,24160000,236674,274860,63800,4348
2026/09/12 06:16:31,24160000,236841,274860,63800,4348
2026/09/12 06:20:31,24160000,236841,274860,63800,4348
2026/09/12 06:24:31,24160000,236919,274860,63800,4348
2026/09/12 06:28:31,24160000,236835,274860,63800,4348
2026/09/12 06:32:31,24160000,236752,274860,63800,4348
2026/09/12 06:36:31,24160000,236752,274860,63800,4348
2026/09/12 06:40:31,24160000,236777,274860,63800,4348
2026/09/12 06:44:31,24160000,236789,274860,63800,4348
2026/09/12 06:48:32,24160000,236789,274860,63800,4348
2026/09/12 06:52:32,24160000,236707,274860,63800,4348
2026/09/12 06:56:32,24160000,236707,274860,63800,4348
2026/09/12 07:00:31,24160000,236707,274860,63800,4348
2026/09/12 07:04:31,24160000,236707,274860,63800,4348
2026/09/12 07:08:31,24160000,236707,274860,63800,4348
2026/09/12 07:12:31,24160000,236677,274860,63800,4348
2026/09/12 07:16:31,24160000,236758,274860,63800,4348
2026/09/12 07:20:32,24160000,236758,274860,63800,4348
2026/09/12 07:24:31,24160000,236707,274860,63800,4348
2026/09/12 07:28:32,24160000,236707,274860,63800,4348
2026/09/12 07:32:31,24160000,236707,274860,63800,4348
2026/09/12 07:36:31,24160000,236716,274860,63800,4348
2026/09/12 07:40:31,24160000,236869,274860,63800,4348
2026/09/12 07:44:31,24160000,236869,274860,63800,4348
2026/09/12 07:48:31,24160000,236969,274860,63800,4348
2026/09/12 07:52:31,24160000,237025,274860,63800,4348
2026/09/12 07:56:32,24160000,237012,274860,63800,4348
2026/09/12 08:00:31,24160000,237012,274860,63800,4348
2026/09/12 08:04:32,24160000,237017,274860,63800,4348
2026/09/12 08:08:31,24160000,237012,274860,63800,4348
2026/09/12 08:12:31,24160000,237012,274860,63800,4348
2026/09/12 08:16:31,24160000,236905,274860,63800,4348
2026/09/12 08:20:31,24160000,236878,274860,63800,4348
2026/09/12 08:24:32,24160000,236878,274860,63800,4348
2026/09/12 08:28:32,24160000,236884,274860,63800,4348
2026/09/12 08:32:31,24160000,236884,274860,63800,4348
2026/09/12 08:36:31,24160000,236878,274860,63800,4348
2026/09/12 08:40:31,24160000,236957,274860,63800,4348
2026/09/12 08:44:31,24160000,236957,274860,63800,4348
2026/09/12 08:48:31,24160000,237009,274860,63800,4348
2026/09/12 08:52:31,24160000,237099,274860,63800,4348
2026/09/12 08:56:31,24160000,237099,274860,63800,4348
2026/09/12 09:00:32,24160000,237151,274860,63800,4348
2026/09/12 09:04:31,24040000,237071,274860,63800,4348
2026/09/12 09:08:32,24040000,237071,274860,63800,4348
2026/09/12 09:12:31,24040000,237203,274860,63800,4348
2026/09/12 09:16:32,24040000,237239,274860,63800,4348
2026/09/12 09:20:32,24040000,237239,274860,63800,4348
2026/09/12 09:24:31,24380000,237244,274860,63800,4348
2026/09/12 09:28:32,24380000,237454,274860,63800,4348
2026/09/12 09:32:31,24380000,237454,274860,63800,4348
2026/09/12 09:36:31,24380000,237499,274860,63800,4348
2026/09/12 09:40:32,24380000,237503,274860,63800,4348
2026/09/12 09:44:32,24300000,237503,274860,63800,4348
2026/09/12 09:48:31,24300000,237506,274860,63800,4348
2026/09/12 09:52:31,24230000,237128,274860,63800,4348
2026/09/12 09:56:31,24230000,237128,274860,63800,4348
2026/09/12 10:00:31,24230000,236827,274860,63800,4348
2026/09/12 10:04:31,24120000,236441,274860,63800,4348
2026/09/12 10:08:34,24120000,236441,274860,63800,4348
2026/09/12 10:12:31,24120000,236551,274860,63800,4348
2026/09/12 10:16:31,24120000,235852,274860,63800,4348
2026/09/12 10:20:31,24120000,235852,274860,63800,4348
2026/09/12 10:24:31,24120000,235525,274860,63800,4348
2026/09/12 10:28:32,24120000,235651,274860,63800,4348
2026/09/12 10:32:31,24050000,235651,274860,63800,4348
2026/09/12 10:36:32,23980000,235033,274860,63800,4348
2026/09/12 10:40:32,24050000,234552,274860,63800,4348
2026/09/12 10:44:31,24120000,234552,274860,63800,4348
2026/09/12 10:48:32,24120000,235149,274860,63800,4348
2026/09/12 10:52:32,24120000,235281,274860,63800,4348
2026/09/12 10:56:31,24120000,235281,274860,63800,4348
2026/09/12 11:00:31,24120000,235376,274860,63800,4348
2026/09/12 11:04:31,24120000,235699,274350,63800,4348
2026/09/12 11:08:31,24120000,235699,274330,63800,4348
2026/09/12 11:12:31,24070000,235629,274090,63800,4348
2026/09/12 11:16:31,24070000,235149,274090,63800,4348
2026/09/12 11:20:31,24070000,235149,273880,63800,4348
2026/09/12 11:24:31,24070000,235036,273890,63800,4348
2026/09/12 11:28:31,24070000,234999,273860,63800,4348
2026/09/12 11:32:31,24070000,234999,273860,63800,4348
2026/09/12 11:36:31,24020000,234794,273890,63800,4348
2026/09/12 11:40:31,24020000,234372,273870,63800,4348
2026/09/12 11:44:31,24020000,234372,273900,63800,4348
2026/09/12 11:48:31,24020000,234375,273550,63800,4348
2026/09/12 11:52:31,24020000,234402,273060,63800,4348
2026/09/12 11:56:31,24020000,234402,273290,63800,4348
2026/09/12 12:00:31,24020000,234488,273550,63800,4348
2026/09/12 12:04:31,23990000,235000,273550,63800,4348
2026/09/12 12:08:32,23990000,235000,273540,63800,4348
2026/09/12 12:12:31,23990000,235361,273510,63800,4348
2026/09/12 12:16:32,23990000,234549,273520,63800,4348
2026/09/12 12:20:32,23990000,234549,273860,63800,4348
2026/09/12 12:24:32,23990000,234420,273880,63800,4348
2026/09/12 12:28:31,24020000,234868,273900,63800,4348
2026/09/12 12:32:31,24020000,234868,273900,63800,4348
2026/09/12 12:36:31,24020000,235224,273860,63800,4348
2026/09/12 12:40:32,24020000,235186,273870,63800,4348
2026/09/12 12:44:31,24020000,235186,274090,63800,4348
2026/09/12 12:48:31,24020000,235122,274350,63800,4348
2026/09/12 12:52:32,24050000,235122,274350,63800,4348
2026/09/12 12:56:32,24050000,235122,274700,63800,4348
2026/09/12 13:00:31,24050000,235537,274940,63800,4348
2026/09/12 13:04:31,24050000,235525,274950,63800,4348
2026/09/12 13:08:31,24050000,235525,274910,63800,4348
2026/09/12 13:12:31,24050000,235637,274910,63800,4348
2026/09/12 13:16:31,24050000,235724,274950,63800,4348
2026/09/12 13:20:32,24050000,235724,274950,63800,4348
2026/09/12 13:24:31,24050000,235704,274900,63800,4348
2026/09/12 13:28:31,24050000,235672,275170,63800,4348
2026/09/12 13:32:31,24050000,235672,275170,63800,4348
2026/09/12 13:36:31,24080000,235596,275160,63800,4348
2026/09/12 13:40:31,24080000,235703,275480,63800,4348
2026/09/12 13:44:31,24080000,235703,275520,63800,4348
2026/09/12 13:48:31,24080000,235937,275520,63900,4348
2026/09/12 13:52:32,24080000,235937,275530,63900,4348
2026/09/12 13:56:32,24080000,235937,275480,63900,4348
2026/09/12 14:00:32,24080000,235927,275520,63900,4348
2026/09/12 14:04:32,24080000,235777,275490,63900,4348
2026/09/12 14:08:31,24080000,235777,275520,63900,4348
2026/09/12 14:12:32,24080000,235841,275480,63900,4348
2026/09/12 14:16:32,24080000,235884,275500,63900,4348
2026/09/12 14:20:31,24080000,235884,275530,63900,4348
2026/09/12 14:24:32,24080000,235810,275480,63900,4348
2026/09/12 14:28:31,24080000,235888,275710,63900,4348
2026/09/12 14:32:31,24080000,235888,275950,63900,4348
2026/09/12 14:36:31,24080000,236016,275960,63900,4348
2026/09/12 14:40:31,24080000,235975,275950,63900,4348
2026/09/12 14:44:32,24080000,235975,275990,63900,4348
2026/09/12 14:48:32,24080000,235892,275860,63900,4348
2026/09/12 14:52:31,24080000,235892,275710,63900,4348
2026/09/12 14:56:32,24080000,235801,275280,63900,4348
2026/09/12 15:00:32,24080000,235699,275280,63900,4348
2026/09/12 15:04:31,24080000,235699,275290,63900,4348
2026/09/12 15:08:31,24080000,235599,275280,63900,4348
2026/09/12 15:12:31,24080000,235436,275260,63900,4348
2026/09/12 15:16:31,24080000,235436,275250,63900,4348
2026/09/12 15:20:31,24080000,235271,275280,63900,4348
2026/09/12 15:24:32,24080000,235164,275250,63900,4348
2026/09/12 15:28:31,24080000,235164,274910,63900,4348
2026/09/12 15:32:32,24080000,235100,274700,63900,4348
2026/09/12 15:36:31,24080000,235024,274680,63900,4348
2026/09/12 15:40:31,24080000,235024,274470,63900,4348
2026/09/12 15:44:31,24080000,234929,274600,63900,4348
2026/09/12 15:48:31,24080000,234828,274560,63900,4348
2026/09/12 15:52:31,24080000,234828,274570,63900,4348
2026/09/12 15:56:31,24080000,234842,274590,63900,4348
2026/09/12 16:00:31,24080000,235189,274600,63900,4348
2026/09/12 16:04:31,24080000,235189,274550,63900,4348
2026/09/12 16:08:31,24080000,235085,274580,63900,4348
2026/09/12 16:12:31,24080000,234941,274580,63900,4348
2026/09/12 16:16:31,24080000,234941,274370,63900,4348
2026/09/12 16:20:31,24080000,234774,274360,63900,4348
2026/09/12 16:24:31,24080000,234558,274590,63900,4348
2026/09/12 16:28:31,24080000,234558,274590,63900,4348
2026/09/12 16:32:32,24080000,234563,274560,64000,4348
2026/09/12 16:36:31,24080000,234722,274830,64000,4348
2026/09/12 16:40:31,24080000,234722,274820,64000,4348
2026/09/12 16:44:31,24080000,234891,274820,64000,4348
2026/09/12 16:48:31,24080000,234863,274810,64000,4348
2026/09/12 16:52:31,24080000,236200,274800,64000,4348
2026/09/12 16:56:31,24080000,236104,274790,64000,4348
2026/09/12 17:00:31,24080000,236112,274430,64000,4348
2026/09/12 17:04:32,24080000,236112,274440,64000,4348
2026/09/12 17:08:31,24080000,236025,274460,64000,4348
2026/09/12 17:12:31,24080000,235931,274460,64000,4348
2026/09/12 17:16:31,24080000,236200,274350,64000,4348
2026/09/12 17:20:31,24050000,235800,274090,64000,4348
2026/09/12 17:24:31,24050000,235700,274100,64000,4348
2026/09/12 17:28:36,24050000,235700,273760,64000,4348
2026/09/12 17:32:31,24050000,235700,273760,64000,4348
2026/09/12 17:36:31,24050000,235400,273760,64000,4348
2026/09/12 17:40:31,24050000,235400,273750,64000,4348
2026/09/12 17:44:31,24050000,235600,273760,64000,4348
2026/09/12 17:48:31,24050000,235600,273740,64000,4348
2026/09/12 17:52:31,23980000,235600,273760,64000,4348
2026/09/12 17:56:31,23980000,235600,273520,64000,4348
2026/09/12 18:00:31,23980000,235390,273510,64000,4348
2026/09/12 18:04:31,23980000,235210,273550,64000,4348
2026/09/12 18:08:31,23980000,235210,273510,64000,4348
2026/09/12 18:12:32,23980000,235210,273290,64000,4348
2026/09/12 18:16:31,23980000,235210,273320,64000,4348
2026/09/12 18:20:31,23980000,235120,273190,64000,4348
2026/09/12 18:24:32,23980000,235120,273060,64000,4348
2026/09/12 18:28:31,23980000,235120,272690,64000,4348
2026/09/12 18:32:31,23950000,235120,272740,64000,4348
2026/09/12 18:36:31,23950000,235000,272690,64000,4348
2026/09/12 18:40:31,23950000,234890,272390,64000,4348
2026/09/12 18:44:32,23950000,234430,272380,64000,4348
2026/09/12 18:48:31,23950000,234300,272110,64000,4348
2026/09/12 18:52:32,23950000,234300,272120,64000,4348
2026/09/12 18:56:32,23950000,234300,272140,64000,4348
2026/09/12 19:00:31,23910000,234490,272160,64000,4348
2026/09/12 19:04:32,23910000,234300,272140,64000,4348
2026/09/12 19:08:32,23910000,234300,272350,64000,4348
2026/09/12 19:12:32,23910000,234300,272390,64000,4348
2026/09/12 19:16:31,23910000,234300,272360,64000,4348
2026/09/12 19:20:31,23910000,234300,272390,64000,4348
2026/09/12 19:24:31,23910000,234300,272360,64000,4348
2026/09/12 19:28:31,23910000,234300,272580,64000,4348
2026/09/12 19:32:31,23910000,234410,272590,64000,4348
2026/09/12 19:36:31,23910000,234410,272610,64000,4348
2026/09/12 19:40:31,23910000,235500,272580,64000,4348
2026/09/12 19:44:32,23860000,234810,272600,64000,4348
2026/09/12 19:48:31,23860000,234810,272600,64000,4348
2026/09/12 19:52:31,23860000,234500,272600,64000,4348
2026/09/12 19:56:32,23860000,234210,272360,64000,4348
2026/09/12 20:00:32,23860000,234210,272380,64000,4348
2026/09/12 20:04:31,23860000,234210,272360,64000,4348
2026/09/12 20:08:31,23860000,234210,272360,64000,4348
2026/09/12 20:12:31,23860000,234210,272360,64000,4348
2026/09/12 20:16:31,23860000,234210,272360,64000,4348
2026/09/12 20:20:31,23860000,234210,272360,64000,4348
2026/09/12 20:24:31,23860000,234090,272360,64000,4348
2026/09/12 20:28:36,23860000,234200,272360,64000,4348
2026/09/12 20:32:31,23820000,234200,272360,64000,4348
2026/09/12 20:36:31,23820000,234200,272360,64000,4348
2026/09/12 20:40:31,23820000,234200,272360,64000,4348
2026/09/12 20:44:31,23820000,234200,272360,64000,4348
2026/09/12 20:48:31,23820000,234200,272360,64000,4348
2026/09/12 20:52:32,23820000,234200,272360,64000,4348
2026/09/12 20:56:31,23820000,234200,272360,64000,4348
2026/09/12 21:00:31,23820000,234210,272360,64000,4348
2026/09/12 21:04:32,23820000,234210,272360,64000,4348
2026/09/12 21:08:32,23820000,234210,272360,64000,4348
2026/09/12 21:12:32,23820000,234090,272360,64000,4348
2026/09/12 21:16:31,23820000,234090,272360,64000,4348
2026/09/12 21:20:31,23820000,233690,272360,64000,4348
2026/09/12 21:24:32,23820000,233690,272360,64000,4348
2026/09/12 21:28:31,23790000,233690,272360,64000,4348
2026/09/12 21:32:32,23790000,233690,272360,64000,4348
2026/09/12 21:36:31,23790000,234090,272360,64000,4348
2026/09/12 21:40:31,23790000,234090,272360,64000,4348
2026/09/12 21:44:31,23790000,234090,272360,64000,4348
2026/09/12 21:48:32,23790000,234000,272360,64000,4348
2026/09/12 21:52:31,23790000,234110,272360,64000,4348
2026/09/12 21:56:31,23790000,234110,272360,64000,4348
2026/09/12 22:00:31,23790000,233890,272360,64000,4348
2026/09/12 22:04:31,23790000,233700,272360,64000,4348
2026/09/12 22:08:31,23790000,233700,272360,64000,4348
2026/09/12 22:12:31,23790000,233700,272360,64000,4348
2026/09/12 22:16:31,23790000,233700,272360,64000,4348
2026/09/12 22:20:31,23790000,233700,272360,64000,4348
2026/09/12 22:24:31,23790000,233700,272360,64000,4348
2026/09/12 22:28:31,23790000,233700,272360,64000,4348
2026/09/12 22:32:31,23790000,233700,272360,64000,4348
2026/09/12 22:36:31,23790000,233700,272360,64000,4348
2026/09/12 22:40:31,23790000,233700,272360,64000,4348
2026/09/12 22:44:31,23790000,233700,272360,64000,4348
2026/09/12 22:48:31,23790000,233700,272360,64000,4348
2026/09/12 22:52:31,23790000,233700,272360,64000,4348
2026/09/12 22:56:32,23790000,233700,272360,64000,4348
2026/09/12 23:00:32,23790000,233700,272360,64000,4348
2026/09/12 23:04:31,23790000,233700,272360,64000,4348
2026/09/12 23:08:31,23790000,233700,272360,64000,4348
2026/09/12 23:12:31,23790000,233700,272360,64000,4348
2026/09/12 23:16:32,23790000,233700,272360,64000,4348
2026/09/12 23:20:32,23790000,233700,272360,64000,4348
2026/09/12 23:24:32,23790000,233700,272360,64000,4348
2026/09/12 23:28:32,23790000,233700,272360,64000,4348
2026/09/12 23:32:32,23790000,233700,272360,64000,4348
2026/09/12 23:36:32,23790000,233700,272360,64000,4348
2026/09/12 23:40:31,23790000,233700,272360,64000,4348
2026/09/12 23:44:32,23790000,233700,272360,64000,4348
2026/09/12 23:48:31,23790000,233700,272360,64000,4348
2026/09/12 23:52:31,23790000,233700,272360,64000,4348
2026/09/12 23:56:31,23790000,233700,272360,64000,4348
2026/09/13 00:00:31,23790000,233700,272360,64000,4348
2026/09/13 00:04:31,23790000,233700,272360,64000,4348
2026/09/13 00:08:31,23790000,233700,272360,64000,4348
2026/09/13 00:12:31,23790000,233700,272360,64000,4348
2026/09/13 00:16:31,23790000,233700,272360,64000,4348
2026/09/13 00:20:32,23790000,233700,272360,64000,4348
2026/09/13 00:24:31,23790000,233700,272360,64000,4348
2026/09/13 00:28:31,23790000,233700,272360,64000,4348
2026/09/13 00:32:31,23790000,233700,272360,64000,4348
2026/09/13 00:36:31,23790000,233700,272360,64000,4348
2026/09/13 00:40:31,23790000,233700,272360,64000,4348
2026/09/13 00:44:31,23790000,233700,272360,64000,4348
2026/09/13 00:48:31,23790000,233700,272360,64000,4348
2026/09/13 00:52:31,23790000,233700,272360,64000,4348
2026/09/13 00:56:31,23790000,233700,272360,64000,4348
2026/09/13 01:00:32,23790000,233700,272360,64000,4348
2026/09/13 01:04:31,23790000,233700,272360,64000,4348
2026/09/13 01:08:31,23790000,233700,272360,64000,4348
2026/09/13 01:12:32,23790000,233700,272360,64000,4348
2026/09/13 01:16:31,23790000,233700,272360,64000,4348
2026/09/13 01:20:31,23790000,233700,272360,64000,4348
2026/09/13 01:24:31,23790000,233700,272360,64000,4348
2026/09/13 01:28:31,23790000,233700,272360,64000,4348
2026/09/13 01:32:32,23790000,233700,272360,64000,4348
2026/09/13 01:36:31,23790000,233700,272360,64000,4348
2026/09/13 01:40:31,23790000,233700,272360,64000,4348
2026/09/13 01:44:31,23790000,233700,272360,64000,4348
2026/09/13 01:48:31,23790000,233700,272360,64000,4348
2026/09/13 01:52:31,23790000,233700,272360,64000,4348
2026/09/13 01:56:31,23790000,233700,272360,64000,4348
2026/09/13 02:00:32,23790000,233700,272360,64000,4348
2026/09/13 02:04:31,23790000,233700,272360,64000,4348
2026/09/13 02:08:31,23790000,233700,272360,64000,4348
2026/09/13 02:12:31,23790000,233700,272360,64000,4348
2026/09/13 02:16:32,23790000,233700,272360,64000,4348
2026/09/13 02:20:32,23790000,233700,272360,64000,4348
2026/09/13 02:24:31,23790000,233700,272360,64000,4348
2026/09/13 02:28:31,23790000,233700,272360,64000,4348
2026/09/13 02:32:31,23790000,233700,272360,64000,4348
2026/09/13 02:36:31,23790000,233700,272360,64000,4348
2026/09/13 02:40:31,23790000,233700,272360,64000,4348
2026/09/13 02:44:31,23790000,233700,272360,64000,4348
2026/09/13 02:48:31,23790000,233700,272360,64000,4348
2026/09/13 02:52:31,23790000,233700,272360,64000,4348
2026/09/13 02:56:31,23790000,233700,272360,64000,4348
2026/09/13 03:00:31,23790000,233700,272360,64000,4348
2026/09/13 03:04:32,23790000,233700,272360,64000,4348
2026/09/13 03:08:32,23790000,233700,272360,64000,4348
2026/09/13 03:12:31,23790000,233700,272360,64000,4348
2026/09/13 03:16:32,23790000,233700,272360,64000,4348
2026/09/13 03:20:32,23790000,233700,272360,64000,4348
2026/09/13 03:24:32,23790000,233700,272360,64000,4348
2026/09/13 03:28:31,23790000,233700,272360,64000,4348
2026/09/13 03:32:32,23790000,233700,272360,64000,4348
2026/09/13 03:36:31,23790000,233700,272360,64000,4348
2026/09/13 03:40:31,23790000,233700,272360,64000,4348
2026/09/13 03:44:32,23790000,233700,272360,64000,4348
2026/09/13 03:48:31,23790000,233700,272360,64000,4348
2026/09/13 03:52:32,23790000,233700,272360,64000,4348
2026/09/13 03:56:31,23790000,233700,272360,64000,4348
2026/09/13 04:00:31,23790000,233700,272360,64000,4348
2026/09/13 04:04:31,23790000,233700,272360,64000,4348
2026/09/13 04:08:31,23790000,233700,272360,64000,4348
2026/09/13 04:12:31,23790000,233700,272360,64000,4348
2026/09/13 04:16:31,23790000,233700,272360,64000,4348
2026/09/13 04:20:31,23790000,233700,272360,64000,4348
2026/09/13 04:24:31,23790000,233700,272360,64000,4348
2026/09/13 04:28:31,23790000,233700,272360,64000,4348
2026/09/13 04:32:32,23790000,233700,272360,64000,4348
2026/09/13 04:36:32,23790000,233700,272360,64000,4348
2026/09/13 04:40:31,23790000,233700,272360,64000,4348
2026/09/13 04:44:31,23790000,233700,272360,64000,4348
2026/09/13 04:48:31,23790000,233700,272360,64000,4348
2026/09/13 04:52:31,23790000,233700,272360,64000,4348
2026/09/13 04:56:31,23790000,233700,272360,64000,4348
2026/09/13 05:00:31,23790000,233700,272360,64000,4348
2026/09/13 05:04:32,23790000,233700,272360,64000,4348
2026/09/13 05:08:31,23790000,233700,272360,64000,4348
2026/09/13 05:12:31,23790000,233700,272360,64000,4348
2026/09/13 05:16:32,23790000,233700,272360,64000,4348
2026/09/13 05:20:32,23790000,233700,272360,64000,4348
2026/09/13 05:24:31,23790000,233700,272360,64000,4348
2026/09/13 05:28:31,23790000,233700,272360,64000,4348
2026/09/13 05:32:31,23790000,233700,272360,64000,4348
2026/09/13 05:36:31,23790000,233700,272360,64000,4348
2026/09/13 05:40:32,23790000,233700,272360,64000,4348
2026/09/13 05:44:31,23790000,233700,272360,64000,4348
2026/09/13 05:48:31,23790000,233700,272360,64000,4348
2026/09/13 05:52:32,23790000,233700,272360,64000,4348
2026/09/13 05:56:31,23790000,233700,272360,64000,4348
2026/09/13 06:00:31,23790000,233700,272360,64000,4348
2026/09/13 06:04:31,23790000,233700,272360,64000,4348
2026/09/13 06:08:32,23790000,233700,272360,64000,4348
2026/09/13 06:12:31,23790000,233700,272360,64000,4348
2026/09/13 06:16:32,23790000,233700,272360,64000,4348
2026/09/13 06:20:32,23790000,233700,272360,64000,4348
2026/09/13 06:24:31,23790000,233700,272360,64000,4348
2026/09/13 06:28:31,23790000,233700,272360,64000,4348
2026/09/13 06:32:31,23790000,233700,272360,64000,4348
2026/09/13 06:36:31,23790000,233700,272360,64000,4348
2026/09/13 06:40:32,23790000,233700,272360,64000,4348
2026/09/13 06:44:32,23790000,233700,272360,64000,4348
2026/09/13 06:48:32,23790000,233700,272360,64000,4348
2026/09/13 06:52:31,23790000,233700,272360,64000,4348
2026/09/13 06:56:32,23790000,233700,272360,64000,4348
2026/09/13 07:00:32,23790000,233700,272360,64000,4348
2026/09/13 07:04:31,23790000,233700,272360,64000,4348
2026/09/13 07:08:32,23790000,233700,272360,64000,4348
2026/09/13 07:12:31,23790000,233700,272360,64000,4348
2026/09/13 07:16:32,23790000,233700,272360,64000,4348
2026/09/13 07:20:32,23790000,233700,272360,64000,4348
2026/09/13 07:24:31,23790000,233700,272360,64000,4348
2026/09/13 07:28:31,23790000,233700,272360,64000,4348
2026/09/13 07:32:31,23790000,233700,272360,64000,4348
2026/09/13 07:36:31,23790000,233700,272360,64000,4348
2026/09/13 07:40:31,23790000,233700,272360,64000,4348
2026/09/13 07:44:31,23790000,233700,272360,64000,4348
2026/09/13 07:48:31,23790000,233700,272360,64000,4348
2026/09/13 07:52:31,23790000,233700,272360,64000,4348
2026/09/13 07:56:31,23790000,233700,272360,64000,4348
2026/09/13 08:00:31,23790000,233700,272360,64000,4348
2026/09/13 08:04:31,23790000,233390,272360,64000,4348
2026/09/13 08:08:31,23790000,233390,272360,64000,4348
2026/09/13 08:12:31,23790000,233390,272360,64000,4348
2026/09/13 08:16:31,23790000,233390,272360,64000,4348
2026/09/13 08:20:31,23790000,233390,272360,64000,4348
2026/09/13 08:24:31,23790000,233390,272360,64000,4348
2026/09/13 08:28:31,23790000,233390,272360,64000,4348
2026/09/13 08:32:31,23790000,233390,272360,64000,4348
2026/09/13 08:36:31,23790000,233390,272360,64000,4348
2026/09/13 08:40:31,23790000,233390,272360,64000,4348
2026/09/13 08:44:31,23790000,233390,272360,64000,4348
2026/09/13 08:48:31,23790000,233390,272360,64000,4348
2026/09/13 08:52:31,23790000,233390,272360,64000,4348
2026/09/13 08:56:32,23790000,233390,272360,64000,4348
2026/09/13 09:00:32,23790000,233390,272360,64000,4348
2026/09/13 09:04:31,23750000,233390,272360,64000,4348
2026/09/13 09:08:31,23750000,233390,272360,64000,4348
2026/09/13 09:12:32,23750000,233390,272360,64000,4348
2026/09/13 09:16:32,23750000,233390,272360,64000,4348
2026/09/13 09:20:31,23750000,233390,272360,64000,4348
2026/09/13 09:24:31,23750000,233390,272360,64000,4348
2026/09/13 09:28:32,23750000,233390,272360,64000,4348
2026/09/13 09:32:32,23710000,233390,272360,64000,4348
2026/09/13 09:36:31,23710000,233390,272360,64000,4348
2026/09/13 09:40:31,23710000,233390,272360,64000,4348
2026/09/13 09:44:31,23710000,233390,272360,64001,4348
2026/09/13 09:48:36,23710000,233390,272360,64000,4348
2026/09/13 09:52:31,23710000,233390,272360,64000,4348
2026/09/13 09:56:31,23740000,233390,272360,64000,4348
2026/09/13 10:00:31,23740000,233390,272360,64000,4348
2026/09/13 10:04:31,23740000,233390,272360,64000,4348
2026/09/13 10:08:31,23740000,233390,272360,64000,4348
2026/09/13 10:12:31,23740000,233390,272360,64000,4348
2026/09/13 10:16:31,23740000,233390,272360,64000,4348
2026/09/13 10:20:31,23740000,233390,272360,64000,4348
2026/09/13 10:24:31,23700000,233390,272360,64000,4348
2026/09/13 10:28:31,23700000,233390,272360,64000,4348
2026/09/13 10:32:31,23700000,233390,272360,64000,4348
2026/09/13 10:36:31,23700000,233390,272360,64000,4348
2026/09/13 10:40:32,23700000,233390,272360,64000,4348
2026/09/13 10:44:31,23700000,233390,272360,64000,4348
2026/09/13 10:48:31,23700000,233390,272360,64000,4348
2026/09/13 10:52:31,23700000,232490,272360,64000,4348
2026/09/13 10:56:31,23650000,234950,272360,64000,4348
2026/09/13 11:00:31,23650000,234950,272360,64000,4348
2026/09/13 11:04:31,23650000,234950,269220,64000,4348
2026/09/13 11:08:31,23580000,231500,269260,64000,4348
2026/09/13 11:12:31,23580000,231400,269430,64000,4348
2026/09/13 11:16:32,23580000,231215,269210,64000,4348
2026/09/13 11:20:32,23580000,231165,269180,64000,4348
2026/09/13 11:24:31,23580000,230860,268850,64000,4348
2026/09/13 11:28:31,23510000,230500,268360,64000,4348
2026/09/13 11:32:31,23510000,230515,268350,64000,4348
2026/09/13 11:36:31,23510000,230515,268400,64000,4348
2026/09/13 11:40:31,23580000,231005,268980,64000,4348
2026/09/13 11:44:31,23580000,230900,268870,64000,4348
2026/09/13 11:48:31,23580000,230910,268850,64000,4348
2026/09/13 11:52:31,23580000,230920,268870,64000,4348
2026/09/13 11:56:31,23580000,230900,268870,64000,4348
2026/09/13 12:00:36,23580000,230900,268850,64000,4348
2026/09/13 12:04:31,23580000,230900,268840,62800,4348
2026/09/13 12:08:31,23580000,231400,269430,62800,4348
2026/09/13 12:12:31,23580000,231400,269410,62800,4348
2026/09/13 12:16:32,23610000,231400,269440,62800,4348
2026/09/13 12:20:32,23610000,231700,269750,62800,4348
2026/09/13 12:24:31,23610000,231595,269660,62800,4348
2026/09/13 12:28:31,23610000,231500,269510,62800,4348
2026/09/13 12:32:33,23610000,231515,269520,62800,4348
2026/09/13 12:36:32,23610000,231460,269560,62800,4348
2026/09/13 12:40:32,23560000,231400,269450,62800,4348
2026/09/13 12:44:32,23560000,231420,269430,62800,4348
2026/09/13 12:48:32,23560000,231420,269430,62800,4348
2026/09/13 12:52:38,23560000,231520,269520,62800,4348
2026/09/13 12:56:32,23560000,231500,269510,62800,4348
2026/09/13 13:00:31,23560000,231500,269520,62800,4348
2026/09/13 13:04:32,23560000,231090,269280,62800,4348
2026/09/13 13:08:32,23560000,231100,269050,62800,4348
2026/09/13 13:12:31,23560000,231100,269090,62800,4348
2026/09/13 13:16:32,23560000,231100,269060,62800,4348
2026/09/13 13:20:32,23560000,231100,269100,62800,4348
2026/09/13 13:24:31,23560000,231065,269060,62800,4348
2026/09/13 13:28:31,23560000,231085,269070,62800,4348
2026/09/13 13:32:31,23560000,230900,268830,62800,4348
2026/09/13 13:36:31,23560000,230710,268620,62800,4348
2026/09/13 13:40:31,23560000,230705,268600,62800,4348
2026/09/13 13:44:32,23560000,230900,268820,62800,4348
2026/09/13 13:48:31,23560000,230910,268820,62800,4348
2026/09/13 13:52:31,23560000,230920,268860,62800,4348
2026/09/13 13:56:32,23560000,231065,269060,62800,4348
2026/09/13 14:00:32,23590000,231065,269050,62800,4348
2026/09/13 14:04:31,23590000,231100,269060,62700,4348
2026/09/13 14:08:32,23590000,231320,269320,62700,4348
2026/09/13 14:12:31,23590000,231320,269300,62700,4348
2026/09/13 14:16:31,23590000,231300,269280,62700,4348
2026/09/13 14:20:31,23590000,231285,269290,62700,4348
2026/09/13 14:24:31,23590000,231300,269290,62700,4348
2026/09/13 14:28:31,23590000,231305,269310,62700,4348
2026/09/13 14:32:32,23590000,231500,269530,62700,4348
2026/09/13 14:36:32,23590000,231460,269510,62700,4348
2026/09/13 14:40:31,23590000,231505,269540,62700,4348
2026/09/13 14:44:31,23590000,231710,269780,62700,4348
2026/09/13 14:48:31,23590000,231700,269790,62700,4348
2026/09/13 14:52:31,23590000,231210,269170,62700,4348
2026/09/13 14:56:31,23590000,231200,269180,62700,4348
2026/09/13 15:00:43,23590000,231210,269180,62700,4348
2026/09/13 15:04:32,23590000,230960,268940,62700,4348
2026/09/13 15:08:31,23590000,230800,268740,62700,4348
2026/09/13 15:12:31,23590000,230900,268830,62700,4348
2026/09/13 15:16:31,23590000,230800,268750,62700,4348
2026/09/13 15:20:32,23590000,230800,268710,62700,4348
2026/09/13 15:24:31,23590000,230800,268750,62700,4348
2026/09/13 15:28:31,23590000,230900,268830,62700,4348
2026/09/13 15:32:31,23590000,230890,268850,62700,4348
2026/09/13 15:36:32,23590000,230910,268870,62700,4348
2026/09/13 15:40:32,23590000,230900,268870,62700,4348
2026/09/13 15:44:32,23590000,230900,268840,62700,4348
2026/09/13 15:48:32,23590000,230890,268840,62700,4348
2026/09/13 15:52:31,23590000,230905,268850,62700,4348
2026/09/13 15:56:31,23590000,230875,268860,62700,4348
2026/09/13 16:00:32,23590000,230890,268870,62700,4348
2026/09/13 16:04:31,23590000,230765,268740,62700,4348
2026/09/13 16:08:31,23590000,230800,268730,62700,4348
2026/09/13 16:12:31,23590000,230775,268710,62700,4348
2026/09/13 16:16:31,23590000,230770,268740,62700,4348
2026/09/13 16:20:32,23590000,230800,268750,62700,4348
2026/09/13 16:24:31,23590000,230800,268720,62700,4348
2026/09/13 16:28:31,23590000,230765,268710,62700,4348
2026/09/13 16:32:31,23590000,230800,268740,62700,4348
2026/09/13 16:36:32,23590000,230800,268740,62700,4348
2026/09/13 16:40:31,23590000,230700,268600,62700,4348
2026/09/13 16:44:31,23590000,230705,268630,62700,4348
2026/09/13 16:48:32,23590000,230700,268630,62700,4348
2026/09/13 16:52:31,23590000,230720,268590,62700,4348
2026/09/13 16:56:31,23590000,230660,268590,62700,4348
2026/09/13 17:00:31,23590000,230695,268590,62700,4348
2026/09/13 17:04:33,23680000,230715,268590,62700,4348
2026/09/13 17:08:33,23680000,231400,268590,62700,4348
2026/09/13 17:12:31,23680000,231400,268620,62700,4348
2026/09/13 17:16:31,23680000,231400,268630,62700,4348
2026/09/13 17:20:31,23680000,231400,268590,62700,4348
2026/09/13 17:24:31,23680000,231400,268600,62700,4348
2026/09/13 17:28:31,23630000,231400,268360,62700,4348
2026/09/13 17:32:32,23630000,231800,268400,62700,4348
2026/09/13 17:36:31,23630000,231800,268590,62700,4348
2026/09/13 17:40:31,23630000,231800,268630,62700,4348
2026/09/13 17:44:31,23630000,231800,268600,62700,4348
2026/09/13 17:48:31,23630000,231800,268600,62700,4348
2026/09/13 17:52:33,23630000,231800,268630,62700,4348
2026/09/13 17:56:31,23680000,231800,268600,62700,4348
2026/09/13 18:00:31,23680000,231800,268590,62700,4348
2026/09/13 18:04:32,23680000,231800,268620,62700,4348
2026/09/13 18:08:31,23680000,231800,268590,62700,4348
2026/09/13 18:12:31,23680000,231800,268400,62700,4348
2026/09/13 18:16:31,23560000,231000,268370,62700,4348
2026/09/13 18:20:31,23560000,231900,268400,62700,4348
2026/09/13 18:24:31,23560000,231900,268020,62700,4348
2026/09/13 18:28:31,23560000,231900,267780,62700,4348
2026/09/13 18:32:31,23560000,231900,267820,62700,4348
2026/09/13 18:36:31,23560000,231900,267800,62700,4348
2026/09/13 18:40:32,23560000,231900,267790,62700,4348
2026/09/13 18:44:31,23560000,231700,267710,62700,4348
2026/09/13 18:48:31,23560000,231700,267690,62700,4348
2026/09/13 18:52:31,23560000,231700,267660,62700,4348
2026/09/13 18:56:31,23510000,231700,267700,62700,4348
2026/09/13 19:00:33,23510000,231700,267680,62700,4348
2026/09/13 19:04:40,23510000,231700,267680,62700,4348
2026/09/13 19:08:31,23510000,231700,267700,62700,4348
2026/09/13 19:12:39,23510000,231700,267470,62700,4348
2026/09/13 19:16:31,23510000,231700,267230,62700,4348
2026/09/13 19:20:38,23460000,231700,267240,62700,4348
2026/09/13 19:24:31,23460000,231200,267220,62700,4348
2026/09/13 19:28:32,23390000,231200,267010,62700,4348
2026/09/13 19:32:31,23390000,231200,266970,62700,4348
2026/09/13 19:36:31,23390000,231200,266750,62700,4348
2026/09/13 19:40:32,23390000,231200,266730,62700,4348
2026/09/13 19:44:32,23390000,231200,266770,62700,4348
2026/09/13 19:48:32,23390000,231200,266770,62700,4348
2026/09/13 19:52:36,23390000,231200,266750,62700,4348
2026/09/13 19:56:31,23390000,231200,266740,62700,4348
2026/09/13 20:00:31,23390000,231200,266730,62700,4348
2026/09/13 20:04:32,23390000,231200,266540,62700,4348
2026/09/13 20:08:32,23390000,231200,266540,62700,4348
2026/09/13 20:10:11,23390000,231200,266540,62700,4348
2026/09/13 20:12:31,23390000,231200,266540,62700,4348
2026/09/13 20:16:32,23360000,231200,266540,62700,4348
2026/09/13 20:20:32,23360000,231200,266540,62700,4348
2026/09/13 20:24:37,23360000,231200,266540,62700,4348
2026/09/13 20:28:31,23360000,231200,266540,62700,4348
2026/09/13 20:32:31,23360000,231200,266540,62700,4348
2026/09/13 20:36:31,23360000,231200,266540,62700,4348
2026/09/13 20:40:31,23310000,231200,266540,62700,4348
2026/09/13 20:44:31,23310000,231200,266540,62700,4348
2026/09/13 20:48:31,23310000,231200,266540,62700,4348
2026/09/13 20:52:31,23310000,231200,266540,62700,4348
2026/09/13 20:56:31,23310000,231200,266540,62700,4348
2026/09/13 21:00:31,23310000,231200,266540,62700,4348
2026/09/13 21:04:31,23270000,231200,266540,62700,4348
2026/09/13 21:08:31,23270000,231200,266540,62700,4348
2026/09/13 21:12:31,23270000,231200,266540,62700,4348
2026/09/13 21:16:31,23270000,231200,266540,62700,4348
2026/09/13 21:20:31,23270000,231200,266540,62700,4348
2026/09/13 21:24:31,23270000,231200,266540,62700,4348
2026/09/13 21:28:32,23270000,231200,266540,62700,4348
2026/09/13 21:32:31,23240000,231200,266540,62700,4348
2026/09/13 21:36:31,23240000,231200,266540,62700,4348
2026/09/13 21:40:31,23240000,231200,266540,62700,4348
2026/09/13 21:44:31,23240000,231200,266540,62700,4348
2026/09/13 21:48:31,23240000,231200,266540,62700,4348
2026/09/13 21:52:31,23240000,231200,266540,62700,4348
2026/09/13 21:56:31,23240000,231200,266540,62700,4348
2026/09/13 22:00:31,23240000,231200,266540,62700,4348
2026/09/13 22:04:31,23240000,231200,266540,62700,4348
2026/09/13 22:08:31,23240000,231200,266540,62700,4348
2026/09/13 22:12:32,23240000,231200,266540,62700,4348
2026/09/13 22:16:31,23240000,231200,266540,62700,4348
2026/09/13 22:20:31,23240000,231200,266540,62700,4348
2026/09/13 22:24:31,23240000,231200,266540,62700,4348
2026/09/13 22:28:32,23240000,231200,266540,62700,4348
2026/09/13 22:32:32,23240000,231200,266540,62700,4348
2026/09/13 22:36:31,23240000,231200,266540,62700,4348
2026/09/13 22:40:31,23240000,231200,266540,62700,4348
2026/09/13 22:44:32,23240000,231200,266540,62700,4348
2026/09/13 22:48:32,23240000,231200,266540,62700,4348
2026/09/13 22:52:31,23240000,231200,266540,62700,4348
2026/09/13 22:56:31,23240000,231200,266540,62700,4348
2026/09/13 23:00:31,23240000,231200,266540,62700,4348
2026/09/13 23:04:31,23240000,231200,266540,62700,4348
2026/09/13 23:08:31,23240000,231200,266540,62700,4348
2026/09/13 23:12:31,23240000,231200,266540,62700,4348
2026/09/13 23:16:31,23240000,231200,266540,62700,4348
2026/09/13 23:20:31,23240000,231200,266540,62700,4348
2026/09/13 23:24:32,23240000,231200,266540,62700,4348
2026/09/13 23:28:31,23240000,231200,266540,62700,4348
2026/09/13 23:32:32,23240000,231200,266540,62700,4348
2026/09/13 23:36:31,23240000,231200,266540,62700,4348
2026/09/13 23:40:31,23240000,231200,266540,62700,4348
2026/09/13 23:44:31,23240000,231200,266540,62700,4348
2026/09/13 23:48:32,23240000,231200,266540,62700,4348
2026/09/13 23:52:31,23240000,231200,266540,62700,4348
2026/09/14 00:00:32,23240000,231200,266540,62700,4348
2026/09/14 00:04:31,23240000,231200,266540,62700,4348
2026/09/14 00:08:31,23240000,231200,266540,62700,4348
2026/09/14 00:12:31,23240000,231200,266540,62700,4348
2026/09/14 00:16:32,23240000,231200,266540,62700,4348
2026/09/14 00:20:32,23240000,231200,266540,62700,4348
2026/09/14 00:24:31,23240000,231200,266540,62700,4348
2026/09/14 00:28:32,23240000,231200,266540,62700,4348
2026/09/14 00:32:31,23240000,231200,266540,62700,4348
2026/09/14 00:36:31,23240000,231200,266540,62700,4348
2026/09/14 00:40:31,23240000,231200,266540,62700,4348
2026/09/14 00:44:31,23240000,231200,266540,62700,4348
2026/09/14 00:48:32,23240000,231200,266540,62700,4348
2026/09/14 00:52:31,23240000,231200,266540,62700,4348
2026/09/14 00:56:31,23240000,231200,266540,62700,4348
2026/09/14 01:00:31,23240000,231200,266540,62700,4348
2026/09/14 01:04:31,23240000,231200,266540,62700,4348
2026/09/14 01:08:31,23240000,231200,266540,62700,4348
2026/09/14 01:12:31,23240000,231200,266540,62700,4348
2026/09/14 01:16:31,23240000,231200,266540,62700,4348
2026/09/14 01:20:31,23240000,231200,266540,62700,4348
2026/09/14 01:24:31,23240000,231200,266540,62700,4348
2026/09/14 01:28:31,23240000,231200,266540,62700,4348
2026/09/14 01:32:32,23240000,231200,266540,62700,4348
2026/09/14 01:36:32,23240000,231200,266540,62700,4339
2026/09/14 01:40:31,23240000,231200,266540,62700,4332
2026/09/14 01:44:31,23240000,231200,266540,62700,4334
2026/09/14 01:48:31,23240000,231200,266540,62700,4332
2026/09/14 01:52:31,23240000,231200,266540,62700,4332
2026/09/14 01:56:31,23240000,231200,266540,62700,4330
2026/09/14 02:00:32,23240000,231200,266540,62700,4335
2026/09/14 02:04:32,23240000,231200,266540,62700,4337
2026/09/14 02:08:31,23240000,231200,266540,62700,4336
2026/09/14 02:12:31,23240000,231200,266540,62700,4336
2026/09/14 02:16:31,23240000,231200,266540,62700,4337
2026/09/14 02:20:31,23240000,231200,266540,62700,4336
2026/09/14 02:24:31,23240000,231200,266540,62700,4336
2026/09/14 02:28:31,23240000,231200,266540,62700,4339
2026/09/14 02:32:31,23240000,231200,266540,62700,4342
2026/09/14 02:36:31,23240000,231200,266540,62700,4341
2026/09/14 02:40:31,23240000,231200,266540,62700,4341
2026/09/14 02:44:31,23240000,231200,266540,62700,4341
2026/09/14 02:48:31,23240000,231200,266540,62700,4339
2026/09/14 02:52:31,23240000,231200,266540,62700,4336
2026/09/14 02:56:31,23240000,231200,266540,62700,4337
2026/09/14 03:00:31,23240000,231200,266540,62700,4339
2026/09/14 03:04:31,23240000,231200,266540,62700,4341
2026/09/14 03:08:32,23240000,231200,266540,62700,4341
2026/09/14 03:12:32,23240000,231200,266540,62700,4340
2026/09/14 03:16:32,23240000,231200,266540,62700,4336
2026/09/14 03:20:31,23240000,231200,266540,62700,4334
2026/09/14 03:24:31,23240000,231200,266540,62700,4334
2026/09/14 03:28:31,23240000,231200,266540,62700,4334
2026/09/14 03:32:31,23240000,231200,266540,62700,4332
2026/09/14 03:36:32,23240000,231200,266540,62700,4334
2026/09/14 03:40:32,23240000,231200,266540,62700,4346
2026/09/14 03:44:31,23240000,231200,266540,62700,4345
2026/09/14 03:48:31,23240000,231200,266540,62700,4341
2026/09/14 03:52:31,23240000,231200,266540,62700,4339
2026/09/14 03:56:31,23240000,231200,266540,62700,4338
2026/09/14 04:00:31,23240000,231200,266540,62700,4337
2026/09/14 04:04:31,23240000,231200,266540,62700,4338
2026/09/14 04:08:32,23240000,231200,266540,62700,4333
2026/09/14 04:12:32,23240000,231200,266540,62700,4334
2026/09/14 04:16:32,23240000,231200,266540,62700,4339
2026/09/14 04:20:31,23240000,231200,266540,62700,4340
2026/09/14 04:24:31,23240000,231200,266540,62700,4341
2026/09/14 04:28:31,23240000,231200,266540,62700,4341
2026/09/14 04:32:31,23240000,231200,266540,62700,4342
2026/09/14 04:36:31,23240000,231200,266540,62700,4334
2026/09/14 04:40:31,23240000,231200,266540,62700,4336
2026/09/14 04:44:31,23240000,231200,266540,62700,4331
2026/09/14 04:48:31,23240000,231200,266540,62700,4330
2026/09/14 04:52:32,23240000,231200,266540,62700,4332
2026/09/14 04:56:32,23240000,231200,266540,62700,4333
2026/09/14 05:00:31,23240000,231200,266540,62700,4335
2026/09/14 05:04:31,23240000,231200,266540,62700,4331
2026/09/14 05:08:32,23240000,231200,266540,62700,4339
2026/09/14 05:12:31,23240000,231200,266540,62700,4342
2026/09/14 05:16:31,23240000,231200,266540,62700,4342
2026/09/14 05:20:32,23240000,231200,266540,62700,4348
2026/09/14 05:24:32,23240000,231200,266540,62700,4349
2026/09/14 05:28:31,23240000,231200,266540,62700,4350
2026/09/14 05:32:31,23240000,231200,266540,62700,4352
2026/09/14 05:36:31,23240000,231200,266540,62700,4350
2026/09/14 05:40:31,23240000,231200,266540,62700,4354
2026/09/14 05:44:32,23240000,231200,266540,62700,4349
2026/09/14 05:48:31,23240000,231200,266540,62700,4349
2026/09/14 05:52:31,23240000,231200,266540,62700,4350
2026/09/14 05:56:31,23240000,231200,266540,62700,4353
2026/09/14 06:00:31,23240000,231200,266540,62700,4353
2026/09/14 06:04:31,23240000,231200,266540,62700,4353
2026/09/14 06:08:31,23240000,231200,266540,62700,4350
2026/09/14 06:12:31,23240000,231200,266540,62700,4346
2026/09/14 06:16:31,23240000,231200,266540,62700,4345
2026/09/14 06:20:32,23240000,231200,266540,62700,4345
2026/09/14 06:24:31,23240000,231200,266540,62700,4340
2026/09/14 06:28:32,23240000,231200,266540,62700,4334
2026/09/14 06:32:31,23240000,231200,266540,62700,4329
2026/09/14 06:36:31,23240000,231200,266540,62700,4333
2026/09/14 06:40:31,23240000,231200,266540,62700,4334
2026/09/14 06:44:31,23240000,231200,266540,62700,4334
2026/09/14 06:48:31,23240000,231200,266540,62700,4333
2026/09/14 06:52:32,23240000,231200,266540,62700,4334
2026/09/14 06:56:32,23240000,231200,266540,62700,4335
2026/09/14 07:00:31,23240000,231200,266540,62700,4334
2026/09/14 07:04:31,23240000,231200,266540,62700,4332
2026/09/14 07:08:31,23240000,231200,266540,62700,4331
2026/09/14 07:12:31,23240000,231200,266540,62700,4328
2026/09/14 07:16:31,23240000,231200,266540,62700,4329
2026/09/14 07:20:31,23240000,231200,266540,62700,4330
2026/09/14 07:24:31,23240000,231200,266540,62700,4332
2026/09/14 07:28:31,23240000,231200,266540,62700,4331
2026/09/14 07:32:31,23240000,231200,266540,62700,4331
2026/09/14 07:36:31,23240000,231200,266540,62700,4330
2026/09/14 07:40:31,23240000,231200,266540,62700,4329
2026/09/14 07:44:31,23240000,231200,266540,62700,4330
2026/09/14 07:48:31,23240000,231200,266540,62700,4330
2026/09/14 07:52:31,23240000,231200,266540,62700,4330
2026/09/14 07:56:31,23240000,231200,266540,62700,4330
2026/09/14 08:00:31,23240000,231200,266540,62700,4330
2026/09/14 08:04:31,23240000,231200,266540,62700,4329
2026/09/14 08:08:31,23240000,231200,266540,62700,4328
2026/09/14 08:12:32,23240000,231200,266540,62700,4325
2026/09/14 08:16:31,23240000,231200,266540,62700,4323
2026/09/14 08:20:31,23240000,231200,266540,62700,4325
2026/09/14 08:24:32,23240000,231200,266540,62700,4325
2026/09/14 08:28:32,23240000,231200,266540,62700,4329
2026/09/14 08:32:31,23240000,228600,266540,62700,4329
2026/09/14 08:36:31,23240000,228600,266540,62700,4332
2026/09/14 08:40:31,23240000,228600,266540,62700,4329
2026/09/14 08:44:31,23240000,228600,266540,62700,4328
2026/09/14 08:48:31,23240000,228600,266540,62700,4331
2026/09/14 08:52:32,23240000,228600,266540,62700,4330
2026/09/14 08:56:31,23240000,228600,266540,62700,4328
2026/09/14 09:00:31,23240000,228600,266540,62700,4327
2026/09/14 09:04:31,23290000,228600,266540,62700,4335
2026/09/14 09:08:31,23630000,228600,266540,62700,4334
2026/09/14 09:12:31,23630000,228600,266540,62700,4333
2026/09/14 09:16:31,23630000,228600,266540,62700,4330
2026/09/14 09:20:31,23630000,228600,266540,62700,4327
2026/09/14 09:24:31,23630000,228600,266540,62700,4329
2026/09/14 09:28:31,23740000,228600,266540,62700,4335
2026/09/14 09:32:31,23740000,228600,266540,62700,4336
2026/09/14 09:36:31,23740000,228600,266540,62700,4337
2026/09/14 09:40:37,23740000,228600,266540,62700,4332
2026/09/14 09:44:31,23740000,228600,266540,62700,4327
2026/09/14 09:48:31,23740000,228600,266540,62700,4329
2026/09/14 09:52:32,23740000,228600,266540,62700,4328
2026/09/14 09:56:31,23740000,228600,266540,62700,4329
2026/09/14 10:00:31,23700000,228600,266540,62700,4330
2026/09/14 10:04:31,23700000,228600,266540,62700,4330
2026/09/14 10:08:31,23700000,228600,266540,62700,4332
2026/09/14 10:10:29,23700000,228600,266540,62700,4328
2026/09/14 10:12:31,23700000,228600,266540,62700,4327
2026/09/14 10:16:31,23700000,228600,266540,62700,4329
2026/09/14 10:20:31,23700000,228600,266540,62700,4325
2026/09/14 10:24:31,23610000,228600,266540,62700,4323
2026/09/14 10:28:31,23610000,228600,266540,62700,4321
2026/09/14 10:32:36,23610000,228600,266540,62700,4320
2026/09/14 10:36:31,23610000,228600,266540,62700,4322
2026/09/14 10:40:31,23610000,228600,266540,62700,4319
2026/09/14 10:44:31,23610000,228600,266540,62700,4321
2026/09/14 10:48:32,23560000,228600,266540,62700,4322
2026/09/14 10:52:31,23560000,228600,266540,62700,4321
2026/09/14 10:56:31,23560000,228600,266540,62700,4320
2026/09/14 11:00:31,23560000,228600,266540,62700,4318
2026/09/14 11:04:32,23560000,231620,269020,62700,4318
2026/09/14 11:08:32,23560000,232115,269560,62400,4316
2026/09/14 11:12:32,23520000,232200,269640,62400,4318
2026/09/14 11:16:32,23520000,234095,270180,62400,4321
2026/09/14 11:20:31,23520000,234100,270060,62400,4317
2026/09/14 11:24:31,23520000,234400,270470,62400,4312
2026/09/14 11:28:31,23610000,234700,270810,62400,4310
2026/09/14 11:32:31,23610000,234915,270880,62400,4312
2026/09/14 11:36:31,23610000,234900,270880,62400,4316
2026/09/14 11:40:31,23610000,234415,270340,62400,4315
2026/09/14 11:44:32,23610000,232885,270320,62400,4315
2026/09/14 11:48:31,23610000,232900,270190,62400,4311
2026/09/14 11:52:31,23610000,233200,270490,62400,4313
2026/09/14 11:56:31,23570000,233100,270370,62400,4313
2026/09/14 12:00:31,23570000,233080,270370,62400,4311
2026/09/14 12:04:31,23570000,233000,270130,62400,4314
2026/09/14 12:08:31,23570000,232990,270190,62400,4315
2026/09/14 12:12:32,23480000,232700,270050,62400,4313
2026/09/14 12:16:32,23480000,232920,270090,63300,4313
2026/09/14 12:20:32,23480000,232800,269990,63300,4307
2026/09/14 12:24:31,23480000,232680,269850,63300,4306
2026/09/14 12:28:31,23480000,232800,269970,63400,4303
2026/09/14 12:32:31,23480000,232805,270000,63400,4309
2026/09/14 12:36:31,23480000,232885,270090,63400,4310
2026/09/14 12:40:31,23480000,232895,270150,63400,4309
2026/09/14 12:44:32,23510000,232990,270210,63400,4305
2026/09/14 12:48:31,23510000,233020,270190,63600,4300
2026/09/14 12:52:31,23510000,233600,270430,63600,4290
2026/09/14 12:56:31,23510000,233600,270380,63600,4286
2026/09/14 13:00:31,23510000,233580,270410,63600,4285
2026/09/14 13:04:32,23510000,233560,270490,63600,4286
2026/09/14 13:08:32,23510000,234120,271170,63600,4286
2026/09/14 13:12:31,23510000,234200,271200,63600,4283
2026/09/14 13:16:31,23510000,234200,271240,63600,4279
2026/09/14 13:20:31,23510000,234100,271100,63600,4280
2026/09/14 13:24:31,23510000,234100,271120,63600,4284
2026/09/14 13:28:31,23510000,234105,271100,63600,4287
2026/09/14 13:32:36,23510000,234100,271080,63600,4282
2026/09/14 13:36:31,23510000,233700,271080,63600,4282
2026/09/14 13:40:31,23510000,233700,271050,63600,4284
2026/09/14 13:44:31,23510000,234485,271960,63600,4287
2026/09/14 13:48:32,23510000,234665,272140,63600,4287
2026/09/14 13:52:31,23540000,234515,271980,63600,4286
2026/09/14 13:56:31,23540000,234300,271740,63600,4290
2026/09/14 14:00:31,23540000,234280,271750,63600,4291
2026/09/14 14:04:31,23540000,234095,271470,63600,4291
2026/09/14 14:08:32,23540000,234275,271480,63600,4293
2026/09/14 14:12:31,23540000,234200,271620,63600,4294
2026/09/14 14:16:31,23540000,234100,271500,63800,4294
2026/09/14 14:20:31,23540000,234100,271510,63800,4292
2026/09/14 14:24:31,23540000,234115,271510,63800,4292
2026/09/14 14:28:31,23540000,234100,271550,63500,4294
2026/09/14 14:32:31,23540000,234100,271480,63600,4295
2026/09/14 14:36:31,23540000,234100,271520,63600,4296
2026/09/14 14:40:32,23540000,234100,271520,63600,4295
2026/09/14 14:44:31,23540000,234100,271560,63600,4292
2026/09/14 14:48:31,23540000,234105,271550,63600,4294
2026/09/14 14:52:31,23540000,234500,271600,63600,4295
2026/09/14 14:56:32,23540000,234370,271480,63600,4295
2026/09/14 15:00:31,23540000,234400,271570,63600,4296
2026/09/14 15:04:32,23540000,234400,271550,63600,4294
2026/09/14 15:08:31,23540000,234420,271500,63600,4292
2026/09/14 15:12:32,23540000,234410,271600,63600,4293
2026/09/14 15:16:31,23540000,234400,271570,63600,4293
2026/09/14 15:20:31,23540000,234415,271570,63600,4293
2026/09/14 15:24:31,23540000,234400,271570,63600,4287
2026/09/14 15:28:31,23540000,234405,271500,63600,4285
2026/09/14 15:32:31,23540000,234400,271490,63600,4289
2026/09/14 15:36:31,23540000,234700,271870,63600,4286
2026/09/14 15:40:31,23540000,234680,271870,63600,4294
2026/09/14 15:44:31,23540000,234715,271980,63600,4295
2026/09/14 15:48:31,23540000,234720,271980,63600,4295
2026/09/14 15:52:32,23540000,234470,271780,63600,4287
2026/09/14 15:56:32,23540000,234460,271780,63600,4286
2026/09/14 16:00:31,23540000,233675,270740,63600,4286
2026/09/14 16:04:31,23540000,233385,270300,63600,4286
2026/09/14 16:08:31,23540000,233415,270260,63600,4278
2026/09/14 16:12:31,23540000,233410,270210,63600,4279
2026/09/14 16:16:31,23540000,233360,270140,63600,4282
2026/09/14 16:20:32,23540000,233600,270310,63600,4277
2026/09/14 16:24:31,23540000,233900,270680,63600,4274
2026/09/14 16:28:31,23540000,233900,270710,63600,4267
2026/09/14 16:32:31,23540000,233900,270690,63600,4268
2026/09/14 16:36:31,23540000,233900,270620,63600,4268
2026/09/14 16:40:31,23540000,233720,270410,63600,4253
2026/09/14 16:44:31,23540000,233700,270330,63600,4266
2026/09/14 16:48:31,23540000,233690,270360,63600,4268
2026/09/14 16:52:31,23540000,233700,270410,63600,4272
2026/09/14 16:56:31,23540000,233685,270460,63600,4275
2026/09/14 17:00:31,23540000,233700,270470,63600,4272
2026/09/14 17:04:31,23380000,233515,270280,63600,4276
2026/09/14 17:08:31,23380000,233470,270200,63600,4271
2026/09/14 17:12:31,23380000,233160,270010,63600,4267
2026/09/14 17:16:31,23380000,233070,269890,63600,4274
2026/09/14 17:20:31,23380000,233100,269730,63600,4277
2026/09/14 17:24:32,23380000,233200,269820,63600,4279
2026/09/14 17:28:31,23380000,233185,269760,63600,4271
2026/09/14 17:32:31,23380000,233165,269750,63600,4271
2026/09/14 17:36:31,23380000,233200,269730,63600,4265
2026/09/14 17:40:31,23380000,233200,269650,63600,4269
2026/09/14 17:44:31,23380000,233220,269700,63600,4276
2026/09/14 17:48:31,23380000,233220,269740,63600,4276
2026/09/14 17:52:31,23380000,233180,269760,63600,4269
2026/09/14 17:56:31,23380000,233600,269830,63600,4266
2026/09/14 18:00:31,23380000,233620,269900,63600,4269
2026/09/14 18:04:31,23340000,233600,269900,63600,4270
2026/09/14 18:08:31,23340000,233490,269730,63600,4269
2026/09/14 18:12:31,23340000,233515,269710,63600,4271
2026/09/14 18:16:31,23340000,233480,269710,63600,4277
2026/09/14 18:20:31,23340000,233500,269880,63600,4277
2026/09/14 18:24:31,23340000,233520,269900,63600,4275
2026/09/14 18:28:31,23340000,233500,269890,63600,4277
2026/09/14 18:32:31,23340000,233500,269830,63600,4279
2026/09/14 18:36:31,23290000,233470,269800,63600,4273
2026/09/14 18:40:31,23290000,233700,270060,63600,4282
2026/09/14 18:44:31,23290000,233715,270090,63600,4279
2026/09/14 18:48:32,23290000,233660,270090,63600,4277
2026/09/14 18:52:31,23290000,233605,270050,63600,4276
2026/09/14 18:56:31,23290000,233580,269970,63600,4279
2026/09/14 19:00:31,23290000,233500,269920,63600,4284
2026/09/14 19:04:31,23170000,233520,269900,63600,4288
2026/09/14 19:08:32,23170000,233485,269890,63600,4292
2026/09/14 19:12:32,23170000,233305,269660,63600,4296
2026/09/14 19:16:31,23170000,233000,269310,63600,4293
2026/09/14 19:20:31,23170000,233300,269770,63600,4289
2026/09/14 19:24:32,23170000,233200,269770,63600,4289
2026/09/14 19:28:31,23170000,233300,269770,63600,4291
2026/09/14 19:32:31,23210000,233235,269780,63600,4288
2026/09/14 19:36:31,23210000,233100,269590,63600,4287
2026/09/14 19:40:31,23210000,232685,269170,63600,4293
2026/09/14 19:44:31,23210000,232600,269060,63600,4295
2026/09/14 19:48:31,23210000,232600,269070,63600,4296
2026/09/14 19:52:31,23210000,232285,268760,63600,4298
2026/09/14 19:56:31,23210000,232110,268540,63600,4303
2026/09/14 20:00:31,23160000,231810,268230,63600,4300
2026/09/14 20:04:31,23160000,231800,268230,63600,4301
2026/09/14 20:08:31,23160000,231800,268230,63600,4301
2026/09/14 20:12:32,23160000,231800,268230,63600,4304
2026/09/14 20:16:32,23160000,231800,268230,63600,4305
2026/09/14 20:20:31,23160000,231800,268230,63600,4314
2026/09/14 20:24:31,23190000,231800,268230,63600,4317
2026/09/14 20:28:32,23190000,231800,268230,63600,4316
2026/09/14 20:32:31,23260000,231800,268230,63600,4313
2026/09/14 20:36:31,23260000,231800,268230,63600,4312
2026/09/14 20:40:31,23260000,231800,268230,63600,4312
2026/09/14 20:44:31,23260000,231800,268230,63600,4313
2026/09/14 20:48:31,23260000,231800,268230,63600,4311
2026/09/14 20:52:31,23260000,231800,268230,63600,4310
2026/09/14 20:56:32,23260000,231800,268230,63600,4311
2026/09/14 21:00:32,23220000,231800,268230,63600,4311
2026/09/14 21:04:31,23220000,231800,268230,63600,4311
2026/09/14 21:08:31,23220000,231800,268230,63600,4310
2026/09/14 21:12:31,23220000,231800,268230,63600,4310
2026/09/14 21:16:31,23220000,231800,268230,63600,4310
2026/09/14 21:20:31,23220000,231800,268230,63600,4310
2026/09/14 21:24:31,23220000,231800,268230,63600,4311
2026/09/14 21:28:31,23220000,231800,268230,63600,4313
2026/09/14 21:32:31,23220000,231800,268230,63600,4314
2026/09/14 21:36:31,23220000,231800,268230,63600,4309
2026/09/14 21:40:31,23220000,231800,268230,63600,4310
2026/09/14 21:44:31,23220000,231800,268230,63600,4311
2026/09/14 21:48:31,23220000,231800,268230,63600,4311
2026/09/14 21:52:32,23220000,231800,268230,63600,4311
2026/09/14 21:56:32,23220000,231800,268230,63600,4308
2026/09/14 22:00:31,23220000,231800,268230,63600,4308
2026/09/14 22:04:31,23220000,231800,268230,63600,4311
2026/09/14 22:08:31,23220000,231800,268230,63600,4312
2026/09/14 22:12:31,23220000,231800,268230,63600,4310
2026/09/14 22:16:31,23220000,231800,268230,63600,4309
2026/09/14 22:20:31,23220000,231800,268230,63600,4307
2026/09/14 22:24:32,23220000,231800,268230,63600,4306
2026/09/14 22:28:32,23220000,231800,268230,63600,4306
2026/09/14 22:32:31,23220000,231800,268230,63600,4306
2026/09/14 22:36:31,23220000,231800,268230,63600,4306
2026/09/14 22:40:31,23220000,231800,268230,63600,4304
2026/09/14 22:44:31,23220000,231800,268230,63600,4305
2026/09/14 22:48:31,23220000,231800,268230,63600,4302
2026/09/14 22:52:32,23220000,231800,268230,63600,4302
2026/09/14 22:56:31,23220000,231800,268230,63600,4296
2026/09/14 23:00:31,23220000,231800,268230,63600,4297
2026/09/14 23:04:31,23220000,231800,268230,63600,4295
2026/09/14 23:08:31,23220000,231800,268230,63600,4293
2026/09/14 23:12:32,23220000,231800,268230,63600,4291
2026/09/14 23:16:32,23220000,231800,268230,63600,4291
2026/09/14 23:20:31,23220000,231800,268230,63600,4289
2026/09/14 23:24:31,23220000,231800,268230,63600,4286
2026/09/14 23:28:31,23220000,231800,268230,63600,4284
2026/09/14 23:32:31,23220000,231800,268230,63600,4284
2026/09/14 23:36:32,23220000,231800,268230,63600,4284
2026/09/14 23:40:32,23220000,231800,268230,63600,4286
2026/09/14 23:44:31,23220000,231800,268230,63600,4288
2026/09/14 23:48:31,23220000,231800,268230,63600,4290
2026/09/14 23:52:31,23220000,231800,268230,63600,4295
2026/09/15 00:00:31,23220000,231800,268230,63600,4297
2026/09/15 00:04:31,23220000,231800,268230,63600,4299
2026/09/15 00:08:31,23220000,231800,268230,63600,4296
2026/09/15 00:12:31,23220000,231800,268230,63600,4295
2026/09/15 00:16:31,23220000,231800,268230,63600,4295
2026/09/15 00:20:31,23220000,231800,268230,63600,4296
2026/09/15 00:24:31,23220000,231800,268230,63600,4297
2026/09/15 00:28:31,23220000,231800,268230,63600,4298
2026/09/15 00:32:32,23220000,231800,268230,63600,4298
2026/09/15 00:36:31,23220000,231800,268230,63600,4298
2026/09/15 00:40:32,23220000,231800,268230,63600,4298
2026/09/15 00:44:31,23220000,231800,268230,63600,4298
2026/09/15 00:48:31,23220000,231800,268230,63600,4298
2026/09/15 00:52:31,23220000,231800,268230,63600,4298
2026/09/15 00:56:31,23220000,231800,268230,63600,4298
2026/09/15 01:00:31,23220000,231800,268230,63600,4298
2026/09/15 01:04:31,23220000,231800,268230,63600,4298
2026/09/15 01:08:31,23220000,231800,268230,63600,4298
2026/09/15 01:12:31,23220000,231800,268230,63600,4298
2026/09/15 01:16:31,23220000,231800,268230,63600,4298
2026/09/15 01:20:31,23220000,231800,268230,63600,4298
2026/09/15 01:24:31,23220000,231800,268230,63600,4298
2026/09/15 01:28:31,23220000,231800,268230,63600,4298
2026/09/15 01:32:31,23220000,231800,268230,63600,4298
2026/09/15 01:36:31,23220000,231800,268230,63600,4299
2026/09/15 01:40:31,23220000,231800,268230,63600,4297
2026/09/15 01:44:31,23220000,231800,268230,63600,4297
2026/09/15 01:48:31,23220000,231800,268230,63600,4297
2026/09/15 01:52:31,23220000,231800,268230,63600,4296
2026/09/15 01:56:31,23220000,231800,268230,63600,4295
2026/09/15 02:00:31,23220000,231800,268230,63600,4295
2026/09/15 02:04:31,23220000,231800,268230,63600,4297
2026/09/15 02:08:31,23220000,231800,268230,63600,4298
2026/09/15 02:12:31,23220000,231800,268230,63600,4296
2026/09/15 02:16:31,23220000,231800,268230,63600,4295
2026/09/15 02:20:31,23220000,231800,268230,63600,4295
2026/09/15 02:24:31,23220000,231800,268230,63600,4294
2026/09/15 02:28:31,23220000,231800,268230,63600,4296
2026/09/15 02:32:31,23220000,231800,268230,63600,4296
2026/09/15 02:36:31,23220000,231800,268230,63600,4295
2026/09/15 02:40:31,23220000,231800,268230,63600,4293
2026/09/15 02:44:31,23220000,231800,268230,63600,4292
2026/09/15 02:48:31,23220000,231800,268230,63600,4291
2026/09/15 02:52:32,23220000,231800,268230,63600,4288
2026/09/15 02:56:31,23220000,231800,268230,63600,4290
2026/09/15 03:00:31,23220000,231800,268230,63600,4290
2026/09/15 03:04:32,23220000,231800,268230,63600,4288
2026/09/15 03:08:32,23220000,231800,268230,63600,4289
2026/09/15 03:12:31,23220000,231800,268230,63600,4290
2026/09/15 03:16:31,23220000,231800,268230,63600,4288
2026/09/15 03:20:31,23220000,231800,268230,63600,4288
2026/09/15 03:24:31,23220000,231800,268230,63600,4287
2026/09/15 03:28:32,23220000,231800,268230,63600,4288
2026/09/15 03:32:31,23220000,231800,268230,63600,4288
2026/09/15 03:36:31,23220000,231800,268230,63600,4285
2026/09/15 03:40:31,23220000,231800,268230,63600,4287
2026/09/15 03:44:31,23220000,231800,268230,63600,4285
2026/09/15 03:48:31,23220000,231800,268230,63600,4287
2026/09/15 03:52:32,23220000,231800,268230,63600,4285
2026/09/15 03:56:32,23220000,231800,268230,63600,4286
2026/09/15 04:00:32,23220000,231800,268230,63600,4287
2026/09/15 04:04:32,23220000,231800,268230,63600,4285
2026/09/15 04:08:32,23220000,231800,268230,63600,4287
2026/09/15 04:12:32,23220000,231800,268230,63600,4291
2026/09/15 04:16:32,23220000,231800,268230,63600,4293
2026/09/15 04:20:31,23220000,231800,268230,63600,4294
2026/09/15 04:24:31,23220000,231800,268230,63600,4295
2026/09/15 04:28:32,23220000,231800,268230,63600,4294
2026/09/15 04:32:32,23220000,231800,268230,63600,4292
2026/09/15 04:36:31,23220000,231800,268230,63600,4297
2026/09/15 04:40:31,23220000,231800,268230,63600,4294
2026/09/15 04:44:31,23220000,231800,268230,63600,4297
2026/09/15 04:48:31,23220000,231800,268230,63600,4301
2026/09/15 04:52:32,23220000,231800,268230,63600,4303
2026/09/15 04:56:32,23220000,231800,268230,63600,4301
2026/09/15 05:00:32,23220000,231800,268230,63600,4301
2026/09/15 05:04:31,23220000,231800,268230,63600,4305
2026/09/15 05:08:31,23220000,231800,268230,63600,4298
2026/09/15 05:12:31,23220000,231800,268230,63600,4297
2026/09/15 05:16:31,23220000,231800,268230,63600,4298
2026/09/15 05:20:31,23220000,231800,268230,63600,4300
2026/09/15 05:24:31,23220000,231800,268230,63600,4297
2026/09/15 05:28:31,23220000,231800,268230,63600,4301
2026/09/15 05:32:31,23220000,231800,268230,63600,4307
2026/09/15 05:36:31,23220000,231800,268230,63600,4307
2026/09/15 05:40:31,23220000,231800,268230,63600,4308
2026/09/15 05:44:31,23220000,231800,268230,63600,4306
2026/09/15 05:48:31,23220000,231800,268230,63600,4306
2026/09/15 05:52:32,23220000,231800,268230,63600,4307
2026/09/15 05:56:31,23220000,231800,268230,63600,4308
2026/09/15 06:00:31,23220000,231800,268230,63600,4309
2026/09/15 06:04:32,23220000,231800,268230,63600,4310
2026/09/15 06:08:32,23220000,231800,268230,63600,4312
2026/09/15 06:12:31,23220000,231800,268230,63600,4315
2026/09/15 06:16:31,23220000,231800,268230,63600,4312
2026/09/15 06:20:31,23220000,231800,268230,63600,4316
2026/09/15 06:24:31,23220000,231800,268230,63600,4313
2026/09/15 06:28:31,23220000,231800,268230,63600,4312
2026/09/15 06:32:31,23220000,231800,268230,63600,4311
2026/09/15 06:36:31,23220000,231800,268230,63600,4312
2026/09/15 06:40:31,23220000,231800,268230,63600,4314
2026/09/15 06:44:32,23220000,231800,268230,63600,4311
2026/09/15 06:48:32,23220000,231800,268230,63600,4312
2026/09/15 06:52:32,23220000,231800,268230,63600,4312
2026/09/15 06:56:32,23220000,231800,268230,63600,4310
2026/09/15 07:00:31,23220000,231800,268230,63600,4312
2026/09/15 07:04:31,23220000,231800,268230,63600,4312
2026/09/15 07:08:31,23220000,231800,268230,63600,4311
2026/09/15 07:12:31,23220000,231800,268230,63600,4309
2026/09/15 07:16:31,23220000,231800,268230,63600,4308
2026/09/15 07:20:32,23220000,231800,268230,63600,4308
2026/09/15 07:24:31,23220000,231800,268230,63600,4304
2026/09/15 07:28:31,23220000,231800,268230,63600,4304
2026/09/15 07:32:31,23220000,231800,268230,63600,4303
2026/09/15 07:36:31,23220000,231800,268230,63600,4303
2026/09/15 07:40:31,23220000,231800,268230,63600,4305
2026/09/15 07:44:31,23220000,231800,268230,63600,4307
2026/09/15 07:48:31,23220000,231800,268230,63600,4306
2026/09/15 07:52:32,23220000,231800,268230,63600,4304
2026/09/15 07:56:32,23220000,231800,268230,63600,4303
2026/09/15 08:00:32,23220000,231800,268230,63600,4303
2026/09/15 08:04:32,23220000,231800,268230,63600,4303
2026/09/15 08:08:32,23220000,231800,268230,63600,4301
2026/09/15 08:12:32,23220000,231800,268230,63600,4305
2026/09/15 08:16:32,23220000,231800,268230,63600,4304
2026/09/15 08:20:32,23220000,231800,268230,63600,4306
2026/09/15 08:24:31,23220000,231800,268230,63600,4305
2026/09/15 08:28:31,23220000,231800,268230,63600,4307
2026/09/15 08:32:31,23220000,231800,268230,63600,4306
2026/09/15 08:36:31,23220000,231800,268230,63600,4303
2026/09/15 08:40:31,23220000,231800,268230,63600,4302
2026/09/15 08:44:31,23220000,231800,268230,63600,4301
2026/09/15 08:48:31,23220000,231800,268230,63600,4299
2026/09/15 08:52:31,23220000,231800,268230,63600,4300
2026/09/15 08:56:31,23220000,231800,268230,63600,4297
2026/09/15 09:00:31,23220000,231800,268230,63600,4298
2026/09/15 09:04:31,23220000,231800,268230,63600,4294
2026/09/15 09:08:31,23220000,231800,268230,63600,4293
2026/09/15 09:12:31,23220000,231800,268230,63600,4296
2026/09/15 09:16:32,23260000,231800,268230,63600,4298
2026/09/15 09:20:31,23260000,231800,268230,63000,4298
2026/09/15 09:24:31,23260000,231800,268230,63000,4298
2026/09/15 09:28:31,23260000,231800,268230,63000,4298
2026/09/15 09:32:31,23260000,231800,268230,63000,4293
2026/09/15 09:36:31,23260000,231800,268230,63000,4290
2026/09/15 09:40:31,23260000,231800,268230,63000,4286
2026/09/15 09:44:31,23260000,231800,268230,63000,4286
2026/09/15 09:48:31,23290000,231800,268230,63000,4291
2026/09/15 09:52:32,23290000,231800,268230,63000,4289
2026/09/15 09:56:32,23290000,231800,268230,63000,4289
2026/09/15 10:00:32,23290000,231800,268230,63000,4290
2026/09/15 10:04:31,23290000,231800,268230,63000,4287
2026/09/15 10:08:31,23290000,231800,268230,63000,4287
2026/09/15 10:12:47,23260000,231800,268230,63000,4290
2026/09/15 10:16:32,23260000,231800,268230,63000,4293
2026/09/15 10:24:45,23260000,231800,268230,63000,4293
2026/09/15 10:28:32,23260000,231800,268230,63000,4294
2026/09/15 10:32:33,23260000,231800,268230,63000,4294
2026/09/15 10:36:32,23260000,231800,268230,63000,4292
2026/09/15 10:40:36,23230000,231800,268230,63000,4290
2026/09/15 10:44:31,23230000,231800,268230,63000,4287
2026/09/15 10:48:47,23230000,231800,268230,63000,4290
2026/09/15 10:52:32,23230000,231800,268230,63000,4290
2026/09/15 10:56:32,23230000,231800,268230,63000,4288
2026/09/15 11:00:31,23230000,231800,268230,63000,4290
2026/09/15 11:04:32,23230000,232300,268450,63000,4290
2026/09/15 11:08:41,23230000,232280,268480,63000,4287
2026/09/15 11:12:41,23230000,232320,268480,63000,4284
2026/09/15 11:40:31,23260000,231675,267160,63000,4265
2026/09/15 11:52:31,23030000,231970,267460,63000,4273
2026/09/15 11:56:31,23030000,232010,267420,63000,4272
2026/09/15 12:00:31,23030000,231780,267220,63000,4271
2026/09/15 12:04:41,23030000,231820,267250,63000,4274
2026/09/15 12:08:36,23110000,231810,267250,63000,4272
2026/09/15 12:12:32,23110000,231995,267410,63000,4270
2026/09/15 12:16:42,23110000,232000,267470,62800,4267
2026/09/15 12:20:32,23110000,232100,267610,62800,4266
2026/09/15 12:24:31,23110000,232095,267530,62800,4266
2026/09/15 12:28:31,23110000,232100,267500,62800,4268
2026/09/15 12:32:32,23110000,232100,267480,62800,4263
2026/09/15 12:36:32,23110000,232100,267500,62800,4266
2026/09/15 12:40:31,23160000,232300,267730,62800,4265
2026/09/15 12:44:45,23160000,232505,267920,62800,4264
2026/09/15 12:48:42,23160000,232510,267980,62800,4264
2026/09/15 12:52:31,23160000,232500,267980,62800,4263
2026/09/15 13:00:36,23160000,232300,267700,62800,4267
2026/09/15 13:04:33,23160000,232710,268170,62800,4265
2026/09/15 13:08:37,23160000,232805,268320,62800,4267
2026/09/15 13:12:32,23190000,232975,268570,62800,4268
2026/09/15 13:16:43,23190000,232980,268500,62800,4268
2026/09/15 13:20:31,23190000,232610,268360,62800,4272
2026/09/15 13:28:33,23190000,232600,268290,62800,4269
2026/09/15 13:32:36,23190000,232465,268240,62800,4271
2026/09/15 13:36:31,23190000,232500,268250,62800,4272
2026/09/15 13:40:47,23190000,232500,268220,62800,4275
2026/09/15 13:44:31,23190000,232485,268230,62800,4273
2026/09/15 13:48:32,23190000,232510,268270,62800,4270
2026/09/15 13:52:34,23190000,232500,268230,62800,4271
2026/09/15 13:56:31,23190000,231885,267560,62800,4274
2026/09/15 14:00:31,23160000,231860,267560,62800,4274
2026/09/15 14:04:31,23160000,231880,267590,62800,4274
2026/09/15 14:08:32,23160000,231900,267560,62800,4274
2026/09/15 14:12:32,23160000,231590,267270,62800,4274
2026/09/15 14:16:32,23160000,231610,267270,62800,4276
2026/09/15 14:20:36,23160000,231600,267230,62800,4276
2026/09/15 14:24:31,23160000,231600,267200,62800,4281
2026/09/15 14:28:34,23160000,231300,266860,62800,4282
2026/09/15 14:32:31,23160000,231300,266850,62800,4281
2026/09/15 14:36:32,23160000,231300,266820,62800,4279
2026/09/15 14:40:31,23160000,231590,267140,62800,4280
2026/09/15 14:44:36,23160000,231500,267050,62800,4282
2026/09/15 14:48:32,23160000,231500,267070,62800,4284
2026/09/15 14:52:31,23160000,231505,267050,62800,4284
2026/09/15 14:56:31,23160000,231465,267130,62800,4283
2026/09/15 15:00:32,23160000,231300,266910,62800,4283
2026/09/15 15:04:31,23160000,231295,266910,62800,4282
2026/09/15 15:08:31,23160000,231260,266920,62800,4282
2026/09/15 15:12:38,23160000,231290,266960,62800,4281
2026/09/15 15:16:31,23160000,231065,266750,62800,4284
2026/09/15 15:20:31,23160000,230870,266500,62800,4284
2026/09/15 15:24:31,23160000,230900,266450,62800,4283
2026/09/15 15:28:36,23160000,230900,266480,62800,4284
2026/09/15 15:32:32,23160000,230880,266500,62800,4283
2026/09/15 15:36:31,23160000,230880,266480,62800,4284
2026/09/15 15:40:31,23160000,230915,266500,63000,4278
2026/09/15 15:44:31,23160000,231300,266930,63000,4277
2026/09/15 15:48:31,23160000,231300,266970,63000,4275
2026/09/15 15:52:35,23160000,231315,266920,63000,4274
2026/09/15 15:56:31,23160000,231090,266690,63000,4273
2026/09/15 16:00:34,23160000,231070,266690,63000,4276
2026/09/15 16:04:31,23160000,231300,266710,63000,4275
2026/09/15 16:08:31,23160000,231515,266960,63000,4281
2026/09/15 16:12:31,23160000,231500,266990,63000,4280
2026/09/15 16:16:32,23160000,231310,266870,63000,4281
2026/09/15 16:20:36,23160000,231275,266830,63000,4287
2026/09/15 16:24:31,23160000,231300,266840,63000,4290
2026/09/15 16:28:31,23160000,231300,266890,63000,4286
2026/09/15 16:32:32,23160000,231300,266840,63000,4293
2026/09/15 16:36:31,23160000,231020,266490,63000,4291
2026/09/15 16:40:34,23160000,231020,266500,63000,4284
2026/09/15 16:44:41,23160000,231015,266540,63000,4288
2026/09/15 16:52:31,23160000,230820,266260,63000,4288
2026/09/15 16:56:31,23160000,230800,266210,63000,4292
2026/09/15 17:00:31,23160000,230800,266140,63000,4287
2026/09/15 17:04:41,23130000,230820,266190,63000,4286
2026/09/15 17:08:31,23130000,230775,266240,63000,4293
2026/09/15 17:12:37,23130000,230800,266120,63000,4289
2026/09/15 17:16:31,23130000,230795,266200,63000,4288
2026/09/15 17:20:31,23130000,230700,266090,63000,4292
2026/09/15 17:24:32,23130000,230705,266110,63000,4294
2026/09/15 17:28:31,23130000,230660,266170,63000,4295
2026/09/15 17:32:31,23130000,230900,266440,63000,4297
2026/09/15 17:36:33,23130000,230700,266190,63000,4294
2026/09/15 17:40:32,23130000,230700,266190,63000,4300
2026/09/15 17:44:31,23130000,230700,266230,63000,4295
2026/09/15 17:48:31,23130000,230700,266220,63000,4291
2026/09/15 17:52:33,23130000,230660,266160,63000,4293
2026/09/15 17:56:31,23130000,230300,265850,63000,4287
2026/09/15 18:00:32,23130000,230280,265930,63000,4283
2026/09/15 18:04:31,23130000,230300,265950,63000,4283
2026/09/15 18:08:32,23130000,230310,265940,63000,4282
2026/09/15 18:12:31,23130000,230300,266020,63000,4277
2026/09/15 18:16:31,23130000,230300,265990,63000,4279
2026/09/15 18:20:31,23090000,230300,265780,63000,4277
2026/09/15 18:24:31,23090000,230300,265810,63000,4277
2026/09/15 18:28:31,23090000,230300,265780,63000,4279
2026/09/15 18:32:42,23090000,230100,265630,63000,4277
2026/09/15 18:36:43,23160000,230100,265680,63000,4282
2026/09/15 18:40:33,23160000,230100,265620,63000,4282
2026/09/15 18:44:37,23160000,230285,265880,63000,4282
2026/09/15 18:48:32,23160000,230600,266190,63000,4286
2026/09/15 18:52:31,23160000,230560,266170,63000,4285
2026/09/15 18:56:32,23160000,230600,266180,63000,4285
2026/09/15 19:00:31,23160000,230610,266310,63000,4283
2026/09/15 19:04:31,23160000,230615,266300,63000,4284
2026/09/15 19:08:31,23160000,230485,266090,63000,4285
2026/09/15 19:12:32,23130000,230495,266050,63000,4289
2026/09/15 19:16:31,23130000,230510,266100,63000,4287
2026/09/15 19:20:32,23130000,230485,266060,63000,4287
2026/09/15 19:24:31,23130000,230505,266020,63000,4290
2026/09/15 19:28:32,23130000,230475,266020,63000,4291
2026/09/15 19:32:31,23130000,230495,266020,63000,4290
2026/09/15 19:36:31,23130000,230500,266000,63000,4291
2026/09/15 19:40:31,23130000,230500,266070,63000,4289
2026/09/15 19:44:31,23130000,230500,265980,63000,4287
2026/09/15 19:48:31,23130000,230500,266000,63000,4288
2026/09/15 19:52:31,23130000,230720,266240,63000,4292
2026/09/15 19:56:31,23130000,230670,266270,63000,4296
2026/09/15 20:00:31,23130000,230705,266240,63000,4296
2026/09/15 20:04:32,23160000,230695,266280,63000,4296
2026/09/15 20:08:31,23160000,230695,266280,63000,4295
2026/09/15 20:12:31,23160000,230695,266280,63000,4294
2026/09/15 20:16:33,23160000,230695,266280,63000,4296
2026/09/15 20:20:31,23160000,230695,266280,63000,4295
2026/09/15 20:24:31,23250000,230695,266280,63000,4296
2026/09/15 20:28:31,23250000,230695,266280,63000,4296
2026/09/15 20:32:32,23250000,230695,266280,63000,4296
2026/09/15 20:36:31,23250000,230695,266280,63000,4291
2026/09/15 20:40:31,23250000,230695,266280,63000,4294
2026/09/15 20:44:32,23250000,230695,266280,63000,4296
2026/09/15 20:48:36,23250000,230695,266280,63000,4296
2026/09/15 20:52:31,23210000,230695,266280,63000,4295
2026/09/15 20:56:31,23210000,230695,266280,63000,4293
2026/09/15 21:00:31,23210000,230695,266280,63000,4292
2026/09/15 21:04:31,23130000,230695,266280,63000,4297
2026/09/15 21:08:31,23130000,230695,266280,63000,4297
2026/09/15 21:12:31,23130000,230695,266280,63000,4293
2026/09/15 21:16:31,23130000,230695,266280,63000,4294
2026/09/15 21:20:32,23130000,230695,266280,63000,4295
2026/09/15 21:24:31,23130000,230695,266280,63000,4294
2026/09/15 21:28:31,23130000,230695,266280,63000,4295
2026/09/15 21:32:31,23200000,230695,266280,63000,4295
2026/09/15 21:36:31,23200000,230695,266280,63000,4295
2026/09/15 21:40:31,23200000,230695,266280,63000,4297
2026/09/15 21:44:31,23200000,230695,266280,63000,4302
2026/09/15 21:48:32,23200000,230695,266280,63000,4304
2026/09/15 21:52:31,23200000,230695,266280,63000,4305
2026/09/15 21:56:31,23200000,230695,266280,63000,4305
2026/09/15 22:00:31,23200000,230695,266280,63000,4304
2026/09/15 22:04:31,23200000,230695,266280,63000,4302
2026/09/15 22:08:31,23200000,230695,266280,63000,4302
2026/09/15 22:12:31,23200000,230695,266280,63000,4304
2026/09/15 22:16:31,23200000,230695,266280,63000,4305
2026/09/15 22:20:31,23200000,230695,266280,63000,4305
2026/09/15 22:24:31,23200000,230695,266280,63000,4309
2026/09/15 22:28:31,23200000,230695,266280,63000,4308
2026/09/15 22:32:31,23200000,230695,266280,63000,4310
2026/09/15 22:36:32,23200000,230695,266280,63000,4304
2026/09/15 22:40:31,23200000,230695,266280,63000,4304
2026/09/15 22:44:32,23200000,230695,266280,63000,4302
2026/09/15 22:48:32,23200000,230695,266280,63000,4301
2026/09/15 22:52:34,23200000,230695,266280,63000,4299
2026/09/15 22:56:31,23200000,230695,266280,63000,4301
2026/09/15 23:00:31,23200000,230695,266280,63000,4301
2026/09/15 23:04:32,23200000,230695,266280,63000,4302
2026/09/15 23:08:36,23200000,230695,266280,63000,4299
2026/09/15 23:12:32,23200000,230695,266280,63000,4298
2026/09/15 23:16:32,23200000,230695,266280,63000,4296
2026/09/15 23:20:31,23200000,230695,266280,63000,4299
2026/09/15 23:24:31,23200000,230695,266280,63000,4296
2026/09/15 23:28:31,23200000,230695,266280,63000,4295
2026/09/15 23:32:31,23200000,230695,266280,63000,4298
2026/09/15 23:36:31,23200000,230695,266280,63000,4296
2026/09/15 23:40:31,23200000,230695,266280,63000,4297
2026/09/15 23:44:31,23200000,230695,266280,63000,4296
2026/09/15 23:48:34,23200000,230695,266280,63000,4295
2026/09/15 23:52:31,23200000,230695,266280,63000,4296
2026/09/15 23:56:32,23200000,230695,266280,63000,4294
2026/09/16 00:00:31,23200000,230695,266280,63000,4294
2026/09/16 00:04:32,23200000,230695,266280,63000,4294
2026/09/16 00:08:31,23200000,230695,266280,63000,4292
2026/09/16 00:12:31,23200000,230695,266280,63000,4293
2026/09/16 00:16:31,23200000,230695,266280,63000,4293
2026/09/16 00:20:32,23200000,230695,266280,63000,4293
2026/09/16 00:24:31,23200000,230695,266280,63000,4293
2026/09/16 00:28:31,23200000,230695,266280,63000,4293
2026/09/16 00:32:31,23200000,230695,266280,63000,4293
2026/09/16 00:36:31,23200000,230695,266280,63000,4293
2026/09/16 00:40:31,23200000,230695,266280,63000,4293
2026/09/16 00:44:31,23200000,230695,266280,63000,4293
2026/09/16 00:48:31,23200000,230695,266280,63000,4293
2026/09/16 00:52:32,23200000,230695,266280,63000,4293
2026/09/16 00:56:31,23200000,230695,266280,63000,4293
2026/09/16 01:00:31,23200000,230695,266280,63000,4293
2026/09/16 01:04:35,23200000,230695,266280,63000,4293
2026/09/16 01:08:31,23200000,230695,266280,63000,4293
2026/09/16 01:12:31,23200000,230695,266280,63000,4293
2026/09/16 01:16:31,23200000,230695,266280,63000,4293
2026/09/16 01:20:32,23200000,230695,266280,63000,4293
2026/09/16 01:24:31,23200000,230695,266280,63000,4293
2026/09/16 01:28:31,23200000,230695,266280,63000,4293
2026/09/16 01:32:35,23200000,230695,266280,63000,4293
2026/09/16 01:36:31,23200000,230695,266280,63000,4295
2026/09/16 01:40:35,23200000,230695,266280,63000,4295
2026/09/16 01:44:31,23200000,230695,266280,63000,4294
2026/09/16 01:48:31,23200000,230695,266280,63000,4293
2026/09/16 01:52:31,23200000,230695,266280,63000,4293
2026/09/16 01:56:31,23200000,230695,266280,63000,4295
2026/09/16 02:00:33,23200000,230695,266280,63000,4298
2026/09/16 02:04:31,23200000,230695,266280,63000,4297
2026/09/16 02:08:31,23200000,230695,266280,63000,4297
2026/09/16 02:12:32,23200000,230695,266280,63000,4296
2026/09/16 02:16:32,23200000,230695,266280,63000,4294
2026/09/16 02:20:31,23200000,230695,266280,63000,4294
2026/09/16 02:24:31,23200000,230695,266280,63000,4294
2026/09/16 02:28:31,23200000,230695,266280,63000,4292
2026/09/16 02:32:31,23200000,230695,266280,63000,4288
2026/09/16 02:36:31,23200000,230695,266280,63000,4286
2026/09/16 02:40:31,23200000,230695,266280,63000,4286
2026/09/16 02:44:31,23200000,230695,266280,63000,4286
2026/09/16 02:48:37,23200000,230695,266280,63000,4286
2026/09/16 02:52:31,23200000,230695,266280,63000,4287
2026/09/16 02:56:36,23200000,230695,266280,63000,4285
2026/09/16 03:00:32,23200000,230695,266280,63000,4283
2026/09/16 03:04:31,23200000,230695,266280,63000,4287
2026/09/16 03:08:31,23200000,230695,266280,63000,4286
2026/09/16 03:12:31,23200000,230695,266280,63000,4284
2026/09/16 03:16:34,23200000,230695,266280,63000,4285
2026/09/16 03:20:31,23200000,230695,266280,63000,4285
2026/09/16 03:24:31,23200000,230695,266280,63000,4283
2026/09/16 03:28:31,23200000,230695,266280,63000,4281
2026/09/16 03:32:31,23200000,230695,266280,63000,4282
2026/09/16 03:36:34,23200000,230695,266280,63000,4281
2026/09/16 03:40:31,23200000,230695,266280,63000,4282
2026/09/16 03:44:33,23200000,230695,266280,63000,4282
2026/09/16 03:48:32,23200000,230695,266280,63000,4283
2026/09/16 03:52:31,23200000,230695,266280,63000,4285
2026/09/16 03:56:31,23200000,230695,266280,63000,4285
2026/09/16 04:00:31,23200000,230695,266280,63000,4284
2026/09/16 04:04:31,23200000,230695,266280,63000,4280
2026/09/16 04:08:31,23200000,230695,266280,63000,4280
2026/09/16 04:12:31,23200000,230695,266280,63000,4284
2026/09/16 04:16:32,23200000,230695,266280,63000,4283
2026/09/16 04:20:32,23200000,230695,266280,63000,4283
2026/09/16 04:24:32,23200000,230695,266280,63000,4280
2026/09/16 04:28:31,23200000,230695,266280,63000,4277
2026/09/16 04:32:31,23200000,230695,266280,63000,4283
2026/09/16 04:36:31,23200000,230695,266280,63000,4279
2026/09/16 04:40:31,23200000,230695,266280,63000,4281
2026/09/16 04:44:31,23200000,230695,266280,63000,4284
2026/09/16 04:48:31,23200000,230695,266280,63000,4288
2026/09/16 04:52:31,23200000,230695,266280,63000,4290
2026/09/16 04:56:31,23200000,230695,266280,63000,4290
2026/09/16 05:00:31,23200000,230695,266280,63000,4292
2026/09/16 05:04:31,23200000,230695,266280,63000,4288
2026/09/16 05:08:31,23200000,230695,266280,63000,4288
2026/09/16 05:12:31,23200000,230695,266280,63000,4288
2026/09/16 05:16:31,23200000,230695,266280,63000,4288
2026/09/16 05:20:31,23200000,230695,266280,63000,4286
2026/09/16 05:24:31,23200000,230695,266280,63000,4287
2026/09/16 05:28:31,23200000,230695,266280,63000,4282
2026/09/16 05:32:31,23200000,230695,266280,63000,4284
2026/09/16 05:36:31,23200000,230695,266280,63000,4285
2026/09/16 05:40:31,23200000,230695,266280,63000,4289
2026/09/16 05:44:31,23200000,230695,266280,63000,4293
2026/09/16 05:48:31,23200000,230695,266280,63000,4291
2026/09/16 05:52:34,23200000,230695,266280,63000,4291
2026/09/16 05:56:31,23200000,230695,266280,63000,4295
2026/09/16 06:00:31,23200000,230695,266280,63000,4298
2026/09/16 06:04:31,23200000,230695,266280,63000,4305
2026/09/16 06:08:31,23200000,230695,266280,63000,4311
2026/09/16 06:12:31,23200000,230695,266280,63000,4311
2026/09/16 06:16:34,23200000,230695,266280,63000,4311
2026/09/16 06:20:31,23200000,230695,266280,63000,4314
2026/09/16 06:24:32,23200000,230695,266280,63000,4314
2026/09/16 06:28:32,23200000,230695,266280,63000,4322
2026/09/16 06:32:31,23200000,230695,266280,63000,4324
2026/09/16 06:36:31,23200000,230695,266280,63000,4330
2026/09/16 06:40:31,23200000,230695,266280,63000,4327
2026/09/16 06:44:31,23200000,230695,266280,63000,4335
2026/09/16 06:48:31,23200000,230695,266280,63000,4338
2026/09/16 06:52:32,23200000,230695,266280,63000,4338
2026/09/16 06:56:31,23200000,230695,266280,63000,4337
2026/09/16 07:00:31,23200000,230695,266280,63000,4333
2026/09/16 07:04:31,23200000,230695,266280,63000,4330
2026/09/16 07:08:31,23200000,230695,266280,63000,4326
2026/09/16 07:12:31,23200000,230695,266280,63000,4327
2026/09/16 07:16:31,23200000,230695,266280,63000,4326
2026/09/16 07:20:31,23200000,230695,266280,63000,4326
2026/09/16 07:24:31,23200000,230695,266280,63000,4326
2026/09/16 07:28:31,23200000,230695,266280,63000,4326
2026/09/16 07:32:32,23200000,230695,266280,63000,4327
2026/09/16 07:36:32,23200000,230695,266280,63000,4326
2026/09/16 07:40:32,23200000,230695,266280,63000,4326
2026/09/16 07:44:35,23200000,230695,266280,63000,4327
2026/09/16 07:48:32,23200000,230695,266280,63000,4325
2026/09/16 07:52:31,23200000,230695,266280,63000,4325
2026/09/16 07:56:31,23200000,230695,266280,63000,4326
2026/09/16 08:00:31,23200000,230695,266280,63000,4326
2026/09/16 08:04:31,23200000,230695,266280,63000,4326
2026/09/16 08:08:31,23200000,230695,266280,63000,4325
2026/09/16 08:12:31,23200000,230695,266280,63000,4326
2026/09/16 08:16:31,23200000,230695,266280,63000,4323
2026/09/16 08:20:31,23200000,230695,266280,63000,4322
2026/09/16 08:24:31,23200000,230695,266280,63000,4322
2026/09/16 08:28:31,23200000,230695,266280,63000,4321
2026/09/16 08:32:31,23200000,230695,266280,63000,4322
2026/09/16 08:36:31,23200000,230695,266280,63000,4322
2026/09/16 08:40:31,23200000,230695,266280,63000,4323
2026/09/16 08:44:31,23200000,230695,266280,63000,4323
2026/09/16 08:48:36,23200000,230695,266280,63000,4323
2026/09/16 08:52:32,23200000,230695,266280,63000,4325
2026/09/16 08:56:32,23200000,230695,266280,63000,4324
2026/09/16 09:00:31,23200000,230695,266280,63000,4325
2026/09/16 09:04:31,23200000,230695,266280,63000,4329
2026/09/16 09:08:36,23200000,230695,266280,63000,4327
2026/09/16 09:12:31,23520000,230695,266280,63000,4329
2026/09/16 09:16:31,23520000,230695,266280,63000,4332
2026/09/16 09:20:31,23520000,230695,266280,63000,4328
2026/09/16 09:24:32,23520000,230695,266280,63000,4330
2026/09/16 09:28:31,23520000,230695,266280,63000,4330
2026/09/16 09:32:32,23520000,230695,266280,63000,4328
2026/09/16 09:36:31,23450000,230695,266280,63000,4322
2026/09/16 09:40:32,23450000,230695,266280,63000,4323
2026/09/16 09:44:31,23450000,230695,266280,63000,4326
2026/09/16 09:48:31,23450000,230695,266280,63000,4326
2026/09/16 09:52:32,23450000,230695,266280,63000,4327
2026/09/16 09:56:32,23450000,230695,266280,63000,4327
2026/09/16 10:00:32,23420000,230695,266280,63000,4326
2026/09/16 10:04:31,23420000,230695,266280,63000,4325
2026/09/16 10:08:31,23420000,230695,266280,63000,4326
2026/09/16 10:12:31,23420000,230695,266280,63000,4326
2026/09/16 10:16:32,23420000,230695,266280,63000,4327
2026/09/16 10:20:32,23420000,230695,266280,63000,4326
2026/09/16 10:24:31,23420000,230695,266280,63000,4326
2026/09/16 10:28:31,23470000,230695,266280,63000,4330
2026/09/16 10:32:31,23540000,230695,266280,63000,4333
2026/09/16 10:36:31,23540000,230695,266280,63000,4333
2026/09/16 10:40:31,23540000,230695,266280,63000,4333
2026/09/16 10:44:31,23540000,230695,266280,63000,4332
2026/09/16 10:48:32,23610000,230695,266280,63000,4336
2026/09/16 10:52:31,23610000,230695,266280,63000,4332
2026/09/16 10:56:31,23610000,230695,266280,63000,4334
2026/09/16 11:00:31,23610000,230695,266280,63000,4335
2026/09/16 11:04:31,23610000,229820,265270,63000,4334
2026/09/16 11:08:32,23610000,229900,265480,63000,4337
2026/09/16 11:12:33,23540000,229860,265530,63000,4337
2026/09/16 11:16:37,23540000,229910,265480,63000,4337
2026/09/16 11:20:31,23540000,230220,266100,63000,4334
2026/09/16 11:24:31,23540000,230220,266030,63000,4330
2026/09/16 11:28:31,23540000,230235,266090,63000,4329
2026/09/16 11:32:32,23540000,230370,266260,63000,4326
2026/09/16 11:36:31,23540000,230600,266450,63000,4326
2026/09/16 11:40:31,23540000,230365,266230,63000,4325
2026/09/16 11:44:31,23500000,230510,266230,63000,4326
2026/09/16 11:48:31,23500000,230700,266460,63000,4330
2026/09/16 11:52:31,23500000,230715,266490,63000,4333
2026/09/16 11:56:31,23500000,230600,266380,63000,4334
2026/09/16 12:00:32,23500000,230620,266450,63000,4333
2026/09/16 12:04:31,23500000,231400,267340,63000,4330
2026/09/16 12:08:32,23450000,231160,267100,63000,4327
2026/09/16 12:12:31,23450000,230200,265910,63000,4324
2026/09/16 12:16:31,23450000,230415,266130,63000,4328
2026/09/16 12:20:32,23450000,230365,266160,62900,4328
2026/09/16 12:24:31,23450000,230590,266360,62900,4329
2026/09/16 12:28:32,23450000,230700,266440,62900,4330
2026/09/16 12:32:31,23480000,230670,266420,62900,4330
2026/09/16 12:36:31,23480000,230710,266350,62900,4331
2026/09/16 12:40:32,23480000,230675,266360,62900,4331
2026/09/16 12:44:43,23480000,230680,266160,62900,4331
2026/09/16 12:48:34,23480000,230600,266220,62900,4332
2026/09/16 12:52:31,23480000,230600,266250,62900,4329
2026/09/16 12:56:31,23480000,230600,266230,62900,4328
2026/09/16 13:00:32,23480000,230515,266140,62900,4330
2026/09/16 13:04:31,23510000,230680,266320,62900,4334
2026/09/16 13:08:31,23510000,230710,266370,62900,4333
2026/09/16 13:12:36,23510000,230400,266060,62900,4334
2026/09/16 13:16:31,23510000,230360,266060,62900,4335
2026/09/16 13:20:31,23510000,230400,266050,62900,4334
2026/09/16 13:24:32,23510000,230400,266020,62900,4335
2026/09/16 13:28:36,23510000,230400,266010,62900,4338
2026/09/16 13:32:32,23470000,230170,265800,62900,4338
2026/09/16 13:36:32,23470000,230165,265790,62900,4338
2026/09/16 13:40:33,23470000,230200,265790,63000,4344
2026/09/16 13:44:38,23470000,230165,265790,63000,4344
2026/09/16 13:48:34,23470000,230175,265710,63000,4342
2026/09/16 13:52:32,23470000,230200,265680,63000,4345
2026/09/16 13:56:31,23500000,229900,265370,63000,4341
2026/09/16 14:00:31,23500000,229900,265370,63000,4347
2026/09/16 14:04:31,23500000,229800,265270,63000,4347
2026/09/16 14:08:31,23500000,229700,265130,63000,4349
2026/09/16 14:12:31,23500000,229720,265120,63000,4347
2026/09/16 14:16:31,23500000,229900,265340,63001,4348
2026/09/16 14:20:31,23500000,229875,265370,63000,4348
2026/09/16 14:24:31,23500000,229900,265370,63000,4347
2026/09/16 14:28:32,23500000,229895,265340,63000,4347
2026/09/16 14:32:32,23500000,229895,265340,63000,4349
2026/09/16 14:36:31,23500000,229990,265490,63000,4350
2026/09/16 14:40:31,23500000,229915,265370,63000,4348
2026/09/16 14:44:31,23500000,229900,265360,63000,4349
2026/09/16 14:48:32,23500000,229920,265320,63000,4347
2026/09/16 14:52:32,23500000,229910,265310,63000,4347
2026/09/16 14:56:31,23500000,229800,265150,63000,4348
2026/09/16 15:00:31,23500000,229900,265270,63000,4352
2026/09/16 15:04:31,23500000,230200,265740,63000,4350
2026/09/16 15:08:32,23500000,230000,265730,63000,4352
2026/09/16 15:12:31,23500000,230200,265950,63000,4349
2026/09/16 15:16:31,23500000,230200,265990,63000,4350
2026/09/16 15:20:32,23500000,230190,265970,63000,4347
2026/09/16 15:24:31,23500000,230220,265940,63000,4346
2026/09/16 15:28:31,23500000,230200,265980,63000,4344
2026/09/16 15:32:31,23500000,230180,265930,63000,4342
2026/09/16 15:36:31,23500000,230200,265890,62800,4343
2026/09/16 15:40:32,23500000,230420,266130,62800,4347
2026/09/16 15:44:31,23500000,230375,266170,62800,4344
2026/09/16 15:48:31,23500000,230420,266160,62800,4343
2026/09/16 15:52:31,23500000,230370,266210,62800,4340
2026/09/16 15:56:32,23500000,230375,266410,62800,4339
2026/09/16 16:00:32,23500000,230600,266310,62800,4339
2026/09/16 16:04:31,23500000,230400,266080,62800,4340
2026/09/16 16:08:32,23500000,230360,266090,62800,4340
2026/09/16 16:12:33,23500000,230400,266140,62800,4342
2026/09/16 16:16:31,23500000,230400,266100,62800,4343
2026/09/16 16:20:31,23500000,230510,266270,62800,4346
2026/09/16 16:24:32,23500000,230500,266260,62800,4346
2026/09/16 16:28:31,23500000,230500,266230,62800,4346
2026/09/16 16:32:31,23500000,230500,266260,62800,4348
2026/09/16 16:36:31,23500000,230465,266320,62800,4347
2026/09/16 16:40:32,23500000,230485,266350,62800,4350
2026/09/16 16:44:31,23500000,230500,266160,62800,4354
2026/09/16 16:48:31,23500000,230315,265960,62800,4356
2026/09/16 16:52:31,23500000,230300,265990,62800,4349
2026/09/16 16:56:31,23500000,230120,265780,62800,4352
2026/09/16 17:00:31,23500000,230100,265780,62800,4355
2026/09/16 17:04:31,23500000,230200,265900,62800,4352
2026/09/16 17:08:31,23500000,230000,265670,62800,4348
2026/09/16 17:12:31,23500000,230005,265700,62800,4346
2026/09/16 17:16:31,23500000,230000,265700,62800,4342
2026/09/16 17:20:31,23470000,229910,265630,62800,4343
2026/09/16 17:24:31,23470000,229900,265640,62800,4338
2026/09/16 17:28:31,23470000,229885,265550,62800,4338
2026/09/16 17:32:32,23470000,229900,265570,62800,4335
2026/09/16 17:36:31,23470000,230000,265680,62800,4330
2026/09/16 17:40:31,23470000,229990,265660,62800,4330
2026/09/16 17:44:31,23470000,230015,265560,62800,4338
2026/09/16 17:48:32,23470000,230015,265600,62800,4336
2026/09/16 17:52:34,23470000,229960,265680,62800,4332
2026/09/16 17:56:31,23470000,230020,265680,62800,4333
2026/09/16 18:00:31,23470000,230200,265710,62800,4337
2026/09/16 18:04:31,23470000,230600,266170,62800,4335
2026/09/16 18:08:35,23440000,230580,266230,62800,4340
2026/09/16 18:12:31,23440000,230600,266190,62800,4342
2026/09/16 18:16:31,23440000,230560,266220,62800,4346
2026/09/16 18:20:31,23440000,230400,266190,62800,4349
2026/09/16 18:24:31,23440000,230570,266480,62800,4351
2026/09/16 18:28:32,23440000,230505,266350,62800,4349
2026/09/16 18:32:31,23440000,230510,266380,62800,4355
2026/09/16 18:41:00,23440000,230400,266180,62800,4357
2026/09/16 18:44:31,23440000,230400,266260,62800,4355
2026/09/16 18:48:31,23440000,230400,266300,62800,4353
2026/09/16 18:52:39,23440000,230405,266240,62800,4351
2026/09/16 18:56:31,23440000,230410,266240,62800,4348
2026/09/16 19:00:32,23440000,230400,266220,62800,4344
2026/09/16 19:04:35,23440000,230380,266220,62800,4346
2026/09/16 19:09:06,23440000,230420,266200,62800,4351
2026/09/16 19:12:56,23440000,230400,266190,62800,4350
2026/09/16 19:16:32,23440000,230400,266170,62800,4351
2026/09/16 19:20:37,23440000,230400,266210,62800,4352
2026/09/16 19:24:36,23440000,230360,266200,62800,4354
2026/09/16 19:28:36,23440000,230400,266170,62800,4351
2026/09/16 19:32:31,23440000,230400,266150,62800,4352
2026/09/16 19:36:33,23440000,230385,266210,62800,4348
2026/09/16 19:40:32,23440000,230420,266170,62800,4349
2026/09/16 19:44:50,23440000,230400,266120,62800,4351
2026/09/16 19:48:41,23440000,230420,266160,62800,4350
2026/09/16 19:52:32,23440000,230600,266360,62800,4349
2026/09/16 19:56:38,23440000,230620,266420,62800,4347
2026/09/16 20:00:31,23440000,230600,266430,62800,4344
2026/09/16 20:04:32,23440000,230600,266400,62800,4347
2026/09/16 20:08:31,23440000,230600,266400,62800,4346
2026/09/16 20:12:37,23440000,230600,266400,62800,4347
2026/09/16 20:16:32,23440000,230600,266400,62800,4348
2026/09/16 20:20:31,23440000,230600,266400,62800,4347
2026/09/16 20:24:31,23480000,230600,266400,62800,4344
2026/09/16 20:28:31,23480000,230600,266400,62800,4345
2026/09/16 20:32:31,23480000,230600,266400,62800,4344
2026/09/16 20:36:32,23480000,230600,266400,62800,4345
2026/09/16 20:40:32,23480000,230600,266400,62800,4343
2026/09/16 20:44:31,23480000,230600,266400,62800,4342
2026/09/16 20:48:31,23480000,230600,266400,62800,4344
2026/09/16 20:52:32,23480000,230600,266400,62800,4343
2026/09/16 20:56:32,23480000,230600,266400,62800,4346
2026/09/16 21:00:31,23480000,230600,266400,62800,4346
2026/09/16 21:04:31,23480000,230600,266400,62800,4349
2026/09/16 21:08:31,23480000,230600,266400,62800,4347
2026/09/16 21:12:31,23480000,230600,266400,62800,4345
2026/09/16 21:16:31,23480000,230600,266400,62800,4344
2026/09/16 21:20:31,23480000,230600,266400,62800,4344
2026/09/16 21:24:31,23480000,230600,266400,62800,4348
2026/09/16 21:28:31,23480000,230600,266400,62800,4351
2026/09/16 21:32:32,23480000,230600,266400,62800,4337
2026/09/16 21:36:32,23480000,230600,266400,62800,4327
2026/09/16 21:40:32,23480000,230600,266400,62800,4336
2026/09/16 21:44:31,23480000,230600,266400,62800,4308
2026/09/16 21:48:32,23480000,230600,266400,62800,4310
2026/09/16 21:52:32,23480000,230600,266400,62800,4321
2026/09/16 21:56:31,23480000,230600,266400,62800,4316
2026/09/16 22:00:31,23480000,230600,266400,62800,4318
2026/09/16 22:04:32,23480000,230600,266400,62800,4287
2026/09/16 22:08:32,23480000,230600,266400,62800,4270
2026/09/16 22:12:34,23480000,230600,266400,62800,4287
2026/09/16 22:16:31,23480000,230600,266400,62800,4303
2026/09/16 22:20:31,23480000,230600,266400,62800,4294
2026/09/16 22:24:31,23480000,230600,266400,62800,4271
2026/09/16 22:28:31,23480000,230600,266400,62800,4263
2026/09/16 22:32:31,23480000,230600,266400,62800,4274
2026/09/16 22:36:32,23480000,230600,266400,62800,4270
2026/09/16 22:40:31,23480000,230600,266400,62800,4251
2026/09/16 22:44:31,23480000,230600,266400,62800,4240
2026/09/16 22:48:31,23480000,230600,266400,62800,4247
2026/09/16 22:52:32,23480000,230600,266400,62800,4246
2026/09/16 22:56:31,23480000,230600,266400,62800,4255
2026/09/16 23:00:32,23480000,230600,266400,62800,4249
2026/09/16 23:04:31,23480000,230600,266400,62800,4261
2026/09/16 23:08:32,23480000,230600,266400,62800,4260
2026/09/16 23:12:31,23480000,230600,266400,62800,4268
2026/09/16 23:16:31,23480000,230600,266400,62800,4267
2026/09/16 23:20:31,23480000,230600,266400,62800,4271
2026/09/16 23:24:31,23480000,230600,266400,62800,4270
2026/09/16 23:28:31,23480000,230600,266400,62800,4270
2026/09/16 23:32:31,23480000,230600,266400,62800,4268
2026/09/16 23:36:31,23480000,230600,266400,62800,4270
2026/09/16 23:40:31,23480000,230600,266400,62800,4268
2026/09/16 23:44:31,23480000,230600,266400,62800,4265
2026/09/16 23:48:31,23480000,230600,266400,62800,4266
2026/09/16 23:52:31,23480000,230600,266400,62800,4264
2026/09/16 23:56:31,23480000,230600,266400,62800,4260
2026/09/17 00:00:31,23480000,230600,266400,62800,4258
2026/09/17 00:04:31,23480000,230600,266400,62800,4259
2026/09/17 00:08:31,23480000,230600,266400,62800,4261
2026/09/17 00:12:31,23480000,230600,266400,62800,4265
2026/09/17 00:16:31,23480000,230600,266400,62800,4263
2026/09/17 00:20:31,23480000,230600,266400,62800,4265
2026/09/17 00:24:31,23480000,230600,266400,62800,4262
2026/09/17 00:28:31,23480000,230600,266400,62800,4262
2026/09/17 00:32:31,23480000,230600,266400,62800,4262
2026/09/17 00:36:31,23480000,230600,266400,62800,4262
2026/09/17 00:40:32,23480000,230600,266400,62800,4262
2026/09/17 00:44:32,23480000,230600,266400,62800,4262
2026/09/17 00:48:32,23480000,230600,266400,62800,4262
2026/09/17 00:52:31,23480000,230600,266400,62800,4262
2026/09/17 00:56:31,23480000,230600,266400,62800,4262
2026/09/17 01:00:31,23480000,230600,266400,62800,4262
2026/09/17 01:04:31,23480000,230600,266400,62800,4262
2026/09/17 01:08:31,23480000,230600,266400,62800,4262
2026/09/17 01:12:31,23480000,230600,266400,62800,4262
2026/09/17 01:16:31,23480000,230600,266400,62800,4262
2026/09/17 01:20:31,23480000,230600,266400,62800,4262
2026/09/17 01:24:32,23480000,230600,266400,62800,4262
2026/09/17 01:28:31,23480000,230600,266400,62800,4262
2026/09/17 01:32:31,23480000,230600,266400,62800,4262
2026/09/17 01:36:31,23480000,230600,266400,62800,4259
2026/09/17 01:40:31,23480000,230600,266400,62800,4261
2026/09/17 01:44:32,23480000,230600,266400,62800,4261
2026/09/17 01:48:32,23480000,230600,266400,62800,4258
2026/09/17 01:52:36,23480000,230600,266400,62800,4260
2026/09/17 01:56:32,23480000,230600,266400,62800,4262
2026/09/17 02:00:31,23480000,230600,266400,62800,4262
2026/09/17 02:04:32,23480000,230600,266400,62800,4268
2026/09/17 02:08:32,23480000,230600,266400,62800,4272
2026/09/17 02:12:31,23480000,230600,266400,62800,4274
2026/09/17 02:16:31,23480000,230600,266400,62800,4273
2026/09/17 02:20:31,23480000,230600,266400,62800,4271
2026/09/17 02:24:31,23480000,230600,266400,62800,4266
2026/09/17 02:28:31,23480000,230600,266400,62800,4267
2026/09/17 02:32:31,23480000,230600,266400,62800,4264
2026/09/17 02:36:31,23480000,230600,266400,62800,4264
2026/09/17 02:40:31,23480000,230600,266400,62800,4264
2026/09/17 02:44:32,23480000,230600,266400,62800,4262
2026/09/17 02:48:32,23480000,230600,266400,62800,4265
2026/09/17 02:52:31,23480000,230600,266400,62800,4270
2026/09/17 02:56:31,23480000,230600,266400,62800,4271
2026/09/17 03:00:31,23480000,230600,266400,62800,4271
2026/09/17 03:04:31,23480000,230600,266400,62800,4272
2026/09/17 03:08:31,23480000,230600,266400,62800,4268
2026/09/17 03:12:32,23480000,230600,266400,62800,4270
2026/09/17 03:16:31,23480000,230600,266400,62800,4271
2026/09/17 03:20:31,23480000,230600,266400,62800,4273
2026/09/17 03:24:32,23480000,230600,266400,62800,4273
2026/09/17 03:28:32,23480000,230600,266400,62800,4272
2026/09/17 03:32:32,23480000,230600,266400,62800,4269
2026/09/17 03:36:31,23480000,230600,266400,62800,4271
2026/09/17 03:40:32,23480000,230600,266400,62800,4275
2026/09/17 03:44:32,23480000,230600,266400,62800,4282
2026/09/17 03:48:32,23480000,230600,266400,62800,4285
2026/09/17 03:52:32,23480000,230600,266400,62800,4287
2026/09/17 03:56:31,23480000,230600,266400,62800,4286
2026/09/17 04:00:31,23480000,230600,266400,62800,4284
2026/09/17 04:04:32,23480000,230600,266400,62800,4285
2026/09/17 04:08:32,23480000,230600,266400,62800,4284
2026/09/17 04:12:31,23480000,230600,266400,62800,4289
2026/09/17 04:16:31,23480000,230600,266400,62800,4288
2026/09/17 04:20:31,23480000,230600,266400,62800,4285
2026/09/17 04:24:32,23480000,230600,266400,62800,4279
2026/09/17 04:28:32,23480000,230600,266400,62800,4279
2026/09/17 04:32:32,23480000,230600,266400,62800,4292
2026/09/17 04:36:31,23480000,230600,266400,62800,4299
2026/09/17 04:40:31,23480000,230600,266400,62800,4304
2026/09/17 04:44:32,23480000,230600,266400,62800,4298
2026/09/17 04:48:32,23480000,230600,266400,62800,4301
2026/09/17 04:52:31,23480000,230600,266400,62800,4303
2026/09/17 04:56:31,23480000,230600,266400,62800,4310
2026/09/17 05:00:31,23480000,230600,266400,62800,4310
2026/09/17 05:04:31,23480000,230600,266400,62800,4313
2026/09/17 05:08:32,23480000,230600,266400,62800,4317
2026/09/17 05:12:31,23480000,230600,266400,62800,4311
2026/09/17 05:16:32,23480000,230600,266400,62800,4310
2026/09/17 05:20:31,23480000,230600,266400,62800,4311
2026/09/17 05:24:31,23480000,230600,266400,62800,4305
2026/09/17 05:28:34,23480000,230600,266400,62800,4301
2026/09/17 05:32:31,23480000,230600,266400,62800,4301
2026/09/17 05:36:32,23480000,230600,266400,62800,4298
2026/09/17 05:40:31,23480000,230600,266400,62800,4287
2026/09/17 05:44:31,23480000,230600,266400,62800,4281
2026/09/17 05:48:31,23480000,230600,266400,62800,4288
2026/09/17 05:52:31,23480000,230600,266400,62800,4292
2026/09/17 05:56:32,23480000,230600,266400,62800,4291
2026/09/17 06:00:31,23480000,230600,266400,62800,4290
2026/09/17 06:04:32,23480000,230600,266400,62800,4287
2026/09/17 06:08:32,23480000,230600,266400,62800,4285
2026/09/17 06:12:31,23480000,230600,266400,62800,4284
2026/09/17 06:16:32,23480000,230600,266400,62800,4286
2026/09/17 06:20:32,23480000,230600,266400,62800,4283
2026/09/17 06:24:31,23480000,230600,266400,62800,4277
2026/09/17 06:28:31,23480000,230600,266400,62800,4279
2026/09/17 06:32:31,23480000,230600,266400,62800,4279
2026/09/17 06:36:31,23480000,230600,266400,62800,4282
2026/09/17 06:40:31,23480000,230600,266400,62800,4285
2026/09/17 06:44:32,23480000,230600,266400,62800,4283
2026/09/17 06:48:32,23480000,230600,266400,62800,4285
2026/09/17 06:52:31,23480000,230600,266400,62800,4284
2026/09/17 06:56:31,23480000,230600,266400,62800,4286
2026/09/17 07:00:31,23480000,230600,266400,62800,4285
2026/09/17 07:04:31,23480000,230600,266400,62800,4291
2026/09/17 07:08:31,23480000,230600,266400,62800,4292
2026/09/17 07:12:32,23480000,230600,266400,62800,4292
2026/09/17 07:16:32,23480000,230600,266400,62800,4292
2026/09/17 07:20:31,23480000,230600,266400,62800,4292
2026/09/17 07:24:31,23480000,230600,266400,62800,4294
2026/09/17 07:28:31,23480000,230600,266400,62800,4297
2026/09/17 07:32:31,23480000,230600,266400,62800,4295
2026/09/17 07:36:32,23480000,230600,266400,62800,4293
2026/09/17 07:40:31,23480000,230600,266400,62800,4295
2026/09/17 07:44:31,23480000,230600,266400,62800,4293
2026/09/17 07:48:31,23480000,230600,266400,62800,4293
2026/09/17 07:52:31,23480000,230600,266400,62800,4294
2026/09/17 07:56:31,23480000,230600,266400,62800,4293
2026/09/17 08:00:31,23480000,230600,266400,62800,4291
2026/09/17 08:04:31,23480000,230600,266400,62800,4291
2026/09/17 08:08:31,23480000,230600,266400,62800,4296
2026/09/17 08:12:31,23480000,230600,266400,62800,4294
2026/09/17 08:16:32,23480000,230600,266400,62800,4295
2026/09/17 08:20:32,23480000,230600,266400,62800,4297
2026/09/17 08:24:31,23480000,230600,266400,62800,4297
2026/09/17 08:28:31,23480000,230600,266400,62800,4298
2026/09/17 08:32:32,23480000,230600,266400,62800,4298
2026/09/17 08:36:32,23480000,230600,266400,62800,4297
2026/09/17 08:40:32,23480000,230600,266400,62800,4297
2026/09/17 08:44:31,23480000,230600,266400,62800,4295
2026/09/17 08:48:31,23480000,230600,266400,62800,4292
2026/09/17 08:52:32,23480000,230600,266400,62800,4287
2026/09/17 08:56:31,23480000,230600,266400,62800,4287
2026/09/17 09:00:32,23480000,230600,266400,62800,4287
2026/09/17 09:04:31,23450000,230600,266400,62800,4293
2026/09/17 09:08:31,23450000,230600,266400,62800,4293
2026/09/17 09:12:31,23230000,230600,266400,62800,4296
2026/09/17 09:16:31,23230000,230600,266400,62800,4298
2026/09/17 09:20:31,23230000,230600,266400,62800,4297
2026/09/17 09:24:31,23230000,230600,266400,62800,4301
2026/09/17 09:28:32,23230000,230600,266400,62800,4303
2026/09/17 09:32:31,23300000,230600,266400,62800,4306
2026/09/17 09:36:31,23300000,230600,266400,62800,4306
2026/09/17 09:40:32,23300000,230600,266400,62800,4309
2026/09/17 09:44:31,23300000,230600,266400,62800,4310
2026/09/17 09:48:31,23300000,230600,266400,62800,4305
2026/09/17 09:52:31,23300000,230600,266400,62800,4306
2026/09/17 09:56:31,23300000,230600,266400,62800,4307
2026/09/17 10:00:31,23300000,230600,266400,62800,4309
2026/09/17 10:04:32,23300000,230600,266400,62800,4312
2026/09/17 10:08:31,23300000,230600,266400,62800,4310
2026/09/17 10:12:31,23300000,230600,266400,62800,4306
2026/09/17 10:16:33,23300000,230600,266400,62800,4308
2026/09/17 10:20:31,23230000,230600,266400,62800,4311
2026/09/17 10:24:32,23230000,230600,266400,62800,4310
2026/09/17 10:28:31,23230000,230600,266400,62800,4310
2026/09/17 10:32:41,23230000,230600,266400,62800,4312
2026/09/17 10:36:40,23230000,230600,266400,62800,4313
2026/09/17 10:40:31,23230000,230600,266400,62800,4315
2026/09/17 10:44:32,23230000,230600,266400,62800,4319
2026/09/17 10:52:34,23200000,230600,266400,62800,4320
2026/09/17 10:56:37,23200000,230600,266400,62800,4325
2026/09/17 11:04:39,23200000,230600,265100,62800,4333
2026/09/17 11:08:31,23200000,228520,262660,62800,4331
2026/09/17 11:12:32,23200000,228420,262560,62800,4333
2026/09/17 11:16:36,23240000,228400,262520,62800,4331
2026/09/17 11:20:32,23240000,228500,262630,62800,4333
2026/09/17 11:24:42,23240000,228500,262700,62800,4330
2026/09/17 11:40:47,23240000,228800,262940,62400,4326
2026/09/17 11:45:09,23240000,228680,262850,62400,4320
2026/09/17 11:48:31,23240000,228700,262820,62400,4321
2026/09/17 11:52:31,23240000,228660,263010,62400,4316
2026/09/17 11:56:31,23240000,228670,262770,62400,4316
2026/09/17 12:00:31,23240000,228780,262860,62400,4315
2026/09/17 12:08:32,23210000,228700,262780,62400,4316
2026/09/17 12:12:36,23210000,228480,262560,62400,4316
2026/09/17 12:16:31,23210000,228500,262590,62400,4312
2026/09/17 12:20:41,23210000,228500,262560,62400,4312
2026/09/17 12:24:44,23210000,228315,262310,62400,4311
2026/09/17 12:28:36,23210000,228500,262590,62400,4313
2026/09/17 12:32:31,23210000,228500,262650,62400,4315
2026/09/17 12:36:31,23210000,228500,262590,62400,4314
2026/09/17 12:40:32,23210000,228815,263040,62400,4316
2026/09/17 12:44:31,23210000,228820,263040,62400,4318
2026/09/17 12:48:31,23210000,228800,263080,62400,4313
2026/09/17 12:52:31,23210000,228820,263070,62400,4311
2026/09/17 12:56:32,23210000,228705,262880,62400,4311
2026/09/17 13:00:31,23210000,228720,262890,62400,4306
2026/09/17 13:04:33,23210000,228705,262920,62400,4307
2026/09/17 13:12:55,23210000,228660,262890,62400,4310
2026/09/17 13:16:32,23210000,228700,262920,62400,4309
2026/09/17 13:20:32,23210000,228700,262920,62400,4308
2026/09/17 13:24:31,23210000,228900,263140,62400,4309
2026/09/17 13:28:31,23210000,228900,263150,62400,4307
2026/09/17 13:32:36,23210000,228900,263060,62400,4306
2026/09/17 13:36:31,23210000,228900,263080,62400,4307
2026/09/17 13:40:32,23210000,228800,262960,62400,4309
2026/09/17 13:44:32,23210000,228665,262850,62400,4312
2026/09/17 13:48:32,23210000,228670,262970,62400,4308
2026/09/17 13:52:31,23210000,228700,262960,62400,4308
2026/09/17 13:56:31,23210000,228710,262940,62400,4314
2026/09/17 14:00:31,23210000,228720,262970,62400,4315
2026/09/17 14:04:31,23210000,229255,263310,62400,4313
2026/09/17 14:08:32,23210000,228860,263300,62400,4317
2026/09/17 14:12:32,23210000,228905,263290,62400,4316
2026/09/17 14:16:31,23210000,229100,263510,62400,4316
2026/09/17 14:20:31,23210000,228900,263240,62400,4318
2026/09/17 14:24:32,23210000,228900,263260,62400,4321
2026/09/17 14:28:32,23210000,228700,263110,62400,4324
2026/09/17 14:32:31,23210000,228900,263060,62400,4327
2026/09/17 14:36:32,23210000,228875,263060,62400,4330
2026/09/17 14:40:31,23210000,228885,263080,62400,4331
2026/09/17 14:44:31,23210000,228915,263110,62400,4331
2026/09/17 14:48:32,23210000,228920,263010,62400,4331
2026/09/17 14:52:31,23210000,228900,263100,62400,4331
2026/09/17 14:56:32,23210000,228890,263020,62400,4328
2026/09/17 15:00:31,23210000,229105,263160,62400,4328
2026/09/17 15:04:31,23210000,229120,263160,62400,4325
2026/09/17 15:08:32,23210000,229115,263170,62400,4325
2026/09/17 15:12:31,23210000,229095,263110,62400,4324
2026/09/17 15:16:32,23210000,229060,263160,62400,4324
2026/09/17 15:20:31,23210000,229000,263040,62400,4331
2026/09/17 15:24:32,23210000,229010,263000,62400,4338
2026/09/17 15:28:31,23210000,228900,262870,62400,4343
2026/09/17 15:32:31,23210000,228870,262880,62400,4351
2026/09/17 15:36:31,23210000,228865,262990,62400,4347
2026/09/17 15:40:31,23210000,228910,262930,62400,4351
2026/09/17 15:44:33,23210000,228925,263070,62400,4354
2026/09/17 15:48:31,23210000,228890,263200,62400,4359
2026/09/17 15:52:32,23210000,228740,262990,62400,4366
2026/09/17 15:56:31,23210000,228690,263090,62400,4371
2026/09/17 16:00:31,23210000,228590,263080,62400,4379
2026/09/17 16:04:31,23210000,227990,262450,62400,4369
2026/09/17 16:08:31,23210000,227955,262430,62400,4365
2026/09/17 16:12:31,23210000,227995,262510,62400,4368
2026/09/17 16:16:32,23210000,227990,262500,62400,4360
2026/09/17 16:20:31,23210000,227955,262390,62400,4361
2026/09/17 16:24:31,23210000,228215,262360,62400,4373
2026/09/17 16:28:31,23210000,228240,262380,62400,4372
2026/09/17 16:32:31,23210000,228220,262430,62400,4370
2026/09/17 16:36:31,23210000,228240,262430,62400,4366
2026/09/17 16:40:31,23210000,228210,262460,62400,4366
2026/09/17 16:44:31,23210000,228220,262460,62400,4362
2026/09/17 16:48:31,23210000,228180,262470,62400,4369
2026/09/17 16:52:31,23210000,228235,262410,62400,4374
2026/09/17 16:56:34,23210000,228240,262400,62400,4368
2026/09/17 17:00:31,23210000,228230,262420,62400,4366
2026/09/17 17:04:31,23350000,228220,262390,62400,4368
2026/09/17 17:08:31,23350000,228220,262390,62400,4368
2026/09/17 17:12:31,23350000,228220,262390,62400,4359
2026/09/17 17:16:31,23350000,228220,262390,62400,4357
2026/09/17 17:20:31,23350000,228200,262390,62400,4366
2026/09/17 17:24:31,23350000,228200,262390,62400,4367
2026/09/17 17:28:31,23350000,228200,262390,62400,4366
2026/09/17 17:32:31,23350000,228200,262390,62400,4365
2026/09/17 17:36:31,23350000,228200,262390,62400,4368
2026/09/17 17:40:31,23350000,228200,262390,62400,4379
2026/09/17 17:44:32,23350000,228200,262390,62400,4371
2026/09/17 17:48:31,23350000,228200,262390,62400,4369
2026/09/17 17:52:31,23350000,228200,262390,62400,4365
2026/09/17 17:56:31,23350000,228200,262390,62400,4370
2026/09/17 18:00:31,23350000,228200,262390,62400,4368
2026/09/17 18:04:31,23350000,228200,262390,62400,4364
2026/09/17 18:08:32,23350000,228200,262390,62400,4365
2026/09/17 18:12:31,23350000,228200,262390,62400,4362
2026/09/17 18:16:32,23350000,228200,262390,62400,4360
2026/09/17 18:20:31,23350000,228200,262390,62400,4359
2026/09/17 18:24:31,23350000,228200,262390,62400,4359
2026/09/17 18:28:31,23350000,228200,262390,62400,4355
2026/09/17 18:32:32,23350000,228200,262390,62400,4352
2026/09/17 18:36:32,23350000,228200,262390,62400,4357
2026/09/17 18:40:31,23270000,227900,262390,62400,4356
2026/09/17 18:44:31,23270000,227900,262390,62400,4356
2026/09/17 18:48:32,23270000,227900,262390,62400,4362
2026/09/17 18:52:31,23270000,227800,262390,62400,4361
2026/09/17 18:56:31,23270000,227800,262390,62400,4361
2026/09/17 19:00:31,23270000,227800,262390,62400,4358
2026/09/17 19:04:32,23270000,227800,262390,62400,4356
2026/09/17 19:08:31,23270000,227800,262390,62400,4362
2026/09/17 19:12:31,23270000,227800,262390,62400,4364
2026/09/17 19:16:32,23270000,227800,262390,62400,4364
2026/09/17 19:20:32,23270000,227800,262390,62400,4365
2026/09/17 19:24:31,23270000,227800,262390,62400,4366
2026/09/17 19:32:31,23270000,227800,262390,62400,4372
2026/09/17 19:36:31,23270000,227800,262390,62400,4370
2026/09/17 19:40:31,23270000,227800,262390,62400,4369
2026/09/17 19:44:33,23270000,227800,262390,62400,4367
2026/09/17 19:48:31,23270000,227800,262390,62400,4367
2026/09/17 19:52:31,23270000,227800,262390,62400,4367
2026/09/17 19:56:32,23270000,227800,262390,62400,4366
2026/09/17 20:00:31,23270000,227800,262390,62400,4367
2026/09/17 20:04:31,23270000,227800,262390,62400,4360
2026/09/17 20:08:31,23270000,227800,262390,62400,4360
2026/09/17 20:12:31,23270000,227800,262390,62400,4359
2026/09/17 20:16:31,23270000,227800,262390,62400,4360
2026/09/17 20:20:32,23270000,227800,262390,62400,4358
2026/09/17 20:24:31,23270000,227800,262390,62400,4359
2026/09/17 20:28:42,23270000,227800,262390,62400,4359
2026/09/17 20:32:31,23270000,227800,262390,62400,4362
2026/09/17 20:36:31,23270000,227800,262390,62400,4362
2026/09/17 20:40:31,23270000,227800,262390,62400,4364
2026/09/17 20:44:31,23270000,227800,262390,62400,4362
2026/09/17 20:48:31,23270000,227800,262390,62400,4360
2026/09/17 20:52:32,23270000,227800,262390,62400,4361
2026/09/17 20:56:32,23270000,227800,262390,62400,4361
2026/09/17 21:00:31,23330000,227800,262390,62400,4359
2026/09/17 21:04:31,23330000,227800,262390,62400,4362
2026/09/17 21:08:31,23330000,227800,262390,62400,4362
2026/09/17 21:12:31,23330000,227800,262390,62400,4360
2026/09/17 21:16:32,23330000,227800,262390,62400,4360
2026/09/17 21:20:31,23330000,227800,262390,62400,4359
2026/09/17 21:24:31,23330000,227800,262390,62400,4360
2026/09/17 21:28:37,23330000,227800,262390,62400,4361
2026/09/17 21:32:31,23330000,227800,262390,62400,4360
2026/09/17 21:36:31,23330000,227800,262390,62400,4362
2026/09/17 21:40:31,23330000,227800,262390,62400,4362
2026/09/17 21:44:31,23330000,227800,262390,62400,4364
2026/09/17 21:48:32,23330000,227800,262390,62400,4364
2026/09/17 21:52:31,23330000,227800,262390,62400,4359
2026/09/17 21:56:37,23330000,227800,262390,62400,4359
2026/09/17 22:00:31,23330000,227800,262390,62400,4356
2026/09/17 22:04:31,23330000,227800,262390,62400,4353
2026/09/17 22:08:31,23330000,227800,262390,62400,4350
2026/09/17 22:12:31,23330000,227800,262390,62400,4352
2026/09/17 22:16:31,23330000,227800,262390,62400,4352
2026/09/17 22:20:32,23330000,227800,262390,62400,4352
2026/09/17 22:24:32,23330000,227800,262390,62400,4349
2026/09/17 22:28:31,23330000,227800,262390,62400,4351
2026/09/17 22:32:32,23330000,227800,262390,62400,4353
2026/09/17 22:36:31,23330000,227800,262390,62400,4354
2026/09/17 22:40:31,23330000,227800,262390,62400,4354
2026/09/17 22:44:32,23330000,227800,262390,62400,4355
2026/09/17 22:48:32,23330000,227800,262390,62400,4349
2026/09/17 22:52:31,23330000,227800,262390,62400,4349
2026/09/17 22:56:31,23330000,227800,262390,62400,4349
2026/09/17 23:00:31,23330000,227800,262390,62400,4344
2026/09/17 23:04:31,23330000,227800,262390,62400,4344
2026/09/17 23:08:32,23330000,227800,262390,62400,4343
2026/09/17 23:12:32,23330000,227800,262390,62400,4345
2026/09/17 23:16:57,23330000,227800,262390,62400,4346
2026/09/17 23:20:33,23330000,227800,262390,62400,4344
2026/09/17 23:24:31,23330000,227800,262390,62400,4347
2026/09/17 23:28:32,23330000,227800,262390,62400,4347
2026/09/17 23:32:31,23330000,227800,262390,62400,4346
2026/09/17 23:36:31,23330000,227800,262390,62400,4343
2026/09/17 23:40:31,23330000,227800,262390,62400,4345
2026/09/17 23:44:31,23330000,227800,262390,62400,4342
2026/09/17 23:48:31,23330000,227800,262390,62400,4343
2026/09/17 23:52:32,23330000,227800,262390,62400,4343
2026/09/17 23:56:31,23330000,227800,262390,62400,4344
2026/09/18 00:00:31,23330000,227800,262390,62400,4343
2026/09/18 00:04:35,23330000,227800,262390,62400,4342
2026/09/18 00:08:31,23330000,227800,262390,62400,4341
2026/09/18 00:12:31,23330000,227800,262390,62400,4342
2026/09/18 00:16:31,23330000,227800,262390,62400,4341
2026/09/18 00:20:31,23330000,227800,262390,62400,4342
2026/09/18 00:25:25,23330000,227800,262390,62400,4341
2026/09/18 00:28:31,23330000,227800,262390,62400,4341
2026/09/18 00:32:31,23330000,227800,262390,62400,4341
2026/09/18 00:36:32,23330000,227800,262390,62400,4341
2026/09/18 00:40:32,23330000,227800,262390,62400,4341
2026/09/18 00:44:31,23330000,227800,262390,62400,4341
2026/09/18 00:48:37,23330000,227800,262390,62400,4341
2026/09/18 00:52:32,23330000,227800,262390,62400,4341
2026/09/18 00:56:31,23330000,227800,262390,62400,4341
2026/09/18 01:00:32,23330000,227800,262390,62400,4341
2026/09/18 01:04:31,23330000,227800,262390,62400,4341
2026/09/18 01:08:31,23330000,227800,262390,62400,4341
2026/09/18 01:12:31,23330000,227800,262390,62400,4341
2026/09/18 01:16:31,23330000,227800,262390,62400,4341
2026/09/18 01:20:32,23330000,227800,262390,62400,4341
2026/09/18 01:24:31,23330000,227800,262390,62400,4341
2026/09/18 01:28:32,23330000,227800,262390,62400,4341
2026/09/18 01:32:31,23330000,227800,262390,62400,4341
2026/09/18 01:36:31,23330000,227800,262390,62400,4342
2026/09/18 01:40:32,23330000,227800,262390,62400,4342
2026/09/18 01:44:31,23330000,227800,262390,62400,4344
2026/09/18 01:48:33,23330000,227800,262390,62400,4344
2026/09/18 01:52:31,23330000,227800,262390,62400,4343
2026/09/18 01:56:31,23330000,227800,262390,62400,4343
2026/09/18 02:00:31,23330000,227800,262390,62400,4345
2026/09/18 02:04:36,23330000,227800,262390,62400,4348
2026/09/18 02:08:33,23330000,227800,262390,62400,4349
2026/09/18 02:12:31,23330000,227800,262390,62400,4347
2026/09/18 02:16:31,23330000,227800,262390,62400,4345
2026/09/18 02:20:31,23330000,227800,262390,62400,4341
2026/09/18 02:24:31,23330000,227800,262390,62400,4344
2026/09/18 02:28:31,23330000,227800,262390,62400,4343
2026/09/18 02:32:31,23330000,227800,262390,62400,4342
2026/09/18 02:36:32,23330000,227800,262390,62400,4343
2026/09/18 02:40:31,23330000,227800,262390,62400,4344
2026/09/18 02:44:31,23330000,227800,262390,62400,4345
2026/09/18 02:48:31,23330000,227800,262390,62400,4343
2026/09/18 02:52:32,23330000,227800,262390,62400,4345
2026/09/18 02:56:31,23330000,227800,262390,62400,4346
2026/09/18 03:00:32,23330000,227800,262390,62400,4344
2026/09/18 03:07:10,23330000,227800,262390,62400,4344
2026/09/18 03:08:32,23330000,227800,262390,62400,4343
2026/09/18 03:12:31,23330000,227800,262390,62400,4344
2026/09/18 03:16:31,23330000,227800,262390,62400,4344
2026/09/18 03:20:32,23330000,227800,262390,62400,4345
2026/09/18 03:24:31,23330000,227800,262390,62400,4345
2026/09/18 03:28:31,23330000,227800,262390,62400,4347
2026/09/18 03:32:31,23330000,227800,262390,62400,4343
2026/09/18 03:36:31,23330000,227800,262390,62400,4345
2026/09/18 03:40:31,23330000,227800,262390,62400,4346
2026/09/18 03:44:31,23330000,227800,262390,62400,4354
2026/09/18 03:48:31,23330000,227800,262390,62400,4353
2026/09/18 03:52:31,23330000,227800,262390,62400,4352
2026/09/18 03:56:32,23330000,227800,262390,62400,4353
2026/09/18 04:00:31,23330000,227800,262390,62400,4351
2026/09/18 04:04:31,23330000,227800,262390,62400,4359
2026/09/18 04:08:31,23330000,227800,262390,62400,4359
2026/09/18 04:12:32,23330000,227800,262390,62400,4357
2026/09/18 04:16:31,23330000,227800,262390,62400,4358
2026/09/18 04:20:31,23330000,227800,262390,62400,4354
2026/09/18 04:24:31,23330000,227800,262390,62400,4354
2026/09/18 04:28:32,23330000,227800,262390,62400,4356
2026/09/18 04:32:31,23330000,227800,262390,62400,4361
2026/09/18 04:36:32,23330000,227800,262390,62400,4363
2026/09/18 04:40:31,23330000,227800,262390,62400,4362
2026/09/18 04:44:31,23330000,227800,262390,62400,4360
2026/09/18 04:48:31,23330000,227800,262390,62400,4356
2026/09/18 04:52:31,23330000,227800,262390,62400,4364
2026/09/18 04:56:31,23330000,227800,262390,62400,4362
2026/09/18 05:00:31,23330000,227800,262390,62400,4359
2026/09/18 05:04:32,23330000,227800,262390,62400,4352
2026/09/18 05:08:32,23330000,227800,262390,62400,4353
2026/09/18 05:12:31,23330000,227800,262390,62400,4349
2026/09/18 05:16:31,23330000,227800,262390,62400,4347
2026/09/18 05:20:31,23330000,227800,262390,62400,4348
2026/09/18 05:24:31,23330000,227800,262390,62400,4348
2026/09/18 05:28:31,23330000,227800,262390,62400,4349
2026/09/18 05:32:31,23330000,227800,262390,62400,4347
2026/09/18 05:36:31,23330000,227800,262390,62400,4349
2026/09/18 05:40:31,23330000,227800,262390,62400,4350
2026/09/18 05:44:31,23330000,227800,262390,62400,4349
2026/09/18 05:48:32,23330000,227800,262390,62400,4352
2026/09/18 05:52:31,23330000,227800,262390,62400,4349
2026/09/18 05:56:31,23330000,227800,262390,62400,4352
2026/09/18 06:00:31,23330000,227800,262390,62400,4353
2026/09/18 06:04:31,23330000,227800,262390,62400,4356
2026/09/18 06:08:31,23330000,227800,262390,62400,4353
2026/09/18 06:12:32,23330000,227800,262390,62400,4353
2026/09/18 06:16:31,23330000,227800,262390,62400,4351
2026/09/18 06:20:32,23330000,227800,262390,62400,4355
2026/09/18 06:24:32,23330000,227800,262390,62400,4353
2026/09/18 06:28:32,23330000,227800,262390,62400,4347
2026/09/18 06:32:31,23330000,227800,262390,62400,4346
2026/09/18 06:36:31,23330000,227800,262390,62400,4349
2026/09/18 06:40:32,23330000,227800,262390,62400,4347
2026/09/18 06:44:31,23330000,227800,262390,62400,4348
2026/09/18 06:48:31,23330000,227800,262390,62400,4341
2026/09/18 06:52:31,23330000,227800,262390,62400,4339
2026/09/18 06:56:31,23330000,227800,262390,62400,4335
2026/09/18 07:00:37,23330000,227800,262390,62400,4340
2026/09/18 07:04:31,23330000,227800,262390,62400,4345
2026/09/18 07:08:31,23330000,227800,262390,62400,4352
2026/09/18 07:12:31,23330000,227800,262390,62400,4353
2026/09/18 07:16:31,23330000,227800,262390,62400,4358
2026/09/18 07:20:31,23330000,227800,262390,62400,4359
2026/09/18 07:24:31,23330000,227800,262390,62400,4357
2026/09/18 07:28:31,23330000,227800,262390,62400,4359
2026/09/18 07:32:31,23330000,227800,262390,62400,4358
2026/09/18 07:36:31,23330000,227800,262390,62400,4360
2026/09/18 07:40:31,23330000,227800,262390,62400,4359
2026/09/18 07:44:31,23330000,227800,262390,62400,4360
2026/09/18 07:48:31,23330000,227800,262390,62400,4355
2026/09/18 07:52:31,23330000,227800,262390,62400,4353
2026/09/18 07:56:31,23330000,227800,262390,62400,4355
2026/09/18 08:00:31,23330000,227800,262390,62400,4357
2026/09/18 08:04:31,23330000,227800,262390,62400,4360
2026/09/18 08:08:32,23330000,227800,262390,62400,4359
2026/09/18 08:12:31,23330000,227800,262390,62400,4360
2026/09/18 08:16:31,23330000,227800,262390,62400,4365
2026/09/18 08:20:31,23330000,227800,262390,62400,4365
2026/09/18 08:24:32,23330000,227800,262390,62400,4362
2026/09/18 08:28:32,23330000,227800,262390,62400,4366
2026/09/18 08:32:31,23330000,227800,262390,62400,4366
2026/09/18 08:36:31,23330000,227800,262390,62400,4366
2026/09/18 08:40:32,23330000,227800,262390,62400,4367
2026/09/18 08:44:31,23330000,227800,262390,62400,4366
2026/09/18 08:48:31,23330000,227800,262390,62400,4367
2026/09/18 08:52:31,23330000,227800,262390,62400,4368
2026/09/18 08:56:31,23330000,227800,262390,62400,4367
2026/09/18 09:00:32,23330000,227800,262390,62400,4365
2026/09/18 09:04:31,23330000,227800,262390,62400,4364
2026/09/18 09:08:31,23330000,227800,262390,62400,4368
2026/09/18 09:12:36,23330000,227800,262390,62400,4372
2026/09/18 09:16:31,23330000,227800,262390,62400,4377
2026/09/18 09:20:31,23330000,227800,262390,62400,4372
2026/09/18 09:24:31,23330000,227800,262390,62400,4372
2026/09/18 09:28:31,23330000,227800,262390,62400,4372
2026/09/18 09:32:31,23330000,227800,262390,62400,4386
2026/09/18 09:36:31,23330000,227800,262390,62400,4381
2026/09/18 09:40:31,23330000,227800,262390,62400,4388
2026/09/18 09:44:31,23330000,227800,262390,62400,4390
2026/09/18 09:48:31,23330000,227800,262390,62400,4383
2026/09/18 09:52:31,23330000,227800,262390,62400,4385
2026/09/18 09:56:31,23330000,227800,262390,62400,4391
2026/09/18 10:00:31,23330000,227800,262390,62400,4393
2026/09/18 10:04:31,23330000,227800,262390,62400,4392
2026/09/18 10:08:31,23330000,227800,262390,62400,4392
2026/09/18 10:12:31,23330000,227800,262390,62400,4396
2026/09/18 10:16:32,23330000,227800,262390,62400,4396
2026/09/18 10:20:31,23330000,227800,262390,62400,4395
2026/09/18 10:24:31,23330000,227800,262390,62400,4391
2026/09/18 10:28:31,23330000,227800,262390,62400,4393
2026/09/18 10:32:33,23330000,227800,262390,62400,4392
2026/09/18 10:36:31,23330000,227800,262390,62400,4393
2026/09/18 10:40:31,23330000,227800,262390,62400,4393
2026/09/18 10:44:31,23330000,227800,262390,62400,4390
2026/09/18 10:48:36,23330000,227800,262390,62400,4392
2026/09/18 10:52:31,23330000,227800,262390,62400,4394
2026/09/18 10:56:31,23330000,227800,262390,62400,4392
2026/09/18 11:00:31,23330000,227800,262390,62400,4395
2026/09/18 11:04:31,23330000,227800,262390,62400,4392
2026/09/18 11:08:31,23330000,227800,262390,62400,4395
2026/09/18 11:12:32,23330000,227800,262390,62400,4391
2026/09/18 11:16:31,23330000,227800,262390,62400,4394
2026/09/18 11:20:31,23330000,227800,262390,62400,4396
2026/09/18 11:24:31,23330000,227800,262390,62400,4395
2026/09/18 11:28:31,23330000,227800,262390,62400,4392
2026/09/18 11:32:31,23330000,227800,262390,62400,4395
2026/09/18 11:36:31,23330000,227800,262390,62400,4398
2026/09/18 11:40:31,23330000,227800,262390,62400,4394
2026/09/18 11:44:32,23330000,227800,262390,62400,4393
2026/09/18 11:48:32,23330000,227800,262390,62400,4392
2026/09/18 11:52:31,23330000,227800,262390,62400,4393
2026/09/18 11:56:32,23330000,227800,262390,62400,4389
2026/09/18 12:00:36,23330000,227800,262390,62400,4388
2026/09/18 12:04:31,23330000,227800,262390,62400,4388
2026/09/18 12:08:32,23330000,227800,262390,62400,4388
2026/09/18 12:12:36,23330000,227800,262390,62400,4386
2026/09/18 12:16:31,23330000,227800,262390,62400,4387
2026/09/18 12:20:31,23330000,227800,262390,62400,4387
2026/09/18 12:24:37,23330000,227800,262390,62400,4390
2026/09/18 12:28:31,23330000,227800,262390,62400,4393
2026/09/18 12:32:31,23330000,227800,262390,62400,4392
2026/09/18 12:36:31,23330000,227800,262390,62400,4394
2026/09/18 12:40:31,23330000,227800,262390,62400,4395
2026/09/18 12:44:31,23330000,227800,262390,62400,4396
2026/09/18 12:48:31,23330000,227800,262390,62400,4394
2026/09/18 12:52:32,23330000,227800,262390,62400,4394
2026/09/18 12:56:37,23330000,227800,262390,62400,4390
2026/09/18 13:00:31,23330000,227800,262390,62400,4387
2026/09/18 13:04:36,23330000,227800,262390,62400,4387
2026/09/18 13:08:33,23330000,227800,262390,62400,4385
2026/09/18 13:12:31,23330000,227800,262390,62400,4380
2026/09/18 13:16:31,23330000,227800,262390,62400,4376
2026/09/18 13:20:31,23330000,227800,262390,62400,4374
2026/09/18 13:24:31,23330000,227800,262390,62400,4376
2026/09/18 13:28:31,23330000,227800,262390,62400,4376
2026/09/18 13:32:31,23330000,227800,262390,62400,4378
2026/09/18 13:36:31,23330000,227800,262390,62400,4376
2026/09/18 13:40:32,23330000,227800,262390,62400,4379
2026/09/18 13:44:32,23330000,227800,262390,62400,4378
2026/09/18 13:48:32,23330000,227800,262390,62400,4378
2026/09/18 13:52:32,23330000,227800,262390,62400,4378
2026/09/18 13:56:31,23330000,227800,262390,62400,4379
2026/09/18 14:00:31,23330000,227800,262390,62400,4380
2026/09/18 14:04:31,23330000,227800,262390,62400,4381
2026/09/18 14:08:32,23330000,227800,262390,62400,4381
2026/09/18 14:12:36,23330000,227800,262390,62400,4379
2026/09/18 14:16:31,23330000,227800,262390,62400,4381
2026/09/18 14:20:31,23330000,227800,262390,62400,4377
2026/09/18 14:24:31,23330000,227800,262390,62400,4377
2026/09/18 14:28:32,23330000,227800,262390,62400,4379
2026/09/18 14:32:32,23330000,227800,262390,62400,4383
2026/09/18 14:36:31,23330000,227800,262390,62400,4386
2026/09/18 14:40:31,23330000,227800,262390,62400,4383
2026/09/18 14:44:32,23330000,227800,262390,62400,4387
2026/09/18 14:48:31,23330000,227800,262390,62400,4383
2026/09/18 14:52:31,23330000,227800,262390,62400,4382
2026/09/18 14:56:31,23330000,227800,262390,62400,4382
2026/09/18 15:00:32,23330000,227800,262390,62400,4379
2026/09/18 15:04:31,23330000,227800,262390,62400,4380
2026/09/18 15:08:31,23330000,227800,262390,62400,4381
2026/09/18 15:12:31,23330000,227800,262390,62400,4379
2026/09/18 15:16:32,23330000,227800,262390,62400,4376
2026/09/18 15:20:31,23330000,227800,262390,62400,4376
2026/09/18 15:24:32,23330000,227800,262390,62400,4375
2026/09/18 15:28:31,23330000,227800,262390,62400,4374
2026/09/18 15:32:37,23330000,227800,262390,62400,4381
2026/09/18 15:36:31,23330000,227800,262390,62400,4376
2026/09/18 15:40:32,23330000,227800,262390,62400,4375
2026/09/18 15:44:31,23330000,227800,262390,62400,4373
2026/09/18 15:48:32,23330000,227800,262390,62400,4373
2026/09/18 15:52:31,23330000,227800,262390,62400,4367
2026/09/18 15:56:31,23330000,227800,262390,62400,4357
2026/09/18 16:00:31,23330000,227800,262390,62400,4357
2026/09/18 16:04:32,23330000,227800,262390,62400,4365
2026/09/18 16:08:31,23330000,227800,262390,62400,4370
2026/09/18 16:12:35,23330000,227800,262390,62400,4370
2026/09/18 16:16:31,23330000,227800,262390,62400,4369
2026/09/18 16:20:33,23330000,227800,262390,62400,4368
2026/09/18 16:24:31,23330000,227800,262390,62400,4368
2026/09/18 16:28:31,23330000,227800,262390,62400,4367
2026/09/18 16:32:31,23330000,227800,262390,62400,4373
2026/09/18 16:36:31,23330000,227800,262390,62400,4371
2026/09/18 16:40:31,23330000,227800,262390,62400,4374
2026/09/18 16:44:32,23330000,227800,262390,62400,4372
2026/09/18 16:48:31,23330000,227800,262390,62400,4373
2026/09/18 16:52:31,23330000,227800,262390,62400,4369
2026/09/18 16:56:31,23330000,227800,262390,62400,4363
2026/09/18 17:00:35,23330000,227800,262390,62400,4366
2026/09/18 17:04:32,23330000,227800,262390,62400,4361
2026/09/18 17:08:31,23330000,227800,262390,62400,4355
2026/09/18 17:12:31,23330000,227800,262390,62400,4353
2026/09/18 17:16:32,23330000,227800,262390,62400,4355
2026/09/18 17:20:32,23330000,227800,262390,62400,4354
2026/09/18 17:24:31,23330000,227800,262390,62400,4353
2026/09/18 17:28:31,23330000,227800,262390,62400,4349
2026/09/18 17:32:31,23330000,227800,262390,62400,4348
2026/09/18 17:36:32,23330000,227800,262390,62400,4354
2026/09/18 17:40:31,23330000,227800,262390,62400,4352
2026/09/18 17:44:31,23330000,227800,262390,62400,4356
2026/09/18 17:48:32,23330000,227800,262390,62400,4354
2026/09/18 17:52:31,23330000,227800,262390,62400,4344
2026/09/18 17:56:31,23330000,227800,262390,62400,4353
2026/09/18 18:00:32,23330000,227800,262390,62400,4344
2026/09/18 18:04:31,23330000,227800,262390,62400,4345
2026/09/18 18:08:31,23330000,227800,262390,62400,4346
2026/09/18 18:12:31,23330000,227800,262390,62400,4352
2026/09/18 18:16:34,23330000,227800,262390,62400,4351
2026/09/18 18:20:31,23330000,227800,262390,62400,4355
2026/09/18 18:24:31,23330000,227800,262390,62400,4360
2026/09/18 18:28:33,23330000,227800,262390,62400,4357
2026/09/18 18:32:32,23330000,227800,262390,62400,4353
2026/09/18 18:36:31,23330000,227800,262390,62400,4354
2026/09/18 18:40:32,23330000,227800,262390,62400,4352
2026/09/18 18:44:38,23330000,227800,262390,62400,4350
2026/09/18 18:48:32,23330000,227800,262390,62400,4353
2026/09/18 18:52:31,23330000,227800,262390,62400,4352
2026/09/18 18:56:31,23330000,227800,262390,62400,4354
2026/09/18 19:00:31,23330000,227800,262390,62400,4356
2026/09/18 19:04:34,23330000,227800,262390,62400,4355
2026/09/18 19:08:32,23330000,227800,262390,62400,4356
2026/09/18 19:12:36,23330000,227800,262390,62400,4349
2026/09/18 19:16:31,23330000,227800,262390,62400,4354
2026/09/18 19:20:31,23330000,227800,262390,62400,4356
2026/09/18 19:24:31,23330000,227800,262390,62400,4355
2026/09/18 19:28:32,23330000,227800,262390,62400,4356
2026/09/18 19:32:31,23330000,227800,262390,62400,4355
2026/09/18 19:36:31,23330000,227800,262390,62400,4358
2026/09/18 19:40:33,23330000,227800,262390,62400,4358
2026/09/18 19:44:31,23330000,227800,262390,62400,4364
2026/09/18 19:48:31,23330000,227800,262390,62400,4363
2026/09/18 19:52:31,23330000,227800,262390,62400,4367
2026/09/18 19:56:32,23330000,227800,262390,62400,4369
2026/09/18 20:00:32,23330000,227800,262390,62400,4375
2026/09/18 20:04:31,23330000,227800,262390,62400,4381
2026/09/18 20:08:31,23330000,227800,262390,62400,4378
2026/09/18 20:12:31,23330000,227800,262390,62400,4380
2026/09/18 20:16:31,23330000,227800,262390,62400,4378
2026/09/18 20:20:34,23330000,227800,262390,62400,4378
2026/09/18 20:24:31,23330000,227800,262390,62400,4380
2026/09/18 20:28:31,23330000,227800,262390,62400,4382
2026/09/18 20:32:31,23330000,227800,262390,62400,4384
2026/09/18 20:36:31,23330000,227800,262390,62400,4385
2026/09/18 20:40:34,23330000,227800,262390,62400,4386
2026/09/18 20:44:31,23330000,227800,262390,62400,4383
2026/09/18 20:48:31,23330000,227800,262390,62400,4387
2026/09/18 20:52:31,23330000,227800,262390,62400,4385
2026/09/18 20:56:31,23330000,227800,262390,62400,4384
2026/09/18 21:00:31,23330000,227800,262390,62400,4385
2026/09/18 21:04:31,23330000,227800,262390,62400,4388
2026/09/18 21:08:32,23330000,227800,262390,62400,4395
2026/09/18 21:12:36,23330000,227800,262390,62400,4393
2026/09/18 21:16:32,23330000,227800,262390,62400,4393
2026/09/18 21:20:38,23330000,227800,262390,62400,4395
2026/09/18 21:24:37,23330000,227800,262390,62400,4393
2026/09/18 21:28:31,23330000,227800,262390,62400,4394
2026/09/18 21:32:31,23330000,227800,262390,62400,4392
2026/09/18 21:36:31,23330000,227800,262390,62400,4392
2026/09/18 21:40:31,23330000,227800,262390,62400,4389
2026/09/18 21:44:31,23330000,227800,262390,62400,4391
2026/09/18 21:48:31,23330000,227800,262390,62400,4390
2026/09/18 21:52:35,23330000,227800,262390,62400,4390
2026/09/18 21:56:31,23330000,227800,262390,62400,4390
2026/09/18 22:00:31,23330000,227800,262390,62400,4390
2026/09/18 22:04:32,23330000,227800,262390,62400,4388
2026/09/18 22:08:32,23330000,227800,262390,62400,4388
2026/09/18 22:12:31,23330000,227800,262390,62400,4384
2026/09/18 22:16:32,23330000,227800,262390,62400,4381
2026/09/18 22:20:32,23330000,227800,262390,62400,4383
2026/09/18 22:24:31,23330000,227800,262390,62400,4381
2026/09/18 22:28:31,23330000,227800,262390,62400,4381
2026/09/18 22:32:31,23330000,227800,262390,62400,4380
2026/09/18 22:36:31,23330000,227800,262390,62400,4383
2026/09/18 22:40:33,23330000,227800,262390,62400,4384
2026/09/18 22:44:31,23330000,227800,262390,62400,4384
2026/09/18 22:48:31,23330000,227800,262390,62400,4384
2026/09/18 22:52:31,23330000,227800,262390,62400,4382
2026/09/18 22:56:31,23330000,227800,262390,62400,4381
2026/09/18 23:00:32,23330000,227800,262390,62400,4380
2026/09/18 23:04:31,23330000,227800,262390,62400,4381
2026/09/18 23:08:31,23330000,227800,262390,62400,4380
2026/09/18 23:12:31,23330000,227800,262390,62400,4381
2026/09/18 23:16:31,23330000,227800,262390,62400,4381
2026/09/18 23:20:31,23330000,227800,262390,62400,4381
2026/09/18 23:24:31,23330000,227800,262390,62400,4378
2026/09/18 23:28:33,23330000,227800,262390,62400,4375
2026/09/18 23:32:32,23330000,227800,262390,62400,4378
2026/09/18 23:36:31,23330000,227800,262390,62400,4376
2026/09/18 23:40:31,23330000,227800,262390,62400,4379
2026/09/18 23:44:36,23330000,227800,262390,62400,4382
2026/09/18 23:48:32,23330000,227800,262390,62400,4381
2026/09/18 23:52:31,23330000,227800,262390,62400,4381
2026/09/18 23:56:31,23330000,227800,262390,62400,4382
2026/09/19 00:00:31,23330000,227800,262390,62400,4381
2026/09/19 00:04:31,23330000,227800,262390,62400,4382
2026/09/19 00:08:32,23330000,227800,262390,62400,4380
2026/09/19 00:12:31,23330000,227800,262390,62400,4380
2026/09/19 00:16:31,23330000,227800,262390,62400,4380
2026/09/19 00:20:35,23330000,227800,262390,62400,4378
2026/09/19 00:24:31,23330000,227800,262390,62400,4378
2026/09/19 00:28:32,23330000,227800,262390,62400,4378
2026/09/19 00:32:31,23330000,227800,262390,62400,4378
2026/09/19 00:36:32,23330000,227800,262390,62400,4378
2026/09/19 00:40:31,23330000,227800,262390,62400,4378
2026/09/19 00:44:32,23330000,227800,262390,62400,4378
2026/09/19 00:48:31,23330000,227800,262390,62400,4378
2026/09/19 00:52:31,23330000,227800,262390,62400,4378
2026/09/19 00:56:31,23330000,227800,262390,62400,4378
2026/09/19 01:00:31,23330000,227800,262390,62400,4378
2026/09/19 01:04:37,23330000,227800,262390,62400,4378
2026/09/19 01:08:31,23330000,227800,262390,62400,4378
2026/09/19 01:12:31,23330000,227800,262390,62400,4378
2026/09/19 01:16:31,23330000,227800,262390,62400,4378
2026/09/19 01:20:31,23330000,227800,262390,62400,4378
2026/09/19 01:24:31,23330000,227800,262390,62400,4378
2026/09/19 01:28:32,23330000,227800,262390,62400,4378
2026/09/19 04:52:31,23330000,227800,262390,62400,4378
2026/09/19 04:56:32,23330000,227800,262390,62400,4378
2026/09/19 05:00:31,23330000,227800,262390,62400,4378
2026/09/19 05:04:31,23330000,227800,262390,62400,4378
2026/09/19 05:08:31,23330000,227800,262390,62400,4378
2026/09/19 05:12:31,23330000,227800,262390,62400,4378
2026/09/19 05:16:31,23330000,227800,262390,62400,4378
2026/09/19 05:20:32,23330000,227800,262390,62400,4378
2026/09/19 05:24:31,23330000,227800,262390,62400,4378
2026/09/19 05:28:31,23330000,227800,262390,62400,4378
2026/09/19 05:32:32,23330000,227800,262390,62400,4378
2026/09/19 05:36:32,23330000,227800,262390,62400,4378
2026/09/19 05:40:32,23330000,227800,262390,62400,4378
2026/09/19 05:44:35,23330000,227800,262390,62400,4378
2026/09/19 05:48:32,23330000,227800,262390,62400,4378
2026/09/19 05:52:31,23330000,227800,262390,62400,4378
2026/09/19 05:56:32,23330000,227800,262390,62400,4378
2026/09/19 06:00:31,23330000,227800,262390,62400,4378
2026/09/19 06:04:31,23330000,227800,262390,62400,4378
2026/09/19 06:08:31,23330000,227800,262390,62400,4378
2026/09/19 06:12:32,23330000,227800,262390,62400,4378
2026/09/19 06:16:31,23330000,227800,262390,62400,4378
2026/09/19 06:20:31,23330000,227800,262390,62400,4378
2026/09/19 06:24:32,23330000,227800,262390,62400,4378
2026/09/19 06:28:32,23330000,227800,262390,62400,4378
2026/09/19 06:32:32,23330000,227800,262390,62400,4378
2026/09/19 06:36:34,23330000,227800,262390,62400,4378
2026/09/19 06:40:31,23330000,227800,262390,62400,4378
2026/09/19 06:44:32,23330000,227800,262390,62400,4378
2026/09/19 06:48:31,23330000,227800,262390,62400,4378
2026/09/19 06:52:33,23330000,227800,262390,62400,4378
2026/09/19 06:56:36,23330000,227800,262390,62400,4378
2026/09/19 07:00:31,23330000,227800,262390,62400,4378
2026/09/19 07:04:35,23330000,227800,262390,62400,4378
2026/09/19 07:08:31,23330000,227800,262390,62400,4378
2026/09/19 07:12:32,23330000,227800,262390,62400,4378
2026/09/19 07:16:37,23330000,227800,262390,62400,4378
2026/09/19 07:20:31,23330000,227800,262390,62400,4378
2026/09/19 07:24:36,23330000,227800,262390,62400,4378
2026/09/19 07:28:31,23330000,227800,262390,62400,4378
2026/09/19 07:32:31,23330000,227800,262390,62400,4378
2026/09/19 07:36:31,23330000,227800,262390,62400,4378
2026/09/19 07:40:31,23330000,227800,262390,62400,4378
2026/09/19 07:44:31,23330000,227800,262390,62400,4378
2026/09/19 07:48:31,23330000,227800,262390,62400,4378
2026/09/19 07:52:31,23330000,227800,262390,62400,4378
2026/09/19 07:56:35,23330000,227800,262390,62400,4378
2026/09/19 08:00:32,23330000,227800,262390,62400,4378
2026/09/19 08:04:31,23330000,227800,262390,62400,4378
2026/09/19 08:08:55,23330000,227800,262390,62400,4378
2026/09/19 08:12:41,23330000,227800,262390,62400,4378
2026/09/19 08:16:33,23330000,227800,262390,62400,4378
2026/09/19 08:24:36,23330000,227800,262390,62400,4378
2026/09/19 08:32:36,23330000,227800,262390,62400,4378
2026/09/19 08:36:31,23330000,227800,262390,62400,4378
2026/09/19 08:40:31,23330000,227800,262390,62400,4378
2026/09/19 08:44:36,23330000,227800,262390,62400,4378
2026/09/19 08:48:37,23330000,227800,262390,62400,4378
2026/09/19 08:56:35,23330000,227800,262390,62400,4378
2026/09/19 09:00:31,23330000,227800,262390,62400,4378
2026/09/19 09:08:36,23380000,227800,262390,62400,4378
2026/09/19 09:12:31,23380000,227800,262390,62400,4378
2026/09/19 09:20:37,23470000,227800,262390,62400,4378
2026/09/19 09:44:37,23390000,227800,262390,62400,4378
2026/09/19 09:48:35,23390000,227800,262390,62400,4378
2026/09/19 09:52:40,23390000,227800,262390,62400,4378
2026/09/19 09:56:37,23390000,227800,262390,62400,4378
2026/09/19 10:00:31,23420000,227800,262390,62400,4378
2026/09/19 10:04:37,23420000,227800,262390,62400,4378
2026/09/19 10:08:31,23420000,227800,262390,62400,4378
2026/09/19 10:12:32,23420000,227800,262390,62400,4378
2026/09/19 10:16:31,23420000,227800,262390,62400,4378
2026/09/19 10:20:33,23420000,227800,262390,62400,4378
2026/09/19 10:24:33,23420000,227800,262390,62400,4378
2026/09/19 10:28:31,23480000,227800,262390,62400,4378
2026/09/19 10:32:31,23550000,227800,262390,62400,4378
2026/09/19 10:36:36,23550000,227800,262390,62400,4378
2026/09/19 10:40:31,23550000,227800,262390,62400,4378
2026/09/19 10:44:31,23620000,227800,262390,62400,4378
2026/09/19 10:48:36,23620000,227800,262390,62400,4378
2026/09/19 10:52:32,23620000,227800,262390,62400,4378
2026/09/19 10:56:49,23620000,227800,262390,62400,4378
2026/09/19 11:00:31,23620000,227800,262390,62400,4378
2026/09/19 11:04:31,23620000,226460,260820,62400,4378
2026/09/19 11:08:33,23620000,227795,262340,62400,4378
2026/09/19 11:12:31,23560000,228210,262540,62400,4378
2026/09/19 11:16:32,23560000,228470,262890,62400,4378
2026/09/19 11:20:32,23640000,228520,262930,62400,4378
2026/09/19 11:24:31,23640000,227505,262880,62400,4378
2026/09/19 11:28:31,23640000,227715,263120,62400,4378
2026/09/19 11:32:31,23640000,227720,263090,62400,4378
2026/09/19 11:36:31,23640000,227900,263350,62400,4378
2026/09/19 11:40:31,23640000,228090,263660,62400,4378
2026/09/19 11:44:31,23670000,228300,263770,62400,4378
2026/09/19 11:48:31,23670000,228365,263930,62400,4378
2026/09/19 11:52:32,23670000,228415,263890,62400,4378
2026/09/19 11:56:31,23670000,228720,263880,62400,4378
2026/09/19 12:00:31,23670000,228705,264230,62400,4378
2026/09/19 12:04:31,23740000,228890,264500,62700,4378
2026/09/19 12:08:31,23740000,229200,264820,62700,4378
2026/09/19 12:12:31,23740000,229100,264700,62700,4378
2026/09/19 12:16:34,23740000,228910,264460,62700,4378
2026/09/19 12:20:31,23740000,228585,264130,62700,4378
2026/09/19 12:24:31,23740000,228720,264270,62700,4378
2026/09/19 12:28:31,23740000,228610,264110,62700,4378
2026/09/19 12:32:32,23700000,228915,264490,62700,4378
2026/09/19 12:36:32,23700000,228920,264460,62700,4378
2026/09/19 12:40:33,23700000,228680,264270,62700,4378
2026/09/19 12:44:31,23700000,228715,264240,62700,4378
2026/09/19 12:48:31,23700000,228590,264150,62700,4378
2026/09/19 12:52:31,23700000,228620,264120,62700,4378
2026/09/19 12:56:31,23660000,229120,264120,62700,4378
2026/09/19 13:00:31,23660000,229100,264150,62700,4378
2026/09/19 13:04:31,23660000,228900,263930,62700,4378
2026/09/19 13:08:31,23660000,228800,263790,62700,4378
2026/09/19 13:12:32,23660000,228910,263910,62700,4378
2026/09/19 13:16:31,23660000,229060,263900,62700,4378
2026/09/19 13:20:31,23740000,229120,264120,62700,4378
2026/09/19 13:24:31,23740000,229065,264140,62700,4378
2026/09/19 13:28:32,23810000,229100,264140,62700,4378
2026/09/19 13:32:31,23810000,229400,264500,62700,4378
2026/09/19 13:36:31,23810000,229405,264470,62700,4378
2026/09/19 13:40:32,23810000,229400,264490,62700,4378
2026/09/19 13:44:31,23810000,229400,264500,62700,4378
2026/09/19 13:48:31,23810000,229400,264460,62700,4378
2026/09/19 13:52:32,23810000,229220,264270,62700,4378
2026/09/19 13:56:31,23780000,229000,264040,62700,4378
2026/09/19 14:00:31,23780000,228795,263780,62700,4378
2026/09/19 14:04:31,23780000,228900,263910,62700,4378
2026/09/19 14:08:32,23780000,228865,263890,62700,4378
2026/09/19 14:12:31,23780000,228900,263920,62700,4378
2026/09/19 14:16:31,23780000,228915,263890,62700,4378
2026/09/19 14:20:32,23780000,228870,263930,62700,4378
2026/09/19 14:24:32,23780000,228895,263920,62700,4378
2026/09/19 14:28:32,23780000,228880,263890,62700,4378
2026/09/19 14:32:31,23780000,228890,263930,62700,4378
2026/09/19 14:36:32,23780000,228800,263810,62700,4378
2026/09/19 14:40:31,23780000,229000,264020,62700,4378
2026/09/19 14:44:31,23780000,229200,264240,62700,4378
2026/09/19 14:48:32,23780000,229100,264120,62700,4378
2026/09/19 14:52:31,23780000,229100,264140,62700,4378
2026/09/19 14:56:31,23780000,229110,264120,62700,4378
2026/09/19 15:00:31,23780000,229100,264110,62700,4378
2026/09/19 15:04:32,23780000,229400,264500,62700,4378
2026/09/19 15:08:31,23780000,229395,264490,62700,4378
2026/09/19 15:12:31,23780000,229300,264360,62700,4378
2026/09/19 15:16:32,23780000,229370,264460,62700,4378
2026/09/19 15:20:31,23780000,229605,264700,62700,4378
2026/09/19 15:24:31,23780000,229600,264700,62700,4378
2026/09/19 15:28:31,23780000,229605,264720,62700,4378
2026/09/19 15:32:35,23780000,229820,264930,62700,4378
2026/09/19 15:36:31,23780000,229800,264960,62700,4378
2026/09/19 15:40:31,23780000,229605,264700,62700,4378
2026/09/19 15:44:32,23780000,229600,264710,62700,4378
2026/09/19 15:48:32,23780000,229600,264720,62700,4378
2026/09/19 15:52:31,23780000,229590,264680,62700,4378
2026/09/19 15:56:31,23780000,229600,264680,62700,4378
2026/09/19 16:00:31,23780000,229600,264720,62700,4378
2026/09/19 16:04:31,23780000,229620,264690,62700,4378
2026/09/19 16:08:34,23780000,229575,264700,62700,4378
2026/09/19 16:12:32,23780000,229620,264720,62700,4378
2026/09/19 16:16:31,23780000,229600,264720,62700,4378
2026/09/19 16:20:31,23780000,229900,264730,62700,4378
2026/09/19 16:24:31,23780000,229870,264730,62700,4378
2026/09/19 16:28:31,23780000,230300,264730,62700,4378
2026/09/19 16:32:31,23780000,230315,264700,62700,4378
2026/09/19 16:36:31,23780000,230105,264470,62700,4378
2026/09/19 16:40:31,23780000,230100,264480,62700,4378
2026/09/19 16:44:33,23780000,230315,264710,62700,4378
2026/09/19 16:48:33,23780000,230320,264680,62700,4378
2026/09/19 16:52:35,23780000,230620,264960,62700,4378
2026/09/19 16:56:32,23780000,230600,264940,62700,4378
2026/09/19 17:00:31,23780000,230600,264930,62700,4378
2026/09/19 17:04:31,23890000,230400,264690,62700,4378
2026/09/19 17:08:32,23890000,230765,265160,62700,4378
2026/09/19 17:12:35,23890000,230800,265170,62700,4378
2026/09/19 17:16:31,23890000,230815,265180,62700,4378
2026/09/19 17:20:31,23890000,231700,265140,62700,4378
2026/09/19 17:24:31,23890000,231700,264950,62700,4378
2026/09/19 17:28:31,23890000,231700,264930,62700,4378
2026/09/19 17:32:31,23890000,231700,265160,62700,4378
2026/09/19 17:36:31,23920000,231700,265160,62700,4378
2026/09/19 17:40:33,23920000,231700,265160,62700,4378
2026/09/19 17:44:31,23920000,231300,265180,62700,4378
2026/09/19 17:48:32,23920000,231300,265180,62700,4378
2026/09/19 17:52:31,23920000,231300,265140,62700,4378
2026/09/19 17:56:31,23920000,231300,265190,62700,4378
2026/09/19 18:00:31,23920000,231300,265370,62700,4378
2026/09/19 18:04:31,23920000,231300,265160,62700,4378
2026/09/19 18:08:31,23890000,231300,265390,62700,4378
2026/09/19 18:12:31,23890000,231300,265370,62700,4378
2026/09/19 18:16:40,23890000,231300,265410,62700,4378
2026/09/19 18:20:45,23890000,231300,265420,62700,4378
2026/09/19 18:24:32,23890000,231300,265190,62700,4378
2026/09/19 18:28:32,23890000,231300,265190,62700,4378
2026/09/19 18:32:32,23840000,231300,265190,62700,4378
2026/09/19 18:36:36,23840000,231300,264950,62700,4378
2026/09/19 18:40:32,23840000,231300,264920,62700,4378
2026/09/19 18:44:31,23840000,231300,264960,62700,4378
2026/09/19 18:48:34,23840000,231300,264960,62700,4378
2026/09/19 18:52:32,23840000,231300,264910,62700,4378
2026/09/19 18:56:31,23870000,231300,264910,62700,4378
2026/09/19 19:00:32,23870000,231300,264950,62700,4378
2026/09/19 19:04:32,23870000,231300,264940,62700,4378
2026/09/19 19:08:32,23870000,231300,264960,62700,4378
2026/09/19 19:12:32,23870000,231300,264680,62700,4378
2026/09/19 19:16:32,23870000,231300,264500,62700,4378
2026/09/19 19:20:31,23870000,231300,264500,62700,4378
2026/09/19 19:24:37,23870000,231300,264820,62700,4378
2026/09/19 19:28:31,23870000,231300,264600,62700,4378
2026/09/19 19:32:31,23870000,231300,264570,62700,4378
2026/09/19 19:36:31,23760000,231300,264600,62700,4378
2026/09/19 19:40:31,23760000,231300,264570,62700,4378
2026/09/19 19:44:32,23760000,231300,264580,62700,4378
2026/09/19 19:48:31,23760000,231300,264800,62700,4378
2026/09/19 19:52:32,23760000,231300,264810,62700,4378
2026/09/19 19:56:31,23760000,231300,264850,62700,4378
2026/09/19 20:00:32,23800000,231300,264810,62700,4378
2026/09/19 20:04:31,23800000,231300,264810,62700,4378
2026/09/19 20:08:31,23800000,231300,264810,62700,4378
2026/09/19 20:12:36,23800000,231300,264810,62700,4378
2026/09/19 20:16:31,23800000,231300,264810,62700,4378
2026/09/19 20:20:36,23800000,231300,264810,62700,4378
2026/09/19 20:24:32,23800000,231300,264810,62700,4378
2026/09/19 20:28:37,23800000,231300,264810,62700,4378
2026/09/19 20:32:31,23800000,231300,264810,62700,4378
2026/09/19 20:36:41,23800000,231300,264810,62700,4378
2026/09/19 20:40:31,23760000,231300,264810,62700,4378
2026/09/19 20:44:31,23760000,231300,264810,62700,4378
2026/09/19 20:48:32,23760000,231300,264810,62700,4378
2026/09/19 20:52:31,23760000,231300,264810,62700,4378
2026/09/19 20:56:32,23760000,231300,264810,62700,4378
2026/09/19 21:00:31,23760000,231300,264810,62700,4378
2026/09/19 21:04:31,23760000,231300,264810,62700,4378
2026/09/19 21:08:33,23760000,231300,264810,62700,4378
2026/09/19 21:12:31,23760000,231300,264810,62700,4378
2026/09/19 21:16:32,23760000,231300,264810,62700,4378
2026/09/19 21:20:32,23760000,231300,264810,62700,4378
2026/09/19 21:24:31,23760000,231300,264810,62700,4378
2026/09/19 21:28:31,23760000,231300,264810,62700,4378
2026/09/19 21:32:32,23760000,231300,264810,62700,4378
2026/09/19 21:36:42,23760000,231300,264810,62700,4378
2026/09/19 21:40:31,23760000,231300,264810,62700,4378
2026/09/19 21:44:31,23760000,231300,264810,62700,4378
2026/09/19 21:48:32,23760000,231300,264810,62700,4378
2026/09/19 21:52:33,23760000,231300,264810,62700,4378
2026/09/19 21:56:35,23760000,231300,264810,62700,4378
2026/09/19 22:00:31,23760000,231300,264810,62700,4378
2026/09/19 22:04:36,23760000,231300,264810,62700,4378
2026/09/19 22:08:32,23760000,231300,264810,62700,4378
2026/09/19 22:16:31,23760000,231300,264810,62700,4378
2026/09/19 22:20:31,23760000,231300,264810,62700,4378
2026/09/19 22:24:31,23760000,231300,264810,62700,4378
2026/09/19 22:28:32,23760000,231300,264810,62700,4378
2026/09/19 22:32:36,23760000,231300,264810,62700,4378
2026/09/19 22:36:31,23760000,231300,264810,62700,4378
2026/09/19 22:40:42,23760000,231300,264810,62700,4378
2026/09/19 22:48:32,23760000,231300,264810,62700,4378
2026/09/19 22:52:31,23760000,231300,264810,62700,4378
2026/09/19 22:56:31,23760000,231300,264810,62700,4378
2026/09/19 23:00:36,23760000,231300,264810,62700,4378
2026/09/19 23:04:33,23760000,231300,264810,62700,4378
2026/09/19 23:08:31,23760000,231300,264810,62700,4378
2026/09/19 23:12:32,23760000,231300,264810,62700,4378
2026/09/19 23:16:33,23760000,231300,264810,62700,4378
2026/09/19 23:20:31,23760000,231300,264810,62700,4378
2026/09/19 23:24:36,23760000,231300,264810,62700,4378
2026/09/19 23:28:32,23760000,231300,264810,62700,4378
2026/09/19 23:32:31,23760000,231300,264810,62700,4378
2026/09/19 23:36:31,23760000,231300,264810,62700,4378
2026/09/19 23:40:32,23760000,231300,264810,62700,4378
2026/09/19 23:44:31,23760000,231300,264810,62700,4378
2026/09/19 23:48:31,23760000,231300,264810,62700,4378
2026/09/19 23:52:33,23760000,231300,264810,62700,4378
2026/09/19 23:56:32,23760000,231300,264810,62700,4378
2026/09/20 00:00:37,23760000,231300,264810,62700,4378
2026/09/20 00:04:33,23760000,231300,264810,62700,4378
2026/09/20 00:08:32,23760000,231300,264810,62700,4378
2026/09/20 00:12:31,23760000,231300,264810,62700,4378
2026/09/20 00:16:31,23760000,231300,264810,62700,4378
2026/09/20 00:20:32,23760000,231300,264810,62700,4378
2026/09/20 00:24:31,23760000,231300,264810,62700,4378
2026/09/20 00:28:31,23760000,231300,264810,62700,4378
2026/09/20 00:32:36,23760000,231300,264810,62700,4378
2026/09/20 00:36:32,23760000,231300,264810,62700,4378
2026/09/20 00:40:32,23760000,231300,264810,62700,4378
2026/09/20 00:44:31,23760000,231300,264810,62700,4378
2026/09/20 00:48:31,23760000,231300,264810,62700,4378
2026/09/20 00:52:36,23760000,231300,264810,62700,4378
2026/09/20 00:56:36,23760000,231300,264810,62700,4378
2026/09/20 01:00:31,23760000,231300,264810,62700,4378
2026/09/20 01:04:31,23760000,231300,264810,62700,4378
2026/09/20 01:08:36,23760000,231300,264810,62700,4378
2026/09/20 01:12:31,23760000,231300,264810,62700,4378
2026/09/20 01:16:32,23760000,231300,264810,62700,4378
2026/09/20 01:20:32,23760000,231300,264810,62700,4378
2026/09/20 01:24:34,23760000,231300,264810,62700,4378
2026/09/20 01:28:33,23760000,231300,264810,62700,4378
2026/09/20 01:32:32,23760000,231300,264810,62700,4378
2026/09/20 01:36:37,23760000,231300,264810,62700,4378
2026/09/20 01:40:32,23760000,231300,264810,62700,4378
2026/09/20 01:44:32,23760000,231300,264810,62700,4378
2026/09/20 01:48:37,23760000,231300,264810,62700,4378
2026/09/20 01:52:31,23760000,231300,264810,62700,4378
2026/09/20 01:56:31,23760000,231300,264810,62700,4378
2026/09/20 02:00:32,23760000,231300,264810,62700,4378
2026/09/20 02:04:31,23760000,231300,264810,62700,4378
2026/09/20 02:08:31,23760000,231300,264810,62700,4378
2026/09/20 02:12:36,23760000,231300,264810,62700,4378
2026/09/20 02:16:37,23760000,231300,264810,62700,4378
2026/09/20 02:20:32,23760000,231300,264810,62700,4378
2026/09/20 02:24:31,23760000,231300,264810,62700,4378
2026/09/20 02:28:31,23760000,231300,264810,62700,4378
2026/09/20 02:32:31,23760000,231300,264810,62700,4378
2026/09/20 02:36:31,23760000,231300,264810,62700,4378
2026/09/20 02:40:31,23760000,231300,264810,62700,4378
2026/09/20 02:44:32,23760000,231300,264810,62700,4378
2026/09/20 02:48:32,23760000,231300,264810,62700,4378
2026/09/20 02:52:31,23760000,231300,264810,62700,4378
2026/09/20 02:56:31,23760000,231300,264810,62700,4378
2026/09/20 03:00:31,23760000,231300,264810,62700,4378
2026/09/20 03:04:31,23760000,231300,264810,62700,4378
2026/09/20 03:08:31,23760000,231300,264810,62700,4378
2026/09/20 03:12:32,23760000,231300,264810,62700,4378
2026/09/20 03:16:32,23760000,231300,264810,62700,4378
2026/09/20 03:20:31,23760000,231300,264810,62700,4378
2026/09/20 03:24:31,23760000,231300,264810,62700,4378
2026/09/20 03:28:31,23760000,231300,264810,62700,4378
2026/09/20 03:32:31,23760000,231300,264810,62700,4378
2026/09/20 03:36:33,23760000,231300,264810,62700,4378
2026/09/20 03:44:31,23760000,231300,264810,62700,4378
2026/09/20 03:48:32,23760000,231300,264810,62700,4378
2026/09/20 03:52:31,23760000,231300,264810,62700,4378
2026/09/20 03:56:31,23760000,231300,264810,62700,4378
2026/09/20 04:00:34,23760000,231300,264810,62700,4378
2026/09/20 04:04:36,23760000,231300,264810,62700,4378
2026/09/20 04:08:32,23760000,231300,264810,62700,4378
2026/09/20 04:12:31,23760000,231300,264810,62700,4378
2026/09/20 04:16:31,23760000,231300,264810,62700,4378
2026/09/20 04:24:31,23760000,231300,264810,62700,4378
2026/09/20 04:28:31,23760000,231300,264810,62700,4378
2026/09/20 04:32:32,23760000,231300,264810,62700,4378
2026/09/20 04:36:36,23760000,231300,264810,62700,4378
2026/09/20 04:40:31,23760000,231300,264810,62700,4378
2026/09/20 04:44:32,23760000,231300,264810,62700,4378
2026/09/20 04:48:31,23760000,231300,264810,62700,4378
2026/09/20 04:52:33,23760000,231300,264810,62700,4378
2026/09/20 04:56:33,23760000,231300,264810,62700,4378
2026/09/20 05:00:32,23760000,231300,264810,62700,4378
2026/09/20 05:04:31,23760000,231300,264810,62700,4378
2026/09/20 05:08:31,23760000,231300,264810,62700,4378
2026/09/20 05:12:36,23760000,231300,264810,62700,4378
2026/09/20 05:16:34,23760000,231300,264810,62700,4378
2026/09/20 05:20:32,23760000,231300,264810,62700,4378
2026/09/20 05:24:36,23760000,231300,264810,62700,4378
2026/09/20 05:28:32,23760000,231300,264810,62700,4378
2026/09/20 05:32:36,23760000,231300,264810,62700,4378
2026/09/20 05:36:31,23760000,231300,264810,62700,4378
2026/09/20 05:40:33,23760000,231300,264810,62700,4378
2026/09/20 05:44:32,23760000,231300,264810,62700,4378
2026/09/20 05:48:31,23760000,231300,264810,62700,4378
2026/09/20 05:52:31,23760000,231300,264810,62700,4378
2026/09/20 05:56:31,23760000,231300,264810,62700,4378
2026/09/20 06:00:31,23760000,231300,264810,62700,4378
2026/09/20 06:04:31,23760000,231300,264810,62700,4378
2026/09/20 06:08:31,23760000,231300,264810,62700,4378
2026/09/20 06:12:32,23760000,231300,264810,62700,4378
2026/09/20 06:16:32,23760000,231300,264810,62700,4378
2026/09/20 06:20:33,23760000,231300,264810,62700,4378
2026/09/20 06:24:32,23760000,231300,264810,62700,4378
2026/09/20 06:28:36,23760000,231300,264810,62700,4378
2026/09/20 06:32:31,23760000,231300,264810,62700,4378
2026/09/20 06:36:31,23760000,231300,264810,62700,4378
2026/09/20 06:40:41,23760000,231300,264810,62700,4378
2026/09/20 06:44:31,23760000,231300,264810,62700,4378
2026/09/20 06:48:32,23760000,231300,264810,62700,4378
2026/09/20 06:52:31,23760000,231300,264810,62700,4378
2026/09/20 06:56:32,23760000,231300,264810,62700,4378
2026/09/20 07:00:42,23760000,231300,264810,62700,4378
2026/09/20 07:04:31,23760000,231300,264810,62700,4378
2026/09/20 07:08:37,23760000,231300,264810,62700,4378
2026/09/20 07:12:32,23760000,231300,264810,62700,4378
2026/09/20 07:16:32,23760000,231300,264810,62700,4378
2026/09/20 07:20:32,23760000,231300,264810,62700,4378
2026/09/20 07:24:36,23760000,231300,264810,62700,4378
2026/09/20 07:28:33,23760000,231300,264810,62700,4378
2026/09/20 07:32:31,23760000,231300,264810,62700,4378
2026/09/20 07:36:31,23760000,231300,264810,62700,4378
2026/09/20 07:40:31,23760000,231300,264810,62700,4378
2026/09/20 07:44:31,23760000,231300,264810,62700,4378
2026/09/20 07:48:37,23760000,231300,264810,62700,4378
2026/09/20 07:52:38,23760000,231300,264810,62700,4378
2026/09/20 07:56:34,23760000,231300,264810,62700,4378
2026/09/20 08:00:34,23760000,231300,264810,62700,4378
2026/09/20 08:04:33,23760000,231300,264810,62700,4378
2026/09/20 08:08:36,23760000,231300,264810,62700,4378
2026/09/20 08:12:31,23760000,231300,264810,62700,4378
2026/09/20 08:16:36,23760000,231300,264810,62700,4378
2026/09/20 08:20:32,23760000,231300,264810,62700,4378
2026/09/20 08:24:34,23760000,231300,264810,62700,4378
2026/09/20 08:28:32,23760000,231300,264810,62700,4378
2026/09/20 08:32:31,23760000,231300,264810,62700,4378
2026/09/20 08:36:36,23760000,231300,264810,62700,4378
2026/09/20 08:40:35,23760000,231300,264810,62700,4378
2026/09/20 08:44:31,23760000,231300,264810,62700,4378
2026/09/20 08:48:36,23760000,231300,264810,62700,4378
2026/09/20 08:52:32,23760000,231300,264810,62700,4378
2026/09/20 08:56:32,23760000,231300,264810,62700,4378
2026/09/20 09:00:32,23760000,231300,264810,62700,4378
2026/09/20 09:04:31,23810000,231300,264810,62700,4378
2026/09/20 09:08:32,23810000,231300,264810,62700,4378
2026/09/20 09:12:31,23810000,231300,264810,62700,4378
2026/09/20 09:16:31,23810000,231300,264810,62700,4378
2026/09/20 09:20:32,23810000,231300,264810,62700,4378
2026/09/20 09:24:31,23990000,231300,264810,62700,4378
2026/09/20 09:28:31,23990000,231300,264810,62700,4378
2026/09/20 09:32:31,23990000,231300,264810,62700,4378
2026/09/20 09:36:32,23990000,231300,264810,62700,4378
2026/09/20 09:40:32,24120000,231300,264810,62700,4378
2026/09/20 09:44:31,24120000,231300,264810,62700,4378
2026/09/20 09:48:31,24120000,231300,264810,62700,4378
2026/09/20 09:52:32,24230000,231300,264810,62700,4378
2026/09/20 09:56:31,24230000,231300,264810,62700,4378
2026/09/20 10:00:33,24230000,230600,264810,62700,4378
2026/09/20 10:04:31,24230000,230600,264810,62700,4378
2026/09/20 10:08:31,24320000,230600,264810,62700,4378
2026/09/20 10:12:36,24320000,230600,264810,62700,4378
2026/09/20 10:16:31,24320000,230600,264810,62700,4378
2026/09/20 10:20:31,24320000,230600,264810,62700,4378
2026/09/20 10:24:32,24250000,230600,264810,62700,4378
2026/09/20 10:28:32,24250000,230600,264810,62700,4378
2026/09/20 10:32:32,24250000,230600,264810,62700,4378
2026/09/20 10:36:31,24250000,230600,264810,62700,4378
2026/09/20 10:40:31,24320000,230600,264810,62700,4378
2026/09/20 10:44:36,24320000,230600,264810,62700,4378
2026/09/20 10:48:37,24320000,232080,264810,62700,4378
2026/09/20 10:56:38,24320000,232080,264810,62700,4378
2026/09/20 11:00:31,24320000,232080,264810,62700,4378
2026/09/20 11:04:31,24250000,232080,264700,62700,4378
2026/09/20 11:08:31,24250000,232080,264680,62700,4378
2026/09/20 11:12:32,24250000,232080,264700,62700,4378
2026/09/20 11:20:34,24250000,232080,264700,62700,4378
2026/09/20 11:24:36,24250000,232080,266980,62700,4378
2026/09/20 11:28:32,24290000,232290,266910,62700,4378
2026/09/20 11:32:36,24290000,232290,266950,62700,4378
2026/09/20 11:36:32,24290000,232290,266610,63200,4378
2026/09/20 11:40:31,24210000,232290,266570,63200,4378
2026/09/20 11:44:32,24210000,231820,266610,63200,4378
2026/09/20 11:48:31,24210000,231650,266350,63200,4378
2026/09/20 11:52:31,24210000,231655,266380,63200,4378
2026/09/20 11:56:31,24300000,231835,266610,63200,4378
2026/09/20 12:00:37,24300000,231810,266610,63200,4378
2026/09/20 12:04:31,24300000,231755,266490,63200,4378
2026/09/20 12:08:31,24220000,231735,266490,63200,4378
2026/09/20 12:12:32,24220000,231735,266490,63200,4378
2026/09/20 12:16:38,24220000,231865,266610,63200,4378
2026/09/20 12:20:32,24220000,231870,266620,63200,4378
2026/09/20 12:24:31,24220000,231635,266370,63200,4378
2026/09/20 12:28:36,24220000,231635,266340,63200,4378
2026/09/20 12:32:31,24220000,231635,266350,63200,4378
2026/09/20 12:36:32,24220000,231650,266370,63200,4378
2026/09/20 12:40:31,24220000,231650,266390,63200,4378
2026/09/20 12:44:31,24220000,231650,266380,63200,4378
2026/09/20 12:48:33,24180000,231550,266230,63200,4378
2026/09/20 12:52:40,24180000,231440,266130,63200,4378
2026/09/20 12:56:31,24180000,231150,265770,63200,4378
2026/09/20 13:00:32,24180000,231150,265770,63200,4378
2026/09/20 13:04:32,24180000,231150,265770,63200,4378
2026/09/20 13:08:31,24180000,231250,265890,63200,4378
2026/09/20 13:12:31,24180000,231270,265890,63200,4378
2026/09/20 13:16:32,24180000,231250,265920,63200,4378
2026/09/20 13:20:31,24180000,231250,265890,63200,4378
2026/09/20 13:24:31,24150000,231260,265890,63200,4378
2026/09/20 13:28:31,24150000,231050,265700,63200,4378
2026/09/20 13:32:31,24150000,231050,265700,63200,4378
2026/09/20 13:36:32,24150000,231215,265700,63200,4378
2026/09/20 13:40:31,24150000,231265,265880,63200,4378
2026/09/20 13:44:31,24150000,231265,265880,63200,4378
2026/09/20 13:48:31,24150000,231250,265880,63200,4378
2026/09/20 13:52:31,24150000,231270,265900,63200,4378
2026/09/20 13:56:31,24150000,231250,265930,63200,4378
2026/09/20 14:00:31,24150000,231250,265920,63200,4378
2026/09/20 14:04:31,24150000,231015,265690,63200,4378
2026/09/20 14:08:32,24150000,231050,265690,63200,4378
2026/09/20 14:12:31,24150000,231050,265670,63200,4378
2026/09/20 14:16:31,24150000,231020,265700,63350,4378
2026/09/20 14:20:32,24150000,231020,265660,63350,4378
2026/09/20 14:24:32,24150000,231060,265670,63350,4378
2026/09/20 14:28:31,24150000,231260,265880,63350,4378
2026/09/20 14:32:31,24150000,231270,265910,63350,4378
2026/09/20 14:36:35,24150000,231265,265880,63350,4378
2026/09/20 14:40:31,24150000,231265,265880,63350,4378
2026/09/20 14:44:32,24150000,231265,265880,63350,4378
2026/09/20 14:48:31,24150000,231010,265670,63350,4378
2026/09/20 14:52:31,24150000,231050,265690,63350,4378
2026/09/20 14:56:32,24150000,231050,265680,63350,4378
2026/09/20 15:00:31,24150000,231050,265650,63350,4378
2026/09/20 15:04:31,24150000,231050,265650,63350,4378
2026/09/20 15:08:31,24150000,231050,265650,63350,4378
2026/09/20 15:12:32,24150000,231050,265650,63350,4378
2026/09/20 15:16:31,24150000,231050,265650,63350,4378
2026/09/20 15:20:31,24150000,231050,265650,63350,4378
2026/09/20 15:24:32,24150000,231050,265650,63350,4378
2026/09/20 15:28:31,24150000,231050,265650,63350,4378
2026/09/20 15:32:32,24150000,231050,265650,63350,4378
2026/09/20 15:36:32,24150000,231050,265650,63350,4378
2026/09/20 15:40:32,24150000,230850,265430,63350,4378
2026/09/20 15:44:32,24150000,230815,265460,63350,4378
2026/09/20 15:48:31,24150000,231050,265680,63350,4378
2026/09/20 15:52:32,24150000,231245,265880,63350,4378
2026/09/20 15:56:31,24150000,231250,265890,63350,4378
2026/09/20 16:00:31,24150000,231250,265910,63350,4378
2026/09/20 16:04:31,24150000,231230,265920,63350,4378
2026/09/20 16:08:31,24150000,232300,265890,63350,4378
2026/09/20 16:12:31,24150000,232300,265890,63350,4378
2026/09/20 16:16:31,24150000,232300,265890,63350,4378
2026/09/20 16:20:32,24150000,232300,265660,63350,4378
2026/09/20 16:24:31,24150000,232300,265670,63350,4378
2026/09/20 16:28:31,24150000,232300,265670,63350,4378
2026/09/20 16:32:31,24150000,232300,265660,63350,4378
2026/09/20 16:36:31,24150000,232300,265680,63350,4378
2026/09/20 16:40:32,24150000,232300,265690,63350,4378
2026/09/20 16:44:31,24150000,232300,265690,63350,4378
2026/09/20 16:48:31,24150000,232300,265660,63350,4378
2026/09/20 16:52:31,24150000,232300,265580,63350,4378
2026/09/20 16:56:37,24150000,232300,265460,63350,4378
2026/09/20 17:00:32,24150000,232300,265440,63350,4378
2026/09/20 17:04:36,24110000,232300,265230,63350,4378
2026/09/20 17:08:31,24110000,232300,265310,63350,4378
2026/09/20 17:12:31,24110000,232300,265570,63350,4378
2026/09/20 17:16:31,24110000,231800,265320,63150,4378
2026/09/20 17:20:33,24110000,231800,265330,63150,4378
2026/09/20 17:24:31,24110000,231800,265340,63150,4378
2026/09/20 17:28:31,24050000,231800,265310,63150,4378
2026/09/20 17:32:32,24050000,231300,265310,63150,4378
2026/09/20 17:36:31,24050000,231300,265360,63150,4378
2026/09/20 17:40:39,24050000,231300,265310,63150,4378
2026/09/20 17:44:31,24050000,231300,265340,63100,4378
2026/09/20 17:48:31,24050000,231300,265580,63100,4378
2026/09/20 17:52:31,24020000,231300,265540,63100,4378
2026/09/20 17:56:31,24020000,231300,265580,63100,4378
2026/09/20 18:00:33,24020000,231300,265550,63100,4378
2026/09/20 18:04:31,24020000,231300,265570,63100,4378
2026/09/20 18:08:32,24020000,231300,265430,63100,4378
2026/09/20 18:12:32,24020000,231300,265330,63100,4378
2026/09/20 18:16:31,24020000,231300,265310,63100,4378
2026/09/20 18:20:31,24020000,231300,265320,63100,4378
2026/09/20 18:24:31,23990000,231300,265130,63100,4378
2026/09/20 18:28:32,23990000,231300,265100,63100,4378
2026/09/20 18:32:31,23990000,231300,265130,63100,4378
2026/09/20 18:36:31,23990000,231600,265080,63100,4378
2026/09/20 18:40:32,23990000,231600,265090,63100,4378
2026/09/20 18:44:31,23910000,231600,265080,63100,4378
2026/09/20 18:48:31,23910000,231600,265120,63100,4378
2026/09/20 18:52:31,23910000,231600,265130,63100,4378
2026/09/20 18:56:31,23910000,231600,265110,63100,4378
2026/09/20 19:00:32,23830000,231600,265130,63100,4378
2026/09/20 19:04:32,23830000,231600,265110,63100,4378
2026/09/20 19:08:31,23830000,231600,265090,63100,4378
2026/09/20 19:12:31,23830000,231600,265080,63100,4378
2026/09/20 19:16:31,23830000,231600,265090,63100,4378
2026/09/20 19:20:31,23830000,231600,265110,63100,4378
2026/09/20 19:24:31,23900000,231600,265100,63100,4378
2026/09/20 19:28:31,23900000,231600,265310,63100,4378
2026/09/20 19:32:32,23900000,231600,265310,63100,4378
2026/09/20 19:36:32,23900000,231600,265350,63100,4378
2026/09/20 19:40:31,23900000,231600,265350,63100,4378
2026/09/20 19:44:31,23900000,231600,265320,63100,4378
2026/09/20 19:48:31,23930000,231600,265340,63100,4378
2026/09/20 19:52:32,23930000,231600,265350,63100,4378
2026/09/20 19:56:31,23930000,231600,265340,63100,4378
2026/09/20 20:00:31,23930000,231600,265210,63100,4378
2026/09/20 20:04:36,23930000,231600,265200,63100,4378
2026/09/20 20:08:31,23930000,231600,265200,63100,4378
2026/09/20 20:12:31,23930000,231600,265200,63100,4378
2026/09/20 20:16:31,23930000,231600,265200,63100,4378
2026/09/20 20:20:31,23900000,231600,265200,63100,4378
2026/09/20 20:24:31,23900000,231600,265200,63100,4378
2026/09/20 20:28:31,23900000,231600,265200,63100,4378
2026/09/20 20:32:38,23900000,231600,265200,63100,4378
2026/09/20 20:36:31,23900000,231600,265200,63100,4378
2026/09/20 20:40:31,23900000,231600,265200,63100,4378
2026/09/20 20:44:32,23900000,231600,265200,63100,4378
2026/09/20 20:48:31,23900000,231600,265200,63100,4378
2026/09/20 20:52:32,23900000,231600,265200,63100,4378
2026/09/20 20:56:31,23900000,231600,265200,63100,4378
2026/09/20 21:00:31,23900000,231600,265200,63100,4378
2026/09/20 21:04:32,23900000,231600,265200,63100,4378
2026/09/20 21:08:32,23900000,231600,265200,63100,4378
2026/09/20 21:12:31,23900000,231600,265200,63100,4378
2026/09/20 21:16:32,23900000,231600,265200,63100,4378
2026/09/20 21:20:32,23900000,231600,265200,63100,4378
2026/09/20 21:24:31,23900000,231600,265200,63100,4378
2026/09/20 21:28:31,23900000,231600,265200,63100,4378
2026/09/20 21:32:36,23900000,231600,265200,63100,4378
2026/09/20 21:36:33,23900000,231600,265200,63100,4378
2026/09/20 21:44:31,23900000,231600,265200,63100,4378
2026/09/20 21:48:32,23900000,231600,265200,63100,4378
2026/09/20 21:52:31,23900000,231600,265200,63100,4378
2026/09/20 21:56:32,23900000,231600,265200,63100,4378
2026/09/20 22:00:32,23900000,231600,265200,63100,4378
2026/09/20 22:04:32,23900000,231600,265200,63100,4378
2026/09/20 22:08:32,23900000,231600,265200,63100,4378
2026/09/20 22:12:31,23900000,231600,265200,63100,4378
2026/09/20 22:16:31,23900000,231600,265200,63100,4378
2026/09/20 22:20:32,23900000,231600,265200,63100,4378
2026/09/20 22:24:36,23900000,231600,265200,63100,4378
2026/09/20 22:28:32,23900000,231600,265200,63100,4378
2026/09/20 22:32:32,23900000,231600,265200,63100,4378
2026/09/20 22:36:32,23900000,231600,265200,63100,4378
2026/09/20 22:40:36,23900000,231600,265200,63100,4378
2026/09/20 22:44:32,23900000,231600,265200,63100,4378
2026/09/20 22:48:32,23900000,231600,265200,63100,4378
2026/09/20 22:52:32,23900000,231600,265200,63100,4378
2026/09/20 22:56:32,23900000,231600,265200,63100,4378
2026/09/20 23:00:31,23900000,231600,265200,63100,4378
2026/09/20 23:04:32,23900000,231600,265200,63100,4378
2026/09/20 23:08:32,23900000,231600,265200,63100,4378
2026/09/20 23:12:31,23900000,231600,265200,63100,4378
2026/09/20 23:16:32,23900000,231600,265200,63100,4378
2026/09/20 23:20:31,23900000,231600,265200,63100,4378
2026/09/20 23:24:31,23900000,231600,265200,63100,4378
2026/09/20 23:28:35,23900000,231600,265200,63100,4378
2026/09/20 23:32:31,23900000,231600,265200,63100,4378
2026/09/20 23:36:31,23900000,231600,265200,63100,4378
2026/09/20 23:40:31,23900000,231600,265200,63100,4378
2026/09/20 23:44:31,23900000,231600,265200,63100,4378
2026/09/20 23:48:31,23900000,231600,265200,63100,4378
2026/09/20 23:52:31,23900000,231600,265200,63100,4378
2026/09/20 23:56:31,23900000,231600,265200,63100,4378
2026/09/21 00:00:31,23900000,231600,265200,63100,4378
2026/09/21 00:04:31,23900000,231600,265200,63100,4378
2026/09/21 00:08:31,23900000,231600,265200,63100,4378
2026/09/21 00:12:31,23900000,231600,265200,63100,4378
2026/09/21 00:16:31,23900000,231600,265200,63100,4378
2026/09/21 00:20:31,23900000,231600,265200,63100,4378
2026/09/21 00:24:32,23900000,231600,265200,63100,4378
2026/09/21 00:28:31,23900000,231600,265200,63100,4378
2026/09/21 00:32:31,23900000,231600,265200,63100,4378
2026/09/21 00:36:32,23900000,231600,265200,63100,4378
2026/09/21 00:40:36,23900000,231600,265200,63100,4378
2026/09/21 00:44:32,23900000,231600,265200,63100,4378
2026/09/21 00:48:31,23900000,231600,265200,63100,4378
2026/09/21 00:52:31,23900000,231600,265200,63100,4378
2026/09/21 00:56:31,23900000,231600,265200,63100,4378
2026/09/21 01:00:31,23900000,231600,265200,63100,4378
2026/09/21 01:04:31,23900000,231600,265200,63100,4378
2026/09/21 01:08:32,23900000,231600,265200,63100,4378
2026/09/21 01:12:36,23900000,231600,265200,63100,4378
2026/09/21 01:16:31,23900000,231600,265200,63100,4378
2026/09/21 01:20:31,23900000,231600,265200,63100,4378
2026/09/21 01:24:31,23900000,231600,265200,63100,4378
2026/09/21 01:28:31,23900000,231600,265200,63100,4378
2026/09/21 01:32:32,23900000,231600,265200,63100,4378
2026/09/21 01:36:32,23900000,231600,265200,63100,4382
2026/09/21 01:40:31,23900000,231600,265200,63100,4377
2026/09/21 01:44:32,23900000,231600,265200,63100,4378
2026/09/21 01:48:32,23900000,231600,265200,63100,4379
2026/09/21 01:52:32,23900000,231600,265200,63100,4376
2026/09/21 01:56:32,23900000,231600,265200,63100,4375
2026/09/21 02:00:32,23900000,231600,265200,63100,4375
2026/09/21 02:04:31,23900000,231600,265200,63100,4376
2026/09/21 02:08:31,23900000,231600,265200,63100,4377
2026/09/21 02:12:31,23900000,231600,265200,63100,4376
2026/09/21 02:16:31,23900000,231600,265200,63100,4374
2026/09/21 02:20:31,23900000,231600,265200,63100,4374
2026/09/21 02:24:31,23900000,231600,265200,63100,4374
2026/09/21 02:28:31,23900000,231600,265200,63100,4376
2026/09/21 02:32:31,23900000,231600,265200,63100,4374
2026/09/21 02:36:31,23900000,231600,265200,63100,4374
2026/09/21 02:40:32,23900000,231600,265200,63100,4373
2026/09/21 02:44:34,23900000,231600,265200,63100,4371
2026/09/21 02:48:31,23900000,231600,265200,63100,4372
2026/09/21 02:52:31,23900000,231600,265200,63100,4374
2026/09/21 02:56:35,23900000,231600,265200,63100,4372
2026/09/21 03:00:32,23900000,231600,265200,63100,4374
2026/09/21 03:04:31,23900000,231600,265200,63100,4375
2026/09/21 03:08:31,23900000,231600,265200,63100,4374
2026/09/21 03:12:32,23900000,231600,265200,63100,4373
2026/09/21 03:16:31,23900000,231600,265200,63100,4371
2026/09/21 03:20:31,23900000,231600,265200,63100,4371
2026/09/21 03:24:32,23900000,231600,265200,63100,4372
2026/09/21 03:28:31,23900000,231600,265200,63100,4372
2026/09/21 03:32:31,23900000,231600,265200,63100,4368
2026/09/21 03:36:36,23900000,231600,265200,63100,4369
2026/09/21 03:40:32,23900000,231600,265200,63100,4366
2026/09/21 03:44:31,23900000,231600,265200,63100,4365
2026/09/21 03:48:31,23900000,231600,265200,63100,4361
2026/09/21 03:52:31,23900000,231600,265200,63100,4359
2026/09/21 03:56:31,23900000,231600,265200,63100,4366
2026/09/21 04:00:32,23900000,231600,265200,63100,4368
2026/09/21 04:04:31,23900000,231600,265200,63100,4370
2026/09/21 04:08:31,23900000,231600,265200,63100,4370
2026/09/21 04:12:31,23900000,231600,265200,63100,4369
2026/09/21 04:16:31,23900000,231600,265200,63100,4369
2026/09/21 04:20:31,23900000,231600,265200,63100,4365
2026/09/21 04:24:34,23900000,231600,265200,63100,4366
2026/09/21 04:32:32,23900000,231600,265200,63100,4374
2026/09/21 04:36:31,23900000,231600,265200,63100,4371
2026/09/21 04:40:32,23900000,231600,265200,63100,4378
2026/09/21 04:44:31,23900000,231600,265200,63100,4378
2026/09/21 04:48:32,23900000,231600,265200,63100,4380
2026/09/21 04:52:31,23900000,231600,265200,63100,4376
2026/09/21 04:56:31,23900000,231600,265200,63100,4380
2026/09/21 05:00:31,23900000,231600,265200,63100,4377
2026/09/21 05:04:31,23900000,231600,265200,63100,4375
2026/09/21 05:08:31,23900000,231600,265200,63100,4378
2026/09/21 05:12:31,23900000,231600,265200,63100,4380
2026/09/21 05:16:31,23900000,231600,265200,63100,4380
2026/09/21 05:20:31,23900000,231600,265200,63100,4380
2026/09/21 05:24:31,23900000,231600,265200,63100,4379
2026/09/21 05:28:32,23900000,231600,265200,63100,4377
2026/09/21 05:32:31,23900000,231600,265200,63100,4374
2026/09/21 05:36:31,23900000,231600,265200,63100,4373
2026/09/21 05:40:31,23900000,231600,265200,63100,4375
2026/09/21 05:44:32,23900000,231600,265200,63100,4371
2026/09/21 05:48:36,23900000,231600,265200,63100,4367
2026/09/21 05:52:31,23900000,231600,265200,63100,4364
2026/09/21 05:56:32,23900000,231600,265200,63100,4363
2026/09/21 06:00:31,23900000,231600,265200,63100,4368
2026/09/21 06:04:31,23900000,231600,265200,63100,4367
2026/09/21 06:08:32,23900000,231600,265200,63100,4369
2026/09/21 06:12:31,23900000,231600,265200,63100,4366
2026/09/21 06:16:32,23900000,231600,265200,63100,4367
2026/09/21 06:20:32,23900000,231600,265200,63100,4368
2026/09/21 06:24:31,23900000,231600,265200,63100,4367
2026/09/21 06:28:32,23900000,231600,265200,63100,4367
2026/09/21 06:32:31,23900000,231600,265200,63100,4361
2026/09/21 06:36:31,23900000,231600,265200,63100,4366
2026/09/21 06:40:31,23900000,231600,265200,63100,4361
2026/09/21 06:44:31,23900000,231600,265200,63100,4362
2026/09/21 06:48:31,23900000,231600,265200,63100,4364
2026/09/21 06:52:32,23900000,231600,265200,63100,4361
2026/09/21 06:56:32,23900000,231600,265200,63100,4362
2026/09/21 07:00:31,23900000,231600,265200,63100,4360
2026/09/21 07:04:31,23900000,231600,265200,63100,4362
2026/09/21 07:08:31,23900000,231600,265200,63100,4366
2026/09/21 07:12:32,23900000,231600,265200,63100,4366
2026/09/21 07:16:31,23900000,231600,265200,63100,4367
2026/09/21 07:20:31,23900000,231600,265200,63100,4363
2026/09/21 07:24:31,23900000,231600,265200,63100,4362
2026/09/21 07:28:31,23900000,231600,265200,63100,4360
2026/09/21 07:32:31,23900000,231600,265200,63100,4360
2026/09/21 07:36:31,23900000,231600,265200,63100,4358
2026/09/21 07:40:31,23900000,231600,265200,63100,4357
2026/09/21 07:44:33,23900000,231600,265200,63100,4360
2026/09/21 07:48:31,23900000,231600,265200,63100,4362
2026/09/21 07:52:31,23900000,231600,265200,63100,4364
2026/09/21 07:56:31,23900000,231600,265200,63100,4364
2026/09/21 08:00:32,23900000,231600,265200,63100,4362
2026/09/21 08:04:31,23900000,231600,265200,63100,4359
2026/09/21 08:08:31,23900000,231600,265200,63100,4361
2026/09/21 08:12:33,23900000,231600,265200,63100,4361
2026/09/21 08:16:31,23900000,231600,265200,63100,4362
2026/09/21 08:20:32,23900000,231600,265200,63100,4360
2026/09/21 08:24:32,23900000,231600,265200,63100,4359
2026/09/21 08:28:31,23900000,231600,265200,63100,4359
2026/09/21 08:32:32,23900000,231600,265200,63100,4356
2026/09/21 08:36:36,23900000,231600,265200,63100,4355
2026/09/21 08:40:32,23900000,231600,265200,63100,4356
2026/09/21 08:44:32,23900000,231600,265200,63100,4355
2026/09/21 08:48:31,23900000,231600,265200,63100,4354
2026/09/21 08:52:31,23900000,231600,265200,63100,4358
2026/09/21 08:56:31,23900000,231600,265200,63100,4359
2026/09/21 09:00:34,23900000,231600,265200,63100,4357
2026/09/21 09:04:32,23900000,231600,265200,63100,4355
2026/09/21 09:08:32,23900000,231600,265200,63100,4355
2026/09/21 09:12:31,23900000,231600,265200,63100,4356
2026/09/21 09:16:31,23900000,231600,265200,63100,4352
2026/09/21 09:20:32,23900000,231600,265200,63100,4352
2026/09/21 09:24:31,23900000,231600,265200,63100,4355
2026/09/21 09:28:31,23900000,231600,265200,63100,4354
2026/09/21 09:32:32,23950000,231600,265200,63100,4353
2026/09/21 09:36:31,23950000,231600,265200,63100,4352
2026/09/21 09:40:31,23950000,231600,265200,63100,4354
2026/09/21 09:44:31,23950000,231600,265200,63100,4352
2026/09/21 09:48:32,23950000,231600,265200,63100,4352
2026/09/21 09:52:31,23950000,231600,265200,63100,4349
2026/09/21 09:56:31,23950000,231600,265200,63100,4346
2026/09/21 10:00:38,23890000,231600,265200,63100,4347
2026/09/21 10:04:42,23890000,231600,265200,63100,4348
2026/09/21 10:08:31,23800000,231600,265200,63100,4350
2026/09/21 10:12:32,23800000,231600,265200,63100,4353
2026/09/21 10:16:31,23800000,231600,265200,63100,4353
2026/09/21 10:20:32,23800000,231600,265200,63100,4354
2026/09/21 10:24:32,23800000,231600,265200,63100,4352
2026/09/21 10:28:31,23800000,231600,265200,63100,4353
2026/09/21 10:32:32,23800000,231600,265200,63100,4347
2026/09/21 10:36:31,23770000,231100,265200,63100,4353
2026/09/21 10:40:31,23770000,231100,265200,63100,4352
2026/09/21 10:44:31,23770000,231100,265200,63100,4348
2026/09/21 10:48:31,23770000,231100,265200,63100,4355
2026/09/21 10:52:31,23770000,231100,265200,63100,4352
2026/09/21 10:56:31,23770000,231100,265200,63100,4352
2026/09/21 11:00:31,23770000,231100,265200,63100,4351
2026/09/21 11:04:31,23670000,231100,265430,63100,4352
2026/09/21 11:08:42,23670000,231100,265420,63100,4352
2026/09/21 11:12:43,23670000,231100,265410,63100,4347
2026/09/21 11:16:31,23750000,231100,265510,63100,4346
2026/09/21 11:20:31,23750000,231100,265490,63100,4348
2026/09/21 11:24:31,23750000,231100,265470,63100,4349
2026/09/21 11:28:32,23750000,231100,265490,63100,4347
2026/09/21 11:32:31,23750000,231100,265720,63100,4345
2026/09/21 11:36:31,23750000,231100,265970,63100,4348
2026/09/21 11:40:32,23750000,231100,265950,63100,4347
2026/09/21 11:44:33,23750000,231100,265910,63100,4351
2026/09/21 11:48:41,23720000,231100,265970,63100,4353
2026/09/21 11:52:31,23720000,231200,266070,63100,4352
2026/09/21 11:56:31,23720000,231600,266090,63100,4355
2026/09/21 12:00:32,23720000,231600,266040,63100,4353
2026/09/21 12:04:32,23720000,231600,266060,63100,4355
2026/09/21 12:08:31,23720000,231600,266060,63100,4355
2026/09/21 12:12:32,23780000,231600,266430,63100,4356
2026/09/21 12:16:31,23710000,231600,266550,63100,4356
2026/09/21 12:20:31,23710000,231600,266410,62700,4356
2026/09/21 12:24:31,23710000,231600,266370,62700,4354
2026/09/21 12:28:31,23710000,231600,266150,62700,4351
2026/09/21 12:32:32,23710000,231600,266020,62700,4353
2026/09/21 12:36:31,23710000,231600,265890,62700,4350
2026/09/21 12:40:31,23710000,231600,265770,62700,4353
2026/09/21 12:44:31,23710000,231600,265790,62700,4352
2026/09/21 12:48:32,23710000,231600,265990,62700,4353
2026/09/21 12:52:31,23710000,231600,266030,62700,4352
2026/09/21 12:56:32,23710000,231600,266000,62700,4350
2026/09/21 13:00:32,23680000,231600,265990,62700,4347
2026/09/21 13:04:31,23680000,231600,265980,62700,4342
2026/09/21 13:08:31,23680000,231600,265950,62700,4342
2026/09/21 13:12:32,23680000,231600,266020,62700,4345
2026/09/21 13:16:32,23680000,231600,266070,62700,4347
2026/09/21 13:20:32,23680000,231700,266080,62700,4344
2026/09/21 13:24:31,23680000,231700,266120,62700,4344
2026/09/21 13:28:31,23680000,231700,266070,62700,4344
2026/09/21 13:32:32,23680000,231700,266100,62700,4345
2026/09/21 13:36:31,23680000,231700,266160,62700,4349
2026/09/21 13:40:31,23680000,231200,266130,62700,4351
2026/09/21 13:44:32,23710000,231200,266490,62700,4352
2026/09/21 13:48:32,23710000,231200,266460,62700,4355
2026/09/21 13:52:31,23710000,231200,266470,62700,4351
2026/09/21 13:56:31,23710000,231200,266500,62700,4352
2026/09/21 14:00:32,23710000,231200,266350,62700,4351
2026/09/21 14:04:31,23710000,231200,266370,62700,4350
2026/09/21 14:08:31,23710000,231200,266430,62700,4348
2026/09/21 14:12:32,23710000,231200,266390,62700,4348
2026/09/21 14:16:31,23710000,231200,266410,62700,4348
2026/09/21 14:20:31,23710000,231200,266400,62700,4348
2026/09/21 14:24:31,23710000,231200,266460,62700,4348
2026/09/21 14:28:31,23710000,231200,265870,62701,4347
2026/09/21 14:32:32,23710000,231200,265620,62700,4343
2026/09/21 14:36:31,23710000,231200,265600,62700,4344
2026/09/21 14:40:31,23710000,231200,265340,62700,4344
2026/09/21 14:44:31,23710000,231200,265580,62700,4347
2026/09/21 14:48:32,23710000,231200,265580,62700,4351
2026/09/21 14:52:31,23710000,231200,265600,62700,4353
2026/09/21 14:56:31,23710000,231200,265640,62700,4353
2026/09/21 15:00:31,23710000,231200,265650,62700,4354
2026/09/21 15:04:31,23710000,231200,265610,62700,4355
2026/09/21 15:08:31,23710000,231200,265640,62700,4360
2026/09/21 15:12:31,23710000,231200,265680,62700,4361
2026/09/21 15:16:31,23710000,231200,265650,62700,4367
2026/09/21 15:20:32,23710000,231200,265600,62700,4366
2026/09/21 15:24:31,23710000,231200,265600,62700,4369
2026/09/21 15:28:32,23710000,231200,265730,62700,4367
2026/09/21 15:32:31,23710000,231200,265520,62700,4365
2026/09/21 15:36:31,23710000,231100,266230,62700,4372
2026/09/21 15:40:32,23710000,230700,265780,62700,4368
2026/09/21 15:44:31,23710000,230700,265790,62700,4368
2026/09/21 15:48:31,23710000,230700,265870,62700,4368
2026/09/21 15:52:31,23710000,230700,265540,62700,4360
2026/09/21 15:56:31,23710000,230700,265640,62700,4355
2026/09/21 16:00:32,23710000,230700,265640,62700,4353
2026/09/21 16:04:31,23710000,230700,265650,62800,4357
2026/09/21 16:08:31,23710000,230700,265610,62800,4352
2026/09/21 16:12:31,23710000,230700,265760,62800,4356
2026/09/21 16:16:31,23710000,230700,265710,62800,4363
2026/09/21 16:20:31,23710000,230700,265890,62800,4358
2026/09/21 16:24:31,23710000,230700,265910,62800,4358
2026/09/21 16:28:31,23710000,230700,266500,62800,4355
2026/09/21 16:32:32,23710000,230700,266490,62800,4360
2026/09/21 16:36:31,23710000,230700,266610,62800,4358
2026/09/21 16:40:31,23710000,230700,266610,62800,4363
2026/09/21 16:44:31,23710000,231000,266620,62800,4364
2026/09/21 16:48:31,23710000,231000,266460,62800,4361
2026/09/21 16:52:31,23710000,231000,266420,62800,4363
2026/09/21 16:56:31,23710000,231000,266410,62800,4365
2026/09/21 17:00:32,23710000,231000,266410,62800,4363
2026/09/21 17:04:32,23670000,231000,265940,62800,4353
2026/09/21 17:08:31,23670000,231000,265920,62800,4354
2026/09/21 17:12:32,23670000,231000,265840,62800,4356
2026/09/21 17:16:32,23670000,231000,265840,62800,4351
2026/09/21 17:20:31,23670000,231000,265640,62800,4354
2026/09/21 17:24:31,23670000,231000,265820,62800,4350
2026/09/21 17:28:32,23640000,231000,265820,62800,4348
2026/09/21 17:32:31,23640000,231400,265910,62800,4344
2026/09/21 17:36:32,23640000,231400,265650,62800,4326
2026/09/21 17:40:31,23560000,231200,266100,62800,4336
2026/09/21 17:44:31,23560000,231200,266070,62800,4339
2026/09/21 17:48:32,23560000,231200,265780,62800,4337
2026/09/21 17:52:31,23560000,231200,266030,62800,4334
2026/09/21 17:56:31,23560000,231200,265750,62800,4337
2026/09/21 18:00:31,23560000,230800,265760,62800,4342
2026/09/21 18:04:31,23560000,230800,265750,62800,4341
2026/09/21 18:08:32,23560000,230800,265850,62800,4335
2026/09/21 18:12:32,23530000,230800,265830,62800,4337
2026/09/21 18:16:31,23530000,230800,265900,62800,4334
2026/09/21 18:20:31,23530000,230800,265630,62800,4335
2026/09/21 18:24:31,23530000,230800,265610,62800,4340
2026/09/21 18:28:32,23530000,230800,265550,62800,4337
2026/09/21 18:32:32,23530000,230800,265310,62800,4342
2026/09/21 18:36:31,23530000,230800,265310,62800,4346
2026/09/21 18:40:31,23530000,230800,265360,62800,4348
2026/09/21 18:44:31,23530000,230800,265400,62800,4348
2026/09/21 18:48:31,23530000,230800,265390,62800,4350
2026/09/21 18:52:31,23570000,230800,265220,62800,4348
2026/09/21 18:56:31,23570000,230800,265200,62800,4352
2026/09/21 19:00:31,23570000,230800,265160,62800,4351
2026/09/21 19:04:31,23570000,230800,265270,62800,4352
2026/09/21 19:08:31,23570000,230800,265200,62800,4354
2026/09/21 19:12:31,23570000,230800,265230,62800,4349
2026/09/21 19:16:31,23570000,230800,265060,62800,4350
2026/09/21 19:20:32,23600000,230800,265070,62800,4348
2026/09/21 19:24:32,23600000,230800,265080,62800,4347
2026/09/21 19:28:31,23600000,230800,265070,62800,4348
2026/09/21 19:32:32,23600000,230800,265030,62800,4346
2026/09/21 19:36:31,23600000,230800,265030,62800,4349
2026/09/21 19:40:31,23600000,230800,265040,62800,4352
2026/09/21 19:44:31,23600000,230800,265080,62800,4355
2026/09/21 19:48:31,23600000,230800,265030,62800,4354
2026/09/21 19:52:31,23600000,230800,265000,62800,4353
2026/09/21 19:56:31,23600000,230800,265120,62800,4349
2026/09/21 20:00:31,23600000,230800,265120,62800,4349
2026/09/21 20:04:32,23510000,230800,265110,62800,4351
2026/09/21 20:08:31,23510000,230800,265110,62800,4349
2026/09/21 20:12:31,23510000,230800,265110,62800,4349
2026/09/21 20:16:31,23510000,230800,265110,62800,4343
2026/09/21 20:20:31,23510000,230800,265110,62800,4345
2026/09/21 20:24:31,23510000,230800,265110,62800,4344
2026/09/21 20:28:31,23510000,230800,265110,62800,4344
2026/09/21 20:32:31,23510000,230800,265110,62800,4343
2026/09/21 20:36:31,23510000,230800,265110,62800,4344
2026/09/21 20:40:32,23510000,230800,265110,62800,4345
2026/09/21 20:44:31,23510000,230800,265110,62800,4346
2026/09/21 20:48:31,23510000,230800,265110,62800,4343
2026/09/21 20:52:31,23510000,230800,265110,62800,4341
2026/09/21 20:56:31,23510000,230800,265110,62800,4343
2026/09/21 21:00:31,23510000,230800,265110,62800,4345
2026/09/21 21:04:31,23510000,230800,265110,62800,4340
2026/09/21 21:08:31,23510000,230800,265110,62800,4339
2026/09/21 21:12:31,23430000,230800,265110,62800,4341
2026/09/21 21:16:31,23430000,230800,265110,62800,4340
2026/09/21 21:20:31,23430000,230800,265110,62800,4343
2026/09/21 21:24:31,23430000,230800,265110,62800,4344
2026/09/21 21:28:32,23430000,230800,265110,62800,4343
2026/09/21 21:32:31,23430000,230800,265110,62800,4344
2026/09/21 21:36:31,23430000,230800,265110,62800,4345
2026/09/21 21:40:31,23430000,230800,265110,62800,4350
2026/09/21 21:44:31,23430000,230800,265110,62800,4350
2026/09/21 21:48:31,23430000,230800,265110,62800,4351
2026/09/21 21:52:31,23430000,230800,265110,62800,4350
2026/09/21 21:56:31,23430000,230800,265110,62800,4350
2026/09/21 22:00:31,23430000,230800,265110,62800,4351
2026/09/21 22:04:31,23430000,230800,265110,62800,4350
2026/09/21 22:08:31,23430000,230800,265110,62800,4347
2026/09/21 22:12:31,23430000,230800,265110,62800,4346
2026/09/21 22:16:31,23430000,230800,265110,62800,4347
2026/09/21 22:20:31,23430000,230800,265110,62800,4347
2026/09/21 22:24:31,23430000,230800,265110,62800,4348
2026/09/21 22:28:31,23430000,230800,265110,62800,4348
2026/09/21 22:32:31,23430000,230800,265110,62800,4344
2026/09/21 22:36:31,23430000,230800,265110,62800,4343
2026/09/21 22:40:31,23430000,230800,265110,62800,4345
2026/09/21 22:44:31,23430000,230800,265110,62800,4345
2026/09/21 22:48:31,23430000,230800,265110,62800,4345
2026/09/21 22:52:31,23430000,230800,265110,62800,4346
2026/09/21 22:56:32,23430000,230800,265110,62800,4346
2026/09/21 23:00:31,23430000,230800,265110,62800,4349
2026/09/21 23:04:32,23430000,230800,265110,62800,4352
2026/09/21 23:08:31,23430000,230800,265110,62800,4353
2026/09/21 23:12:31,23430000,230800,265110,62800,4351
2026/09/21 23:16:32,23430000,230800,265110,62800,4346
2026/09/21 23:20:31,23430000,230800,265110,62800,4346
2026/09/21 23:24:31,23430000,230800,265110,62800,4345
2026/09/21 23:28:31,23430000,230800,265110,62800,4345
2026/09/21 23:32:31,23430000,230800,265110,62800,4342
2026/09/21 23:36:31,23430000,230800,265110,62800,4343
2026/09/21 23:40:32,23430000,230800,265110,62800,4343
2026/09/21 23:44:31,23430000,230800,265110,62800,4342
2026/09/21 23:48:31,23430000,230800,265110,62800,4340
2026/09/21 23:52:32,23430000,230800,265110,62800,4341
2026/09/21 23:56:31,23430000,230800,265110,62800,4340
2026/09/22 00:00:31,23430000,230800,265110,62800,4341
2026/09/22 00:04:31,23430000,230800,265110,62800,4340
2026/09/22 00:08:31,23430000,230800,265110,62800,4341
2026/09/22 00:12:31,23430000,230800,265110,62800,4342
2026/09/22 00:16:31,23430000,230800,265110,62800,4342
2026/09/22 00:20:31,23430000,230800,265110,62800,4342
2026/09/22 00:24:31,23430000,230800,265110,62800,4343
2026/09/22 00:28:31,23430000,230800,265110,62800,4343
2026/09/22 00:32:31,23430000,230800,265110,62800,4343
2026/09/22 00:36:31,23430000,230800,265110,62800,4343
2026/09/22 00:40:32,23430000,230800,265110,62800,4343
2026/09/22 00:44:31,23430000,230800,265110,62800,4343
2026/09/22 00:48:31,23430000,230800,265110,62800,4343
2026/09/22 00:52:31,23430000,230800,265110,62800,4343
2026/09/22 00:56:31,23430000,230800,265110,62800,4343
2026/09/22 01:00:32,23430000,230800,265110,62800,4343
2026/09/22 01:04:32,23430000,230800,265110,62800,4343
2026/09/22 01:08:32,23430000,230800,265110,62800,4343
2026/09/22 01:12:31,23430000,230800,265110,62800,4343
2026/09/22 01:16:31,23430000,230800,265110,62800,4343
2026/09/22 01:20:31,23430000,230800,265110,62800,4343
2026/09/22 01:24:31,23430000,230800,265110,62800,4343
2026/09/22 01:28:31,23430000,230800,265110,62800,4343
2026/09/22 01:32:32,23430000,230800,265110,62800,4343
2026/09/22 01:36:31,23430000,230800,265110,62800,4347
2026/09/22 01:40:32,23430000,230800,265110,62800,4349
2026/09/22 01:44:32,23430000,230800,265110,62800,4350
2026/09/22 01:48:31,23430000,230800,265110,62800,4350
2026/09/22 01:52:31,23430000,230800,265110,62800,4352
2026/09/22 01:56:31,23430000,230800,265110,62800,4351
2026/09/22 02:00:31,23430000,230800,265110,62800,4352
2026/09/22 02:04:31,23430000,230800,265110,62800,4352
2026/09/22 02:08:31,23430000,230800,265110,62800,4352
2026/09/22 02:12:31,23430000,230800,265110,62800,4352
2026/09/22 02:16:32,23430000,230800,265110,62800,4354
2026/09/22 02:20:32,23430000,230800,265110,62800,4359
2026/09/22 02:24:31,23430000,230800,265110,62800,4361
2026/09/22 02:28:31,23430000,230800,265110,62800,4364
2026/09/22 02:32:31,23430000,230800,265110,62800,4362
2026/09/22 02:36:32,23430000,230800,265110,62800,4364
2026/09/22 02:40:32,23430000,230800,265110,62800,4364
2026/09/22 02:44:31,23430000,230800,265110,62800,4362
2026/09/22 02:48:31,23430000,230800,265110,62800,4364
2026/09/22 02:52:31,23430000,230800,265110,62800,4360
2026/09/22 02:56:31,23430000,230800,265110,62800,4359
2026/09/22 03:00:31,23430000,230800,265110,62800,4360
2026/09/22 03:04:32,23430000,230800,265110,62800,4359
2026/09/22 03:08:31,23430000,230800,265110,62800,4364
2026/09/22 03:12:31,23430000,230800,265110,62800,4370
2026/09/22 03:16:31,23430000,230800,265110,62800,4367
2026/09/22 03:20:31,23430000,230800,265110,62800,4367
2026/09/22 03:24:32,23430000,230800,265110,62800,4366
2026/09/22 03:28:31,23430000,230800,265110,62800,4366
2026/09/22 03:32:31,23430000,230800,265110,62800,4368
2026/09/22 03:36:31,23430000,230800,265110,62800,4371
2026/09/22 03:40:31,23430000,230800,265110,62800,4373
2026/09/22 03:44:31,23430000,230800,265110,62800,4371
2026/09/22 03:48:31,23430000,230800,265110,62800,4364
2026/09/22 03:52:31,23430000,230800,265110,62800,4360
2026/09/22 03:56:31,23430000,230800,265110,62800,4361
2026/09/22 04:00:31,23430000,230800,265110,62800,4358
2026/09/22 04:04:31,23430000,230800,265110,62800,4357
2026/09/22 04:08:32,23430000,230800,265110,62800,4355
2026/09/22 04:12:32,23430000,230800,265110,62800,4350
2026/09/22 04:16:32,23430000,230800,265110,62800,4355
2026/09/22 04:20:31,23430000,230800,265110,62800,4355
2026/09/22 04:24:32,23430000,230800,265110,62800,4358
2026/09/22 04:28:32,23430000,230800,265110,62800,4360
2026/09/22 04:32:32,23430000,230800,265110,62800,4360
2026/09/22 04:36:32,23430000,230800,265110,62800,4361
2026/09/22 04:40:32,23430000,230800,265110,62800,4362
2026/09/22 04:44:31,23430000,230800,265110,62800,4354
2026/09/22 04:48:31,23430000,230800,265110,62800,4351
2026/09/22 04:52:31,23430000,230800,265110,62800,4352
2026/09/22 04:56:31,23430000,230800,265110,62800,4358
2026/09/22 05:00:32,23430000,230800,265110,62800,4355
2026/09/22 05:04:31,23430000,230800,265110,62800,4352
2026/09/22 05:08:31,23430000,230800,265110,62800,4355
2026/09/22 05:12:31,23430000,230800,265110,62800,4356
2026/09/22 05:16:31,23430000,230800,265110,62800,4350
2026/09/22 05:20:31,23430000,230800,265110,62800,4345
2026/09/22 05:24:31,23430000,230800,265110,62800,4348
2026/09/22 05:28:32,23430000,230800,265110,62800,4349
2026/09/22 05:32:32,23430000,230800,265110,62800,4350
2026/09/22 05:36:32,23430000,230800,265110,62800,4350
2026/09/22 05:40:31,23430000,230800,265110,62800,4343
2026/09/22 05:44:31,23430000,230800,265110,62800,4342
2026/09/22 05:48:31,23430000,230800,265110,62800,4342
2026/09/22 05:52:31,23430000,230800,265110,62800,4345
2026/09/22 05:56:31,23430000,230800,265110,62800,4349
2026/09/22 06:00:31,23430000,230800,265110,62800,4351
2026/09/22 06:04:32,23430000,230800,265110,62800,4353
2026/09/22 06:08:32,23430000,230800,265110,62800,4354
2026/09/22 06:12:32,23430000,230800,265110,62800,4351
2026/09/22 06:16:32,23430000,230800,265110,62800,4345
2026/09/22 06:20:31,23430000,230800,265110,62800,4345
2026/09/22 06:24:32,23430000,230800,265110,62800,4342
2026/09/22 06:28:31,23430000,230800,265110,62800,4343
2026/09/22 06:32:31,23430000,230800,265110,62800,4343
2026/09/22 06:36:31,23430000,230800,265110,62800,4341
2026/09/22 06:40:31,23430000,230800,265110,62800,4340
2026/09/22 06:44:31,23430000,230800,265110,62800,4343
2026/09/22 06:48:31,23430000,230800,265110,62800,4345
2026/09/22 06:52:32,23430000,230800,265110,62800,4344
2026/09/22 06:56:31,23430000,230800,265110,62800,4343
2026/09/22 07:00:31,23430000,230800,265110,62800,4345
2026/09/22 07:04:31,23430000,230800,265110,62800,4347
2026/09/22 07:08:31,23430000,230800,265110,62800,4347
2026/09/22 07:12:31,23430000,230800,265110,62800,4345
2026/09/22 07:16:31,23430000,230800,265110,62800,4343
2026/09/22 07:20:31,23430000,230800,265110,62800,4342
2026/09/22 07:24:32,23430000,230800,265110,62800,4342
2026/09/22 07:28:31,23430000,230800,265110,62800,4342
2026/09/22 07:32:31,23430000,230800,265110,62800,4342
2026/09/22 07:36:31,23430000,230800,265110,62800,4342
2026/09/22 07:40:31,23430000,230800,265110,62800,4336
2026/09/22 07:44:31,23430000,230800,265110,62800,4336
2026/09/22 07:48:31,23430000,230800,265110,62800,4336
2026/09/22 07:52:31,23430000,230800,265110,62800,4336
2026/09/22 07:56:31,23430000,230800,265110,62800,4337
2026/09/22 08:00:31,23430000,230800,265110,62800,4337
2026/09/22 08:04:31,23430000,230800,265110,62800,4337
2026/09/22 08:08:31,23430000,230800,265110,62800,4339
2026/09/22 08:12:31,23430000,230800,265110,62800,4338
2026/09/22 08:16:31,23430000,230800,265110,62800,4340
2026/09/22 08:20:31,23430000,230800,265110,62800,4339
2026/09/22 08:24:32,23430000,230800,265110,62800,4341
2026/09/22 08:28:32,23430000,230800,265110,62800,4342
2026/09/22 08:32:32,23430000,230800,265110,62800,4342
2026/09/22 08:36:31,23430000,230800,265110,62800,4343
2026/09/22 08:40:31,23430000,230800,265110,62800,4346
2026/09/22 08:44:31,23430000,230800,265110,62800,4347
2026/09/22 08:48:31,23430000,230800,265110,62800,4345
2026/09/22 08:52:32,23430000,230800,265110,62800,4336
2026/09/22 08:56:31,23430000,230800,265110,62800,4330
2026/09/22 09:00:32,23430000,230800,265110,62800,4332
2026/09/22 09:04:31,23460000,230800,265110,62800,4329
2026/09/22 09:08:31,23460000,230800,265110,62800,4322
2026/09/22 09:12:31,23460000,230800,265110,62800,4324
2026/09/22 09:16:31,23460000,230800,265110,62800,4323
2026/09/22 09:20:31,23460000,230800,265110,62800,4331
2026/09/22 09:24:31,23460000,230800,265110,62800,4331
2026/09/22 09:28:31,23930000,230800,265110,62800,4325
2026/09/22 09:32:31,23930000,230800,265110,62800,4322
2026/09/22 09:36:31,23930000,230800,265110,62800,4319
2026/09/22 09:40:31,23930000,230800,265110,62800,4317
2026/09/22 09:44:31,23930000,230800,265110,62800,4317
2026/09/22 09:48:31,24000000,230800,265110,62800,4319
2026/09/22 09:52:32,24000000,230800,265110,62800,4316
2026/09/22 09:56:31,24000000,230800,265110,62800,4319
2026/09/22 10:00:31,24000000,230800,265110,62800,4318
2026/09/22 10:04:31,23930000,230800,265110,62800,4319
2026/09/22 10:08:31,23860000,230800,265110,62800,4318
2026/09/22 10:12:31,23860000,230800,265110,62800,4318
2026/09/22 10:16:32,23860000,230800,265110,62800,4320
2026/09/22 10:20:32,23860000,230800,265110,62800,4321
2026/09/22 10:24:32,23860000,230800,265110,62800,4319
2026/09/22 10:28:32,23860000,230800,265110,62800,4318
2026/09/22 10:32:31,23860000,230800,265110,62800,4320
2026/09/22 10:36:31,23860000,230800,265110,62800,4318
2026/09/22 10:40:31,23920000,230800,265110,62800,4318
2026/09/22 10:44:31,23920000,230800,265110,62800,4321
2026/09/22 10:48:31,23920000,232800,265110,62800,4322
2026/09/22 10:52:31,23920000,232800,265110,62800,4324
2026/09/22 10:56:31,23920000,232800,265110,62800,4322
2026/09/22 11:00:31,23920000,232800,265110,62800,4318
2026/09/22 11:04:32,23970000,232800,270260,62800,4310
2026/09/22 11:08:31,23970000,232800,270360,62800,4311
2026/09/22 11:12:31,23970000,232800,270260,62800,4313
2026/09/22 11:16:31,23970000,232800,270070,62800,4311
2026/09/22 11:20:31,23900000,232800,269610,62800,4313
2026/09/22 11:24:31,23900000,232800,269580,62800,4303
2026/09/22 11:28:31,23900000,232800,269610,62800,4300
2026/09/22 11:32:36,23900000,232800,269540,62800,4300
2026/09/22 11:36:31,23900000,232800,269420,62800,4305
2026/09/22 11:40:31,23900000,232800,269530,62800,4309
2026/09/22 11:44:32,23900000,233800,269470,62800,4310
2026/09/22 11:48:32,23900000,233800,269710,62800,4302
2026/09/22 11:52:31,23900000,233800,269240,62800,4304
2026/09/22 11:56:31,23860000,233800,269180,62800,4305
2026/09/22 12:00:32,23860000,233800,269170,62800,4298
2026/09/22 12:04:31,23860000,233800,268560,62800,4292
2026/09/22 12:08:31,23860000,233800,268560,62800,4305
2026/09/22 12:12:31,23860000,233800,268560,62800,4317
2026/09/22 12:16:31,23860000,233800,268630,62800,4319
2026/09/22 12:20:32,23860000,233800,268630,62800,4320
2026/09/22 12:24:31,23900000,233800,268160,62800,4332
2026/09/22 12:28:31,23900000,233800,268330,62800,4333
2026/09/22 12:32:31,23900000,233800,268110,62800,4326
2026/09/22 12:36:31,23900000,233800,268350,62800,4318
2026/09/22 12:40:31,23830000,234800,268090,63700,4321
2026/09/22 12:44:31,23830000,234800,267910,63700,4318
2026/09/22 12:48:31,23830000,234800,267430,63700,4320
2026/09/22 12:52:31,23830000,234800,267770,63700,4317
2026/09/22 12:56:31,23830000,234800,267530,63700,4317
2026/09/22 13:00:31,23830000,234800,267560,63700,4315
2026/09/22 13:04:31,23830000,234200,267570,63700,4314
2026/09/22 13:08:36,23800000,234200,267890,63700,4315
2026/09/22 13:12:31,23800000,234200,267660,63700,4315
2026/09/22 13:16:31,23800000,234200,267660,63700,4320
2026/09/22 13:20:31,23800000,234200,267790,63700,4322
2026/09/22 13:24:31,23800000,234200,267890,63700,4327
2026/09/22 13:28:31,23800000,234200,267900,63700,4328
2026/09/22 13:32:31,23800000,234200,267900,63700,4335
2026/09/22 13:36:32,23800000,234200,267520,63700,4336
2026/09/22 13:40:32,23800000,234200,267390,63700,4335
2026/09/22 13:44:32,23800000,234200,267380,63700,4330
2026/09/22 13:48:31,23800000,234200,267380,63700,4331
2026/09/22 13:52:31,23770000,234200,267390,63700,4329
2026/09/22 13:56:32,23770000,234200,267010,63700,4329
2026/09/22 14:00:32,23770000,234200,266980,63700,4330
2026/09/22 14:04:31,23770000,234200,267000,63700,4329
2026/09/22 14:08:31,23770000,234200,266980,63700,4329
2026/09/22 14:12:32,23770000,234200,267050,63700,4332
2026/09/22 14:16:31,23770000,234200,267080,63700,4330
2026/09/22 14:20:31,23770000,234200,267090,63700,4327
2026/09/22 14:24:31,23770000,234200,267090,63700,4329
2026/09/22 14:28:32,23770000,234200,267340,63700,4324
2026/09/22 14:32:32,23770000,234200,267320,63700,4320
2026/09/22 14:36:31,23770000,234200,267330,63700,4319
2026/09/22 14:40:31,23770000,234200,267510,63700,4310
2026/09/22 14:44:31,23770000,234200,267480,63700,4312
2026/09/22 14:48:32,23770000,233100,267510,63250,4316
2026/09/22 14:52:31,23770000,233100,267430,63250,4314
2026/09/22 14:56:31,23770000,233100,267920,63250,4315
2026/09/22 15:00:31,23770000,233100,268220,63250,4316
2026/09/22 15:04:31,23770000,233100,268190,63250,4316
2026/09/22 15:08:31,23770000,233100,267950,63250,4314
2026/09/22 15:12:31,23770000,233100,267940,63250,4317
2026/09/22 15:16:31,23770000,233100,268800,63250,4318
2026/09/22 15:20:32,23770000,233100,268770,63250,4320
2026/09/22 15:24:32,23770000,233100,268800,63250,4320
2026/09/22 15:28:31,23770000,233100,268580,63250,4322
2026/09/22 15:32:32,23770000,233100,268610,63290,4322
2026/09/22 15:36:32,23770000,233100,268350,63290,4325
2026/09/22 15:40:32,23770000,233100,268350,63290,4323
2026/09/22 15:44:31,23770000,233100,268600,63290,4322
2026/09/22 15:48:31,23770000,233100,268560,63290,4323
2026/09/22 15:52:31,23770000,233100,268600,63290,4334
2026/09/22 15:56:31,23770000,233100,268610,63290,4340
2026/09/22 16:00:32,23770000,233100,268400,63290,4334
2026/09/22 16:04:32,23770000,233100,268650,63290,4339
2026/09/22 16:08:32,23770000,233100,268430,63290,4339
2026/09/22 16:12:31,23770000,233100,268410,63290,4339
2026/09/22 16:16:31,23770000,233100,268410,63290,4332
2026/09/22 16:20:32,23770000,233100,268410,63290,4332
2026/09/22 16:24:31,23770000,233100,268410,63290,4331
2026/09/22 16:28:31,23770000,233100,268410,63290,4336
2026/09/22 16:32:32,23770000,233100,268410,63290,4333
2026/09/22 16:36:32,23770000,233100,268410,63290,4334
2026/09/22 16:40:31,23770000,233100,268410,63290,4339
2026/09/22 16:44:31,23770000,233100,268410,63290,4339
2026/09/22 16:48:31,23770000,233100,268410,63290,4338
2026/09/22 16:52:32,23770000,233100,268410,63290,4336
2026/09/22 16:56:31,23770000,233100,268410,63290,4333
2026/09/22 17:00:31,23770000,233100,268410,63290,4331
2026/09/22 17:04:31,23770000,233100,268410,63290,4333
2026/09/22 17:08:32,23800000,233100,268410,63290,4331
2026/09/22 17:12:32,23800000,233100,268410,63250,4328
2026/09/22 17:16:31,23800000,233100,268410,63250,4343
2026/09/22 17:20:31,23800000,233100,268410,63250,4340
2026/09/22 17:24:32,23800000,233100,268410,63250,4338
2026/09/22 17:28:31,23800000,233100,268410,63250,4336
2026/09/22 17:32:31,23800000,233100,268410,63250,4333
2026/09/22 17:36:31,23800000,233100,268410,63250,4328
2026/09/22 17:40:31,23800000,233100,268410,63250,4330
2026/09/22 17:44:37,23770000,233100,268410,63250,4336
2026/09/22 17:48:31,23770000,233100,268410,63250,4329
2026/09/22 17:52:32,23770000,232400,268410,63250,4329
2026/09/22 17:56:32,23770000,232400,268410,63250,4331
2026/09/22 18:00:31,23770000,232100,268410,63250,4327
2026/09/22 18:04:31,23770000,232100,268410,63250,4327
2026/09/22 18:08:31,23770000,232100,268410,63250,4326
2026/09/22 18:12:31,23770000,232100,268410,63250,4321
2026/09/22 18:16:31,23770000,232100,268410,63250,4319
2026/09/22 18:20:31,23770000,232100,267680,63250,4320
2026/09/22 18:24:31,23770000,232100,267570,63250,4320
2026/09/22 18:28:31,23770000,232100,267570,63250,4325
2026/09/22 18:32:32,23770000,232100,267540,63250,4326
2026/09/22 18:36:31,23770000,232100,267540,63250,4329
2026/09/22 18:40:31,23770000,232100,267540,63250,4338
2026/09/22 18:44:31,23770000,232100,267540,63250,4336
2026/09/22 18:48:31,23770000,232100,267540,63250,4339
2026/09/22 18:52:32,23770000,232100,267540,63250,4335
2026/09/22 18:56:32,23770000,232100,267540,63250,4336
2026/09/22 19:00:32,23770000,232100,267540,63250,4335
2026/09/22 19:04:31,23770000,232100,267540,63250,4329
2026/09/22 19:08:32,23770000,232100,267540,63250,4330
2026/09/22 19:12:32,23770000,232100,267540,63250,4328
2026/09/22 19:16:31,23770000,232100,267540,63250,4326
2026/09/22 19:20:31,23770000,232100,267540,63250,4327
2026/09/22 19:24:31,23770000,232100,267540,63250,4327
2026/09/22 19:28:31,23770000,232100,267540,63250,4330
2026/09/22 19:32:31,23710000,232100,267540,63250,4329
2026/09/22 19:36:31,23710000,232100,267540,63250,4326
2026/09/22 19:40:31,23710000,232100,267540,63250,4326
2026/09/22 19:44:31,23710000,232100,267540,63250,4323
2026/09/22 19:48:32,23710000,232100,267540,63250,4324
2026/09/22 19:52:31,23710000,232100,267540,63250,4325
2026/09/22 19:56:31,23710000,232100,267540,63250,4326
2026/09/22 20:00:31,23710000,232100,267540,63250,4326
2026/09/22 20:04:31,23710000,232100,267540,63250,4327
2026/09/22 20:08:32,23710000,232100,267540,63250,4328
2026/09/22 20:12:31,23710000,232100,267540,63250,4328
2026/09/22 20:16:31,23710000,232100,267540,63250,4332
2026/09/22 20:20:36,23710000,232100,267540,63250,4336
2026/09/22 20:24:31,23710000,232100,267540,63250,4338
2026/09/22 20:28:31,23710000,232100,266990,63250,4336
2026/09/22 20:32:31,23710000,232100,266990,63250,4336
2026/09/22 20:36:31,23710000,232100,266990,63250,4336
2026/09/22 20:40:32,23670000,232100,266990,63250,4338
2026/09/22 20:44:31,23670000,232100,266990,63250,4339
2026/09/22 20:48:31,23670000,232100,266990,63250,4338
2026/09/22 20:52:31,23670000,232100,266990,63250,4339
2026/09/22 20:56:32,23670000,232100,266990,63250,4336
2026/09/22 21:00:32,23670000,232100,266990,63250,4337
2026/09/22 21:04:31,23670000,232100,266990,63250,4336
2026/09/22 21:08:31,23670000,232100,266990,63250,4337
2026/09/22 21:12:31,23670000,232100,266990,63250,4337
2026/09/22 21:16:32,23670000,232100,266990,63250,4338
2026/09/22 21:20:31,23670000,232100,266990,63250,4339
2026/09/22 21:24:32,23670000,232100,266990,63250,4346
2026/09/22 21:28:32,23670000,232100,266990,63250,4349
2026/09/22 21:32:32,23670000,232100,266990,63250,4348
2026/09/22 21:36:31,23670000,232100,266990,63250,4353
2026/09/22 21:40:31,23670000,232100,266990,63250,4358
2026/09/22 21:44:31,23670000,232100,266990,63250,4358
2026/09/22 21:48:31,23670000,232100,266990,63250,4359
2026/09/22 21:52:32,23670000,232100,266990,63250,4358
2026/09/22 21:56:31,23670000,232100,266990,63250,4355
2026/09/22 22:00:31,23670000,232100,266990,63250,4355
2026/09/22 22:04:31,23670000,232100,266990,63250,4355
2026/09/22 22:08:31,23670000,232100,266990,63250,4353
2026/09/22 22:12:32,23670000,232100,266990,63250,4352
2026/09/22 22:16:32,23670000,232100,266990,63250,4350
2026/09/22 22:20:31,23670000,232100,266990,63250,4352
2026/09/22 22:24:32,23670000,232100,266990,63250,4354
2026/09/22 22:28:32,23670000,232100,266990,63250,4351
2026/09/22 22:32:32,23670000,232100,266990,63250,4354
2026/09/22 22:36:31,23670000,232100,266990,63250,4354
2026/09/22 22:40:31,23670000,232100,266990,63250,4356
2026/09/22 22:44:31,23670000,232100,266990,63250,4358
2026/09/22 22:48:31,23670000,232100,266990,63250,4357
2026/09/22 22:52:32,23670000,232100,266990,63250,4357
2026/09/22 22:56:31,23670000,232100,266990,63250,4358
2026/09/22 23:00:31,23670000,232100,266990,63250,4358
2026/09/22 23:04:32,23670000,232100,266990,63250,4367
2026/09/22 23:08:32,23670000,232100,266990,63250,4367
2026/09/22 23:12:31,23670000,232100,266990,63250,4368
2026/09/22 23:16:31,23670000,232100,266990,63250,4369
2026/09/22 23:20:31,23670000,232100,266990,63250,4369
2026/09/22 23:24:32,23670000,232100,266990,63250,4367
2026/09/22 23:28:32,23670000,232100,266990,63250,4366
2026/09/22 23:32:32,23670000,232100,266990,63250,4363
2026/09/22 23:36:31,23670000,232100,266990,63250,4362
2026/09/22 23:40:31,23670000,232100,266990,63250,4362
2026/09/22 23:44:31,23670000,232100,266990,63250,4360
2026/09/22 23:48:31,23670000,232100,266990,63250,4360
2026/09/22 23:52:31,23670000,232100,266990,63250,4359
2026/09/22 23:56:31,23670000,232100,266990,63250,4360
2026/09/23 00:00:31,23670000,232100,266990,63250,4359
2026/09/23 00:04:32,23670000,232100,266990,63250,4359
2026/09/23 00:08:31,23670000,232100,266990,63250,4357
2026/09/23 00:12:31,23670000,232100,266990,63250,4359
2026/09/23 00:16:32,23670000,232100,266990,63250,4358
2026/09/23 00:20:31,23670000,232100,266990,63250,4358
2026/09/23 00:24:32,23670000,232100,266990,63250,4359
2026/09/23 00:28:32,23670000,232100,266990,63250,4358
2026/09/23 00:32:31,23670000,232100,266990,63250,4358
2026/09/23 00:36:31,23670000,232100,266990,63250,4358
2026/09/23 00:40:31,23670000,232100,266990,63250,4358
2026/09/23 00:44:31,23670000,232100,266990,63250,4358
2026/09/23 00:48:32,23670000,232100,266990,63250,4358
2026/09/23 00:52:31,23670000,232100,266990,63250,4358
2026/09/23 00:56:31,23670000,232100,266990,63250,4358
2026/09/23 01:00:32,23670000,232100,266990,63250,4358
2026/09/23 01:04:31,23670000,232100,266990,63250,4358
2026/09/23 01:08:31,23670000,232100,266990,63250,4358
2026/09/23 01:12:31,23670000,232100,266990,63250,4358
2026/09/23 01:16:31,23670000,232100,266990,63250,4358
2026/09/23 01:20:32,23670000,232100,266990,63250,4358
2026/09/23 01:24:31,23670000,232100,266990,63250,4358
2026/09/23 01:28:31,23670000,232100,266990,63250,4358
2026/09/23 01:32:31,23670000,232100,266990,63250,4358
2026/09/23 01:36:31,23670000,232100,266990,63250,4363
2026/09/23 01:40:31,23670000,232100,266990,63250,4362
2026/09/23 01:44:32,23670000,232100,266990,63250,4364
2026/09/23 01:48:32,23670000,232100,266990,63250,4363
2026/09/23 01:52:32,23670000,232100,266990,63250,4363
2026/09/23 01:56:32,23670000,232100,266990,63250,4364
2026/09/23 02:00:31,23670000,232100,266990,63250,4363
2026/09/23 02:04:31,23670000,232100,266990,63250,4364
2026/09/23 02:08:31,23670000,232100,266990,63250,4363
2026/09/23 02:12:31,23670000,232100,266990,63250,4364
2026/09/23 02:16:31,23670000,232100,266990,63250,4362
2026/09/23 02:20:31,23670000,232100,266990,63250,4362
2026/09/23 02:24:31,23670000,232100,266990,63250,4363
2026/09/23 02:28:32,23670000,232100,266990,63250,4362
2026/09/23 02:32:31,23670000,232100,266990,63250,4363
2026/09/23 02:36:32,23670000,232100,266990,63250,4363
2026/09/23 02:40:32,23670000,232100,266990,63250,4363
2026/09/23 02:44:31,23670000,232100,266990,63250,4360
2026/09/23 02:48:32,23670000,232100,266990,63250,4362
2026/09/23 02:52:31,23670000,232100,266990,63250,4363
2026/09/23 02:56:31,23670000,232100,266990,63250,4363
2026/09/23 03:00:32,23670000,232100,266990,63250,4363
2026/09/23 03:04:31,23670000,232100,266990,63250,4363
2026/09/23 03:08:31,23670000,232100,266990,63250,4363
2026/09/23 03:12:31,23670000,232100,266990,63250,4363
2026/09/23 03:16:31,23670000,232100,266990,63250,4364
2026/09/23 03:20:31,23670000,232100,266990,63250,4360
2026/09/23 03:24:31,23670000,232100,266990,63250,4361
2026/09/23 03:28:31,23670000,232100,266990,63250,4363
2026/09/23 03:32:31,23670000,232100,266990,63250,4364
2026/09/23 03:36:31,23670000,232100,266990,63250,4365
2026/09/23 03:40:31,23670000,232100,266990,63250,4363
2026/09/23 03:44:32,23670000,232100,266990,63250,4365
2026/09/23 03:48:32,23670000,232100,266990,63250,4365
2026/09/23 03:52:32,23670000,232100,266990,63250,4364
2026/09/23 03:56:32,23670000,232100,266990,63250,4361
2026/09/23 04:00:32,23670000,232100,266990,63250,4359
2026/09/23 04:04:31,23670000,232100,266990,63250,4360
2026/09/23 04:08:32,23670000,232100,266990,63250,4358
2026/09/23 04:12:31,23670000,232100,266990,63250,4358
2026/09/23 04:16:31,23670000,232100,266990,63250,4359
2026/09/23 04:20:31,23670000,232100,266990,63250,4357
2026/09/23 04:24:31,23670000,232100,266990,63250,4358
2026/09/23 04:28:31,23670000,232100,266990,63250,4357
2026/09/23 04:32:31,23670000,232100,266990,63250,4356
2026/09/23 04:36:31,23670000,232100,266990,63250,4351
2026/09/23 04:40:32,23670000,232100,266990,63250,4350
2026/09/23 04:44:31,23670000,232100,266990,63250,4347
2026/09/23 04:48:31,23670000,232100,266990,63250,4347
2026/09/23 04:52:32,23670000,232100,266990,63250,4348
2026/09/23 04:56:32,23670000,232100,266990,63250,4346
2026/09/23 05:00:32,23670000,232100,266990,63250,4343
2026/09/23 05:04:32,23670000,232100,266990,63250,4343
2026/09/23 05:08:31,23670000,232100,266990,63250,4345
2026/09/23 05:12:31,23670000,232100,266990,63250,4344
2026/09/23 05:16:32,23670000,232100,266990,63250,4345
2026/09/23 05:20:32,23670000,232100,266990,63250,4345
2026/09/23 05:24:32,23670000,232100,266990,63250,4344
2026/09/23 05:28:32,23670000,232100,266990,63250,4339
2026/09/23 05:32:31,23670000,232100,266990,63250,4341
2026/09/23 05:36:31,23670000,232100,266990,63250,4338
2026/09/23 05:40:31,23670000,232100,266990,63250,4338
2026/09/23 05:44:31,23670000,232100,266990,63250,4337
2026/09/23 05:48:31,23670000,232100,266990,63250,4337
2026/09/23 05:52:31,23670000,232100,266990,63250,4335
2026/09/23 05:56:31,23670000,232100,266990,63250,4338
2026/09/23 06:00:32,23670000,232100,266990,63250,4338
2026/09/23 06:04:31,23670000,232100,266990,63250,4337
2026/09/23 06:08:32,23670000,232100,266990,63250,4336
2026/09/23 06:12:31,23670000,232100,266990,63250,4335
2026/09/23 06:16:31,23670000,232100,266990,63250,4337
2026/09/23 06:20:32,23670000,232100,266990,63250,4335
2026/09/23 06:24:31,23670000,232100,266990,63250,4336
2026/09/23 06:28:31,23670000,232100,266990,63250,4334
2026/09/23 06:32:31,23670000,232100,266990,63250,4333
2026/09/23 06:36:31,23670000,232100,266990,63250,4334
2026/09/23 06:40:31,23670000,232100,266990,63250,4335
2026/09/23 06:44:31,23670000,232100,266990,63250,4338
2026/09/23 06:48:32,23670000,232100,266990,63250,4338
2026/09/23 06:52:31,23670000,232100,266990,63250,4336
2026/09/23 06:56:31,23670000,232100,266990,63250,4339
2026/09/23 07:00:31,23670000,232100,266990,63250,4338
2026/09/23 07:04:31,23670000,232100,266990,63250,4339
2026/09/23 07:08:31,23670000,232100,266990,63250,4339
2026/09/23 07:12:31,23670000,232100,266990,63250,4341
2026/09/23 07:16:31,23670000,232100,266990,63250,4341
2026/09/23 07:20:31,23670000,232100,266990,63250,4342
2026/09/23 07:24:31,23670000,232100,266990,63250,4342
2026/09/23 07:28:31,23670000,232100,266990,63250,4344
2026/09/23 07:32:31,23670000,232100,266990,63250,4343
2026/09/23 07:36:31,23670000,232100,266990,63250,4344
2026/09/23 07:40:32,23670000,232100,266990,63250,4345
2026/09/23 07:44:31,23670000,232100,266990,63250,4346
2026/09/23 07:48:31,23670000,232100,266990,63250,4345
2026/09/23 07:52:31,23670000,232100,266990,63250,4346
2026/09/23 07:56:31,23670000,232100,266990,63250,4345
2026/09/23 08:00:32,23670000,232100,266990,63250,4345
2026/09/23 08:04:31,23670000,232100,266990,63250,4344
2026/09/23 08:08:31,23670000,232100,266990,63250,4345
2026/09/23 08:12:31,23670000,232100,266990,63250,4344
2026/09/23 08:16:31,23670000,232100,266990,63250,4344
2026/09/23 08:20:31,23670000,232100,266990,63250,4346
2026/09/23 08:24:31,23670000,232100,266990,63250,4343
2026/09/23 08:28:32,23670000,232100,266990,63250,4344
2026/09/23 08:32:32,23670000,232100,266990,63250,4343
2026/09/23 08:36:31,23670000,232100,266990,63250,4344
2026/09/23 08:40:31,23670000,232100,266990,63250,4343
2026/09/23 08:44:31,23670000,232100,266990,63250,4343
2026/09/23 08:48:31,23670000,232100,266990,63250,4342
2026/09/23 08:52:31,23670000,232100,266990,63250,4342
2026/09/23 08:56:31,23670000,232100,266990,63250,4342
2026/09/23 09:00:31,23670000,232100,266990,63250,4341
2026/09/23 09:04:31,23670000,232100,266990,63250,4338
2026/09/23 09:08:31,23670000,232100,266990,63250,4336
2026/09/23 09:12:31,23560000,232100,266990,63250,4335
2026/09/23 09:16:31,23560000,232100,266990,63250,4330
2026/09/23 09:20:31,23560000,232100,266990,63250,4331
2026/09/23 09:24:31,23560000,232100,266990,63250,4331
2026/09/23 09:28:31,23560000,232100,266990,63250,4334
2026/09/23 09:32:31,23380000,231100,266990,63250,4335
2026/09/23 09:40:33,23380000,231100,266990,62500,4332
2026/09/23 09:44:38,23450000,231100,266990,62500,4330
2026/09/23 09:48:36,23450000,231100,266990,62500,4328
2026/09/23 09:52:31,23450000,231100,266990,62500,4328
2026/09/23 09:56:32,23450000,231100,266990,62500,4330
2026/09/23 10:00:31,23450000,231100,266990,62500,4329
2026/09/23 10:04:31,23450000,231100,266990,62500,4331
2026/09/23 10:08:32,23450000,231100,266990,62500,4332
2026/09/23 10:12:31,23520000,231100,266990,62500,4334
2026/09/23 10:16:31,23520000,231100,266990,62500,4332
2026/09/23 10:20:32,23450000,231100,266990,62500,4337
2026/09/23 10:24:32,23450000,231100,266990,62500,4333
2026/09/23 10:28:31,23450000,231100,266990,62500,4331
2026/09/23 10:32:32,23450000,231100,266990,62500,4332
2026/09/23 10:36:31,23450000,231100,266990,62500,4331
2026/09/23 10:40:37,23450000,231100,266990,62500,4328
2026/09/23 10:44:36,23450000,231100,266990,62500,4325
2026/09/23 11:00:40,23410000,231100,266990,62500,4324
2026/09/23 11:08:36,23410000,231100,266990,62500,4323
2026/09/23 11:12:35,23460000,231100,266990,62500,4321
2026/09/23 11:16:36,23460000,231100,266990,62500,4322
2026/09/23 11:20:37,23460000,231100,266990,62500,4322
2026/09/23 11:28:44,23460000,231100,266990,62500,4321
2026/09/23 11:32:36,23460000,228168,266990,62500,4319
2026/09/23 11:36:36,23460000,228105,266990,62500,4319
2026/09/23 11:48:36,23500000,228020,266990,62500,4320
2026/09/23 11:52:36,23500000,227974,266990,62500,4319
2026/09/23 11:56:32,23500000,227889,266990,62500,4322
2026/09/23 12:00:31,23500000,227889,266990,62500,4319
2026/09/23 12:04:31,23500000,227880,266990,62500,4317
2026/09/23 12:08:31,23540000,227957,264220,62500,4318
2026/09/23 12:12:31,23540000,227957,265100,62500,4318
2026/09/23 12:16:31,23540000,228046,265090,62500,4316
2026/09/23 12:20:31,23470000,228018,265100,62500,4318
2026/09/23 12:24:32,23470000,228018,265030,62500,4318
2026/09/23 12:28:31,23470000,227955,265030,62500,4318
2026/09/23 12:32:31,23470000,227980,265030,62500,4320
2026/09/23 12:36:32,23470000,227980,265030,62500,4317
2026/09/23 12:40:31,23470000,227891,265030,62500,4319
2026/09/23 12:44:31,23470000,227827,265030,62500,4319
2026/09/23 12:48:32,23530000,227827,265030,62500,4317
2026/09/23 12:52:31,23530000,227839,265030,63000,4317
2026/09/23 12:56:31,23530000,227950,265030,63000,4319
2026/09/23 13:00:31,23530000,227950,265030,63000,4316
2026/09/23 13:04:32,23530000,228026,265030,63000,4315
2026/09/23 13:08:32,23530000,228672,265030,63000,4314
2026/09/23 13:12:31,23530000,228672,265030,63000,4314
2026/09/23 13:16:31,23530000,228793,265030,63000,4314
2026/09/23 13:20:31,23530000,228724,265030,63000,4308
2026/09/23 13:24:31,23530000,228724,265030,63000,4312
2026/09/23 13:28:32,23530000,228680,265030,63000,4313
2026/09/23 13:32:31,23530000,228647,265030,63000,4314
2026/09/23 13:36:31,23530000,228647,265030,63000,4317
2026/09/23 13:40:31,23530000,228595,265030,63000,4317
2026/09/23 13:44:32,23530000,228675,265030,63000,4315
2026/09/23 13:48:32,23530000,228675,265030,63000,4316
2026/09/23 13:52:32,23530000,228893,265030,63000,4316
2026/09/23 13:56:32,23530000,228893,265030,63000,4315
2026/09/23 14:00:31,23500000,228987,264030,63000,4316
2026/09/23 14:04:32,23500000,229009,264060,63000,4317
2026/09/23 14:08:32,23500000,228943,264030,63000,4316
2026/09/23 14:12:31,23500000,228943,264020,63000,4314
2026/09/23 14:16:31,23500000,228859,264000,63000,4315
2026/09/23 14:20:31,23500000,228852,263980,63000,4313
2026/09/23 14:24:31,23500000,228852,264000,63000,4314
2026/09/23 14:28:31,23500000,228845,264020,63000,4315
2026/09/23 14:32:31,23500000,228750,264050,63000,4316
2026/09/23 14:36:31,23500000,228750,264050,63000,4315
2026/09/23 14:40:36,23500000,228680,264050,63000,4314
2026/09/23 14:44:31,23500000,228567,264050,63000,4316
2026/09/23 14:48:32,23500000,228567,264050,63000,4314
2026/09/23 14:52:31,23500000,228666,264050,63000,4310
2026/09/23 14:56:31,23500000,228960,264050,63000,4307
2026/09/23 15:00:32,23500000,228960,264050,63000,4306
2026/09/23 15:04:32,23500000,228933,264050,63000,4302
2026/09/23 15:08:32,23500000,228865,264050,63000,4302
2026/09/23 15:12:32,23500000,228865,264050,63000,4300
2026/09/23 15:16:31,23500000,228766,264050,63000,4306
2026/09/23 15:20:32,23500000,228678,264050,63000,4307
2026/09/23 15:24:31,23500000,228678,264050,62800,4309
2026/09/23 15:28:31,23500000,228622,264050,62800,4309
2026/09/23 15:32:31,23500000,228564,264050,62800,4312
2026/09/23 15:36:31,23500000,228564,264050,62800,4313
2026/09/23 15:40:31,23500000,228560,264050,62800,4312
2026/09/23 15:44:31,23500000,228627,264050,62800,4317
2026/09/23 15:48:32,23500000,228627,264050,62800,4316
2026/09/23 15:52:31,23500000,228625,264050,62800,4311
2026/09/23 15:56:31,23500000,228638,264050,62800,4314
2026/09/23 16:00:32,23500000,228638,264050,62800,4312
2026/09/23 16:04:32,23500000,228705,264050,62800,4309
2026/09/23 16:08:32,23500000,228705,264050,62800,4308
2026/09/23 16:12:31,23500000,228696,264050,62800,4302
2026/09/23 16:16:31,23500000,230890,264050,62800,4303
2026/09/23 16:20:31,23500000,230890,264050,62800,4305
2026/09/23 16:24:31,23500000,230890,264050,62800,4301
2026/09/23 16:28:31,23500000,231800,264980,62800,4306
2026/09/23 16:32:32,23500000,231800,264950,62800,4307
2026/09/23 16:36:32,23500000,231705,264820,62800,4306
2026/09/23 16:40:31,23500000,231700,264880,62800,4302
2026/09/23 16:44:32,23500000,231700,264880,62800,4301
2026/09/23 16:48:32,23500000,231700,264880,62800,4302
2026/09/23 16:52:32,23500000,231700,264880,62800,4304
2026/09/23 17:00:34,23500000,231700,264880,62800,4311
2026/09/23 17:04:31,23690000,231700,264880,62800,4304
2026/09/23 17:08:31,23690000,231700,264880,62800,4304
2026/09/23 17:12:31,23690000,231700,264880,62800,4302
2026/09/23 17:16:31,23690000,231880,265250,62800,4286
2026/09/23 17:20:31,23690000,231880,265250,62800,4283
2026/09/23 17:24:31,23690000,232070,265250,62800,4286
2026/09/23 17:28:31,23690000,232600,265630,62800,4286
2026/09/23 17:32:32,23720000,232600,265610,62800,4287
2026/09/23 17:36:31,23720000,232600,265650,62800,4287
2026/09/23 17:40:31,23720000,232500,265500,62800,4292
2026/09/23 17:44:31,23720000,232300,265300,62800,4286
2026/09/23 17:48:31,23720000,232100,265110,62800,4283
2026/09/23 17:52:31,23720000,232120,265150,62800,4280
2026/09/23 17:56:31,23720000,232070,265220,62800,4282
2026/09/23 18:00:32,23720000,232100,265000,62800,4280
2026/09/23 18:04:32,23720000,232100,265400,62800,4285
2026/09/23 18:08:31,23720000,232300,265210,62800,4285
2026/09/23 18:12:31,23720000,232320,265100,62800,4284
2026/09/23 18:16:31,23720000,232290,265100,62800,4287
2026/09/23 18:20:32,23720000,232300,265300,62800,4287
2026/09/23 18:24:31,23720000,232315,265390,62800,4293
2026/09/23 18:28:31,23760000,232315,265190,62800,4297
2026/09/23 18:32:31,23760000,232300,265150,62800,4291
2026/09/23 18:36:31,23760000,232100,264920,62800,4290
2026/09/23 18:40:31,23760000,232105,265100,62800,4294
2026/09/23 18:44:32,23760000,232100,265080,62800,4294
2026/09/23 18:48:31,23760000,231500,264370,62800,4292
2026/09/23 18:52:32,23640000,231360,264390,62800,4291
2026/09/23 18:56:32,23640000,231405,264360,62800,4293
2026/09/23 19:00:31,23640000,231400,264400,62800,4285
2026/09/23 19:04:31,23640000,231400,264250,62800,4283
2026/09/23 19:08:31,23640000,231415,264260,62800,4283
2026/09/23 19:12:32,23640000,231400,264190,62800,4280
2026/09/23 19:16:31,23640000,231400,264110,62800,4284
2026/09/23 19:20:32,23640000,231415,264130,62800,4278
2026/09/23 19:24:31,23640000,231420,264150,62800,4279
2026/09/23 19:28:32,23640000,231400,264130,62800,4281
2026/09/23 19:32:31,23670000,231410,264160,62800,4282
2026/09/23 19:36:31,23670000,231410,264110,62800,4279
2026/09/23 19:40:32,23670000,231600,264360,62800,4282
2026/09/23 19:44:31,23670000,231600,264420,62800,4283
2026/09/23 19:48:31,23740000,231600,264460,62800,4283
2026/09/23 19:52:31,23740000,231605,264470,62800,4283
2026/09/23 19:56:31,23740000,231605,264450,62800,4283
2026/09/23 20:00:31,23740000,231605,264430,62800,4284
2026/09/23 20:04:32,23740000,231605,264420,62800,4285
2026/09/23 20:08:32,23740000,231605,264420,62800,4288
2026/09/23 20:12:31,23740000,231605,264420,62800,4287
2026/09/23 20:16:31,23770000,231605,264420,62800,4285
2026/09/23 20:20:32,23770000,231605,264420,62800,4282
2026/09/23 20:24:31,23770000,231605,264420,62800,4281
2026/09/23 20:28:37,23770000,231605,264420,62800,4284
2026/09/23 20:32:31,23770000,231605,264420,62800,4284
2026/09/23 20:36:31,23770000,231605,264420,62800,4280
2026/09/23 20:40:31,23730000,231605,264420,62800,4282
2026/09/23 20:44:31,23730000,231605,264420,62800,4279
2026/09/23 20:48:31,23730000,231605,264420,62800,4278
2026/09/23 20:52:31,23730000,231605,264420,62800,4283
2026/09/23 20:56:31,23730000,231605,264420,62800,4282
2026/09/23 21:00:31,23730000,231605,264420,62800,4281
2026/09/23 21:04:31,23730000,231605,264420,62800,4278
2026/09/23 21:08:31,23730000,231605,264420,62800,4280
2026/09/23 21:12:31,23730000,231605,264420,62800,4281
2026/09/23 21:16:32,23730000,231605,264420,62800,4288
2026/09/23 21:20:32,23730000,231605,264420,62800,4289
2026/09/23 21:24:31,23730000,231605,264420,62800,4291
2026/09/23 21:28:31,23730000,231605,264420,62800,4289
2026/09/23 21:32:31,23730000,231605,264420,62800,4294
2026/09/23 21:36:31,23730000,231605,264420,62800,4290
2026/09/23 21:40:31,23730000,231605,264420,62800,4290
2026/09/23 21:44:31,23730000,231605,264420,62800,4288
2026/09/23 21:48:32,23730000,231605,264420,62800,4289
2026/09/23 21:52:31,23730000,231605,264420,62800,4290
2026/09/23 21:56:31,23730000,231605,264420,62800,4288
2026/09/23 22:00:32,23730000,231605,264420,62800,4284
2026/09/23 22:04:32,23730000,231605,264420,62800,4286
2026/09/23 22:08:31,23730000,231605,264420,62800,4286
2026/09/23 22:12:31,23730000,231605,264420,62800,4284
2026/09/23 22:16:32,23730000,231605,264420,62800,4283
2026/09/23 22:20:31,23730000,231605,264420,62800,4286
2026/09/23 22:24:31,23730000,231605,264420,62800,4288
2026/09/23 22:28:31,23730000,231605,264420,62800,4289
2026/09/23 22:32:31,23730000,231605,264420,62800,4290
2026/09/23 22:36:32,23730000,231605,264420,62800,4288
2026/09/23 22:40:31,23730000,231605,264420,62800,4290
2026/09/23 22:44:31,23730000,231605,264420,62800,4287
2026/09/23 22:48:31,23730000,231605,264420,62800,4284
2026/09/23 22:52:31,23730000,231605,264420,62800,4284
2026/09/23 22:56:31,23730000,231605,264420,62800,4286
2026/09/23 23:00:31,23730000,231605,264420,62800,4287
2026/09/23 23:04:32,23730000,231605,264420,62800,4284
2026/09/23 23:08:32,23730000,231605,264420,62800,4283
2026/09/23 23:12:31,23730000,231605,264420,62800,4284
2026/09/23 23:16:31,23730000,231605,264420,62800,4283
2026/09/23 23:20:31,23730000,231605,264420,62800,4286
2026/09/23 23:24:32,23730000,231605,264420,62800,4285
2026/09/23 23:28:31,23730000,231605,264420,62800,4282
2026/09/23 23:32:32,23730000,231605,264420,62800,4284
2026/09/23 23:36:31,23730000,231605,264420,62800,4286
2026/09/23 23:40:32,23730000,231605,264420,62800,4287
2026/09/23 23:44:31,23730000,231605,264420,62800,4285
2026/09/23 23:48:32,23730000,231605,264420,62800,4285
2026/09/23 23:52:32,23730000,231605,264420,62800,4282
2026/09/23 23:56:32,23730000,231605,264420,62800,4284
2026/09/24 00:00:31,23730000,231605,264420,62800,4284
2026/09/24 00:04:31,23730000,231605,264420,62800,4284
2026/09/24 00:08:31,23730000,231605,264420,62800,4283
2026/09/24 00:12:31,23730000,231605,264420,62800,4285
2026/09/24 00:16:31,23730000,231605,264420,62800,4285
2026/09/24 00:20:31,23730000,231605,264420,62800,4285
2026/09/24 00:24:31,23730000,231605,264420,62800,4287
2026/09/24 00:28:31,23730000,231605,264420,62800,4289
2026/09/24 00:32:31,23730000,231605,264420,62800,4289
2026/09/24 00:36:31,23730000,231605,264420,62800,4289
2026/09/24 00:40:31,23730000,231605,264420,62800,4289
2026/09/24 00:44:31,23730000,231605,264420,62800,4289
2026/09/24 00:48:31,23730000,231605,264420,62800,4289
2026/09/24 00:52:31,23730000,231605,264420,62800,4289
2026/09/24 00:56:31,23730000,231605,264420,62800,4289
2026/09/24 01:00:31,23730000,231605,264420,62800,4289
2026/09/24 01:04:32,23730000,231605,264420,62800,4289
2026/09/24 01:08:32,23730000,231605,264420,62800,4289
2026/09/24 01:12:31,23730000,231605,264420,62800,4289
2026/09/24 01:16:31,23730000,231605,264420,62800,4289
2026/09/24 01:20:32,23730000,231605,264420,62800,4289
2026/09/24 01:24:31,23730000,231605,264420,62800,4289
2026/09/24 01:28:31,23730000,231605,264420,62800,4289
2026/09/24 01:32:31,23730000,231605,264420,62800,4289
2026/09/24 01:36:31,23730000,231605,264420,62800,4293
2026/09/24 01:40:31,23730000,231605,264420,62800,4292
2026/09/24 01:44:31,23730000,231605,264420,62800,4287
2026/09/24 01:48:31,23730000,231605,264420,62800,4287
2026/09/24 01:52:31,23730000,231605,264420,62800,4288
2026/09/24 01:56:31,23730000,231605,264420,62800,4290
2026/09/24 02:00:31,23730000,231605,264420,62800,4288
2026/09/24 02:04:31,23730000,231605,264420,62800,4289
2026/09/24 02:08:32,23730000,231605,264420,62800,4290
2026/09/24 02:12:31,23730000,231605,264420,62800,4290
2026/09/24 02:16:32,23730000,231605,264420,62800,4289
2026/09/24 02:20:32,23730000,231605,264420,62800,4291
2026/09/24 02:24:31,23730000,231605,264420,62800,4288
2026/09/24 02:28:31,23730000,231605,264420,62800,4290
2026/09/24 02:32:31,23730000,231605,264420,62800,4290
2026/09/24 02:36:31,23730000,231605,264420,62800,4291
2026/09/24 02:40:31,23730000,231605,264420,62800,4290
2026/09/24 02:44:31,23730000,231605,264420,62800,4291
2026/09/24 02:48:31,23730000,231605,264420,62800,4291
2026/09/24 02:52:31,23730000,231605,264420,62800,4290
2026/09/24 02:56:31,23730000,231605,264420,62800,4289
2026/09/24 03:00:31,23730000,231605,264420,62800,4288
2026/09/24 03:04:31,23730000,231605,264420,62800,4286
2026/09/24 03:08:31,23730000,231605,264420,62800,4286
2026/09/24 03:12:31,23730000,231605,264420,62800,4286
2026/09/24 03:16:31,23730000,231605,264420,62800,4286
2026/09/24 03:20:31,23730000,231605,264420,62800,4289
2026/09/24 03:24:31,23730000,231605,264420,62800,4290
2026/09/24 03:28:31,23730000,231605,264420,62800,4291
2026/09/24 03:32:31,23730000,231605,264420,62800,4290
2026/09/24 03:36:31,23730000,231605,264420,62800,4289
2026/09/24 03:40:31,23730000,231605,264420,62800,4290
2026/09/24 03:44:31,23730000,231605,264420,62800,4288
2026/09/24 03:48:31,23730000,231605,264420,62800,4288
2026/09/24 03:52:32,23730000,231605,264420,62800,4287
2026/09/24 03:56:31,23730000,231605,264420,62800,4288
2026/09/24 04:00:32,23730000,231605,264420,62800,4289
2026/09/24 04:04:32,23730000,231605,264420,62800,4291
2026/09/24 04:08:31,23730000,231605,264420,62800,4292
2026/09/24 04:12:32,23730000,231605,264420,62800,4294
2026/09/24 04:16:31,23730000,231605,264420,62800,4293
2026/09/24 04:20:31,23730000,231605,264420,62800,4293
2026/09/24 04:24:31,23730000,231605,264420,62800,4293
2026/09/24 04:28:31,23730000,231605,264420,62800,4299
2026/09/24 04:32:31,23730000,231605,264420,62800,4298
2026/09/24 04:36:31,23730000,231605,264420,62800,4290
2026/09/24 04:40:31,23730000,231605,264420,62800,4295
2026/09/24 04:44:31,23730000,231605,264420,62800,4301
2026/09/24 04:48:32,23730000,231605,264420,62800,4299
2026/09/24 04:52:31,23730000,231605,264420,62800,4299
2026/09/24 04:56:31,23730000,231605,264420,62800,4297
2026/09/24 05:00:31,23730000,231605,264420,62800,4299
2026/09/24 05:04:32,23730000,231605,264420,62800,4298
2026/09/24 05:08:31,23730000,231605,264420,62800,4295
2026/09/24 05:12:31,23730000,231605,264420,62800,4293
2026/09/24 05:16:31,23730000,231605,264420,62800,4290
2026/09/24 05:20:31,23730000,231605,264420,62800,4284
2026/09/24 05:24:31,23730000,231605,264420,62800,4286
2026/09/24 05:28:31,23730000,231605,264420,62800,4283
2026/09/24 05:32:31,23730000,231605,264420,62800,4279
2026/09/24 05:36:31,23730000,231605,264420,62800,4275
2026/09/24 05:40:31,23730000,231605,264420,62800,4274
2026/09/24 05:44:32,23730000,231605,264420,62800,4279
2026/09/24 05:48:31,23730000,231605,264420,62800,4284
2026/09/24 05:52:31,23730000,231605,264420,62800,4283
2026/09/24 05:56:31,23730000,231605,264420,62800,4286
2026/09/24 06:00:31,23730000,231605,264420,62800,4286
2026/09/24 06:04:32,23730000,231605,264420,62800,4293
2026/09/24 06:08:31,23730000,231605,264420,62800,4292
2026/09/24 06:12:31,23730000,231605,264420,62800,4293
2026/09/24 06:16:31,23730000,231605,264420,62800,4294
2026/09/24 06:20:32,23730000,231605,264420,62800,4292
2026/09/24 06:24:32,23730000,231605,264420,62800,4288
2026/09/24 06:28:32,23730000,231605,264420,62800,4292
2026/09/24 06:32:31,23730000,231605,264420,62800,4293
2026/09/24 06:36:31,23730000,231605,264420,62800,4288
2026/09/24 06:40:31,23730000,231605,264420,62800,4286
2026/09/24 06:44:32,23730000,231605,264420,62800,4288
2026/09/24 06:48:32,23730000,231605,264420,62800,4288
2026/09/24 06:52:32,23730000,231605,264420,62800,4287
2026/09/24 06:56:31,23730000,231605,264420,62800,4288
2026/09/24 07:00:31,23730000,231605,264420,62800,4287
2026/09/24 07:04:31,23730000,231605,264420,62800,4285
2026/09/24 07:08:31,23730000,231605,264420,62800,4283
2026/09/24 07:12:31,23730000,231605,264420,62800,4283
2026/09/24 07:16:31,23730000,231605,264420,62800,4283
2026/09/24 07:20:31,23730000,231605,264420,62800,4283
2026/09/24 07:24:31,23730000,231605,264420,62800,4282
2026/09/24 07:28:31,23730000,231605,264420,62800,4283
2026/09/24 07:32:31,23730000,231605,264420,62800,4284
2026/09/24 07:36:31,23730000,231605,264420,62800,4284
2026/09/24 07:40:31,23730000,231605,264420,62800,4284
2026/09/24 07:44:31,23730000,231605,264420,62800,4284
2026/09/24 07:48:31,23730000,231605,264420,62800,4286
2026/09/24 07:52:31,23730000,231605,264420,62800,4285
2026/09/24 07:56:31,23730000,231605,264420,62800,4284
2026/09/24 08:00:31,23730000,231605,264420,62800,4284
2026/09/24 08:04:31,23730000,231605,264420,62800,4287
2026/09/24 08:08:31,23730000,231605,264420,62800,4288
2026/09/24 08:12:31,23730000,231605,264420,62800,4287
2026/09/24 08:16:31,23730000,231605,264420,62800,4286
2026/09/24 08:20:31,23730000,231605,264420,62800,4288
2026/09/24 08:24:31,23730000,231605,264420,62800,4287
2026/09/24 08:28:31,23730000,231605,264420,62800,4289
2026/09/24 08:32:31,23730000,231605,264420,62800,4291
2026/09/24 08:36:31,23730000,231605,264420,62800,4295
2026/09/24 08:40:31,23730000,231605,264420,62800,4294
2026/09/24 08:44:32,23730000,231605,264420,62800,4291
2026/09/24 08:48:32,23730000,231605,264420,62800,4288
2026/09/24 08:52:32,23730000,231605,264420,62800,4289
2026/09/24 08:56:32,23730000,231605,264420,62800,4290
2026/09/24 09:00:32,23730000,231605,264420,62800,4290
2026/09/24 09:04:31,23730000,231605,264420,62800,4287
2026/09/24 09:08:31,23730000,231605,264420,62800,4286
2026/09/24 09:12:31,23730000,231605,264420,62800,4284
2026/09/24 09:16:31,23730000,231605,264420,62800,4280
2026/09/24 09:20:31,23730000,231605,264420,62800,4283
2026/09/24 09:24:31,23730000,231605,264420,62800,4283
2026/09/24 09:28:31,23730000,231605,264420,62800,4277
2026/09/24 09:32:31,24150000,231605,264420,63200,4282
2026/09/24 09:36:32,24150000,231605,264420,63200,4280
2026/09/24 09:40:31,24070000,231605,264420,63200,4283
2026/09/24 09:44:31,24070000,231605,264420,63200,4283
2026/09/24 09:48:31,24070000,231605,264420,63200,4282
2026/09/24 09:52:31,24070000,231605,264420,63200,4284
2026/09/24 09:56:31,24070000,231605,264420,63200,4284
2026/09/24 10:00:31,24070000,231605,264420,63200,4282
2026/09/24 10:04:31,24020000,231605,264420,63200,4281
2026/09/24 10:08:31,24020000,231605,264420,63200,4277
2026/09/24 10:12:31,24020000,231605,264420,63200,4279
2026/09/24 10:16:31,24020000,231605,264420,63200,4277
2026/09/24 10:20:31,24020000,231605,264420,63200,4274
2026/09/24 10:24:32,24020000,231605,264420,63200,4277
2026/09/24 10:28:31,24020000,231605,264420,63200,4277
2026/09/24 10:32:32,24020000,231605,264420,63200,4275
2026/09/24 10:36:32,24020000,231605,264420,63200,4281
2026/09/24 10:40:37,24020000,231605,264420,63200,4282
2026/09/24 10:44:36,24020000,231605,264420,63200,4283
2026/09/24 10:48:31,24020000,231605,264420,63200,4285
2026/09/24 10:52:32,24020000,231605,264420,63200,4284
2026/09/24 10:56:31,24080000,231605,264420,63200,4283
2026/09/24 11:00:31,24080000,231605,264420,63200,4283
2026/09/24 11:04:32,24080000,235670,269030,63200,4286
2026/09/24 11:08:31,24080000,236200,269680,63200,4285
2026/09/24 11:12:31,24150000,236200,269660,63200,4282
2026/09/24 11:16:31,24150000,236215,269610,63200,4283
2026/09/24 11:20:31,24150000,236100,269510,63200,4281
2026/09/24 11:24:32,24150000,235900,269350,63200,4282
2026/09/24 11:28:32,24150000,235700,269230,63200,4279
2026/09/24 11:32:32,24150000,235685,269200,63200,4280
2026/09/24 11:36:34,24110000,235675,269180,63200,4285
2026/09/24 11:40:37,24110000,235600,269080,63200,4282
2026/09/24 11:44:38,24110000,235705,269240,63200,4280
2026/09/24 11:48:31,24110000,235605,269040,63200,4272
2026/09/24 11:52:31,24110000,235590,269010,63200,4268
2026/09/24 11:56:31,24110000,235570,268900,63200,4266
2026/09/24 12:00:31,24070000,235695,269010,63200,4264
2026/09/24 12:04:31,24070000,235600,268990,64000,4273
2026/09/24 12:08:31,24070000,235600,268930,64000,4264
2026/09/24 12:12:31,24070000,235400,268710,64000,4267
2026/09/24 12:16:31,24070000,235400,268680,64000,4269
2026/09/24 12:20:31,24070000,235590,268930,64500,4268
2026/09/24 12:24:31,24070000,235400,268610,64500,4267
2026/09/24 12:28:31,24040000,235300,268510,64500,4261
2026/09/24 12:32:31,24040000,235300,268430,64500,4264
2026/09/24 12:36:31,24040000,235400,268400,64500,4260
2026/09/24 12:40:31,24040000,235200,268290,64500,4263
2026/09/24 12:44:31,24040000,235300,268360,64500,4262
2026/09/24 12:48:31,24040000,235200,268200,64500,4262
2026/09/24 12:52:32,24040000,235100,268010,64500,4263
2026/09/24 12:56:31,24040000,235100,268000,64500,4263
2026/09/24 13:00:32,24040000,235200,268130,64500,4256
2026/09/24 13:04:31,24000000,235200,268090,64500,4259
2026/09/24 13:08:31,24000000,235105,267980,64500,4257
2026/09/24 13:12:31,24000000,234900,267840,64500,4255
2026/09/24 13:16:31,24000000,234900,267720,64500,4253
2026/09/24 13:20:31,24000000,235100,267760,64500,4253
2026/09/24 13:24:31,24000000,235085,267740,64500,4255
2026/09/24 13:28:32,24030000,235100,267770,64500,4254
2026/09/24 13:32:32,24030000,235060,267750,64500,4257
2026/09/24 13:36:31,24030000,235300,268010,64500,4252
2026/09/24 13:40:31,24030000,235300,267980,64500,4253
2026/09/24 13:44:31,24030000,235400,268120,64500,4252
2026/09/24 13:48:31,24030000,235400,268120,64500,4254
2026/09/24 13:52:31,24030000,235400,268070,64500,4251
2026/09/24 13:56:31,23980000,235400,268050,64500,4248
2026/09/24 14:00:31,23980000,235420,267890,64500,4249
2026/09/24 14:04:31,23980000,235400,267830,64500,4251
2026/09/24 14:08:31,23980000,235400,267900,64500,4259
2026/09/24 14:12:31,23980000,235400,267930,64500,4260
2026/09/24 14:16:31,23980000,235260,267920,64500,4258
2026/09/24 14:20:31,23980000,235265,267900,64500,4262
2026/09/24 14:24:31,23980000,235300,267940,64500,4258
2026/09/24 14:28:31,23980000,235300,267860,64500,4256
2026/09/24 14:32:31,23980000,235000,267570,64500,4258
2026/09/24 14:36:31,23980000,234600,267210,64500,4256
2026/09/24 14:40:31,23980000,234600,267180,64500,4252
2026/09/24 14:44:32,23980000,234600,267160,64500,4254
2026/09/24 14:48:31,23980000,234420,266950,64500,4260
2026/09/24 14:52:31,23980000,234400,267000,64500,4265
2026/09/24 14:56:31,23980000,234200,266780,64500,4265
2026/09/24 15:00:31,23980000,234310,266830,64500,4265
2026/09/24 15:04:32,23980000,234300,266860,64500,4262
2026/09/24 15:08:32,23980000,234300,266860,64500,4261
2026/09/24 15:12:31,23980000,234260,266870,64500,4259
2026/09/24 15:16:31,23980000,234300,266770,64500,4260
2026/09/24 15:20:31,23980000,234500,267020,64500,4260
2026/09/24 15:24:31,23980000,234500,266990,64500,4260
2026/09/24 15:28:31,23980000,234610,267080,64500,4260
2026/09/24 15:32:31,23980000,234600,267110,64500,4263
2026/09/24 15:36:31,23980000,234600,267050,64500,4262
2026/09/24 15:40:31,23980000,234600,267010,64500,4264
2026/09/24 15:44:31,23980000,234600,266990,64500,4269
2026/09/24 15:48:31,23980000,234600,267030,64500,4268
2026/09/24 15:52:32,23980000,234600,267070,64500,4270
2026/09/24 15:56:31,23980000,234570,267010,64500,4269
2026/09/24 16:00:31,23980000,234610,267040,64500,4269
2026/09/24 16:04:31,23980000,234600,267030,64500,4270
2026/09/24 16:08:36,23980000,234600,267020,64500,4266
2026/09/24 16:12:31,23980000,234600,267020,64500,4271
2026/09/24 16:16:31,23980000,234605,266940,64500,4271
2026/09/24 16:20:31,23980000,234600,267000,64500,4274
2026/09/24 16:24:31,23980000,234600,266970,64500,4277
2026/09/24 16:28:31,23980000,234600,266980,64500,4281
2026/09/24 16:32:31,23980000,234620,266980,64500,4284
2026/09/24 16:36:31,23980000,234700,267200,64500,4281
2026/09/24 16:40:31,23980000,234675,267260,64500,4279
2026/09/24 16:44:31,23980000,234710,267200,64500,4281
2026/09/24 16:48:31,23980000,234700,267240,64500,4277
2026/09/24 16:52:31,23980000,234700,267250,64500,4277
2026/09/24 16:56:31,23980000,234685,267280,64500,4277
2026/09/24 17:00:31,23980000,234700,267270,64500,4276
2026/09/24 17:04:32,24030000,234715,267240,64500,4274
2026/09/24 17:08:31,24030000,234715,267240,64500,4270
2026/09/24 17:12:31,24030000,234715,267240,64500,4267
2026/09/24 17:16:31,24030000,234715,267240,64500,4272
2026/09/24 17:20:32,24030000,234715,267240,64500,4272
2026/09/24 17:24:31,24030000,234715,267240,64500,4267
2026/09/24 17:28:31,24030000,234715,267240,64500,4265
2026/09/24 17:32:32,24030000,234715,267240,64500,4266
2026/09/24 17:36:31,24030000,234715,267240,64500,4269
2026/09/24 17:40:32,24030000,234715,267240,64500,4269
2026/09/24 17:44:31,24030000,234715,267240,64500,4270
2026/09/24 17:48:32,24030000,234715,267240,64500,4265
2026/09/24 17:52:31,24030000,234715,267240,64500,4262
2026/09/24 17:56:31,24030000,234715,267240,64500,4263
2026/09/24 18:00:31,24030000,234715,267240,64500,4267
2026/09/24 18:04:31,24030000,234715,267240,64500,4260
2026/09/24 18:08:31,24030000,234715,267240,64500,4261
2026/09/24 18:12:37,24030000,234715,267240,64500,4255
2026/09/24 18:16:31,24030000,234715,267240,64500,4256
2026/09/24 18:20:32,24030000,234715,267240,64500,4257
2026/09/24 18:24:31,24030000,234715,267240,64500,4260
2026/09/24 18:28:31,24030000,234715,267240,64500,4254
2026/09/24 18:32:32,24030000,234715,267240,64500,4253
2026/09/24 18:36:31,24030000,234715,267240,64500,4250
2026/09/24 18:40:36,24030000,234715,267240,64500,4250
2026/09/24 18:44:31,24030000,234715,267240,64500,4247
2026/09/24 18:48:32,24030000,234715,267240,64500,4251
2026/09/24 18:52:32,24030000,234715,267240,64500,4251
2026/09/24 18:56:31,24030000,234715,267240,64500,4254
2026/09/24 19:00:32,24030000,234715,267240,64500,4250
2026/09/24 19:04:31,24030000,234715,267240,64500,4249
2026/09/24 19:08:32,24030000,234715,267240,64500,4250
2026/09/24 19:12:32,24030000,234715,267240,64500,4253
2026/09/24 19:16:32,23990000,234715,267240,64500,4256
2026/09/24 19:20:32,23990000,234715,267240,64500,4254
2026/09/24 19:24:31,23990000,234715,267240,64500,4260
2026/09/24 19:28:31,23990000,234715,267240,64500,4257
2026/09/24 19:32:31,23990000,234715,267240,64500,4254
2026/09/24 19:36:32,23990000,234715,267240,64500,4257
2026/09/24 19:40:31,23990000,234715,267240,64500,4253
2026/09/24 19:44:31,23990000,234715,267240,64500,4253
2026/09/24 19:48:31,23990000,234715,267240,64500,4284
2026/09/24 19:52:36,23990000,234715,267240,64500,4276
2026/09/24 19:56:31,23950000,234715,267240,64500,4272
2026/09/24 20:00:32,23860000,234715,267240,64500,4275
2026/09/24 20:04:31,23860000,234715,267240,64500,4275
2026/09/24 20:08:31,23860000,234715,267240,64500,4278
2026/09/24 20:12:32,23860000,234715,267240,64500,4280
2026/09/24 20:16:31,23860000,234715,267240,64500,4274
2026/09/24 20:20:31,23860000,234715,267240,64500,4275
2026/09/24 20:24:31,23890000,234715,267240,64500,4271
2026/09/24 20:28:31,23890000,234715,267240,64500,4275
2026/09/24 20:32:31,23890000,234715,267240,64500,4273
2026/09/24 20:36:31,23890000,234715,267240,64500,4273
2026/09/24 20:40:32,23890000,234715,267240,64500,4271
2026/09/24 20:44:31,23890000,234715,267240,64500,4269
2026/09/24 20:48:32,23970000,234715,267240,64500,4266
2026/09/24 20:52:31,23970000,234715,267240,64500,4263
2026/09/24 20:56:31,23970000,234715,267240,64500,4261
2026/09/24 21:00:31,23970000,234715,267240,64500,4262
2026/09/24 21:04:32,23970000,234715,267240,64500,4264
2026/09/24 21:08:31,23970000,234715,267240,64500,4263
2026/09/24 21:12:31,23970000,234715,267240,64500,4261
2026/09/24 21:16:31,23970000,234715,267240,64500,4259
2026/09/24 21:20:31,23970000,234715,267240,64500,4258
2026/09/24 21:24:31,23970000,234715,267240,64500,4260
2026/09/24 21:28:31,23970000,234715,267240,64500,4262
2026/09/24 21:32:31,23970000,234715,267240,64500,4263
2026/09/24 21:36:31,23970000,234715,267240,64500,4258
2026/09/24 21:40:31,23970000,234715,267240,64500,4262
2026/09/24 21:44:31,23970000,234715,267240,64500,4268
2026/09/24 21:48:31,23970000,234715,267240,64500,4269
2026/09/24 21:52:31,23970000,234715,267240,64500,4267
2026/09/24 21:56:31,23970000,234715,267240,64500,4274
2026/09/24 22:00:31,23970000,234715,267240,64500,4274
2026/09/24 22:04:31,23970000,234715,267240,64500,4273
2026/09/24 22:08:32,23970000,234715,267240,64500,4269
2026/09/24 22:12:31,23970000,234715,267240,64500,4274
2026/09/24 22:16:31,23970000,234715,267240,64500,4272
2026/09/24 22:20:31,23970000,234715,267240,64500,4272
2026/09/24 22:24:31,23970000,234715,267240,64500,4274
2026/09/24 22:28:31,23970000,234715,267240,64500,4274
2026/09/24 22:32:31,23970000,234715,267240,64500,4271
2026/09/24 22:36:31,23970000,234715,267240,64500,4268
2026/09/24 22:40:31,23970000,234715,267240,64500,4269
2026/09/24 22:44:32,23970000,234715,267240,64500,4268
2026/09/24 22:48:31,23970000,234715,267240,64500,4270
2026/09/24 22:52:31,23970000,234715,267240,64500,4270
2026/09/24 22:56:31,23970000,234715,267240,64500,4275
2026/09/24 23:00:31,23970000,234715,267240,64500,4272
2026/09/24 23:04:31,23970000,234715,267240,64500,4272
2026/09/24 23:08:31,23970000,234715,267240,64500,4272
2026/09/24 23:12:31,23970000,234715,267240,64500,4274
2026/09/24 23:16:31,23970000,234715,267240,64500,4274
2026/09/24 23:20:31,23970000,234715,267240,64500,4274
2026/09/24 23:24:31,23970000,234715,267240,64500,4274
2026/09/24 23:28:31,23970000,234715,267240,64500,4273
2026/09/24 23:32:31,23970000,234715,267240,64500,4273
2026/09/24 23:36:31,23970000,234715,267240,64500,4272
2026/09/24 23:40:31,23970000,234715,267240,64500,4271
2026/09/24 23:44:31,23970000,234715,267240,64500,4271
2026/09/24 23:48:31,23970000,234715,267240,64500,4268
2026/09/24 23:52:31,23970000,234715,267240,64500,4265
2026/09/24 23:56:31,23970000,234715,267240,64500,4265
2026/09/25 00:00:31,23970000,234715,267240,64500,4265
2026/09/25 00:04:31,23970000,234715,267240,64500,4267
2026/09/25 00:08:31,23970000,234715,267240,64500,4266
2026/09/25 00:12:31,23970000,234715,267240,64500,4270
2026/09/25 00:16:31,23970000,234715,267240,64500,4272
2026/09/25 00:20:31,23970000,234715,267240,64500,4271
2026/09/25 00:24:31,23970000,234715,267240,64500,4271
2026/09/25 00:28:31,23970000,234715,267240,64500,4272
2026/09/25 00:32:31,23970000,234715,267240,64500,4272
2026/09/25 00:36:31,23970000,234715,267240,64500,4272
2026/09/25 00:40:31,23970000,234715,267240,64500,4272
2026/09/25 00:44:31,23970000,234715,267240,64500,4272
2026/09/25 00:48:31,23970000,234715,267240,64500,4272
2026/09/25 00:52:32,23970000,234715,267240,64500,4272
2026/09/25 00:56:32,23970000,234715,267240,64500,4272
2026/09/25 01:00:32,23970000,234715,267240,64500,4272
2026/09/25 01:04:32,23970000,234715,267240,64500,4272
2026/09/25 01:08:32,23970000,234715,267240,64500,4272
2026/09/25 01:12:31,23970000,234715,267240,64500,4272
2026/09/25 01:16:31,23970000,234715,267240,64500,4272
2026/09/25 01:20:31,23970000,234715,267240,64500,4272
2026/09/25 01:24:31,23970000,234715,267240,64500,4272
2026/09/25 01:28:31,23970000,234715,267240,64500,4272
2026/09/25 01:32:31,23970000,234715,267240,64500,4272
2026/09/25 01:36:31,23970000,234715,267240,64500,4272
2026/09/25 01:40:31,23970000,234715,267240,64500,4272
2026/09/25 01:44:31,23970000,234715,267240,64500,4271
2026/09/25 01:48:32,23970000,234715,267240,64500,4270
2026/09/25 01:52:32,23970000,234715,267240,64500,4268
2026/09/25 01:56:32,23970000,234715,267240,64500,4270
2026/09/25 02:00:32,23970000,234715,267240,64500,4271
2026/09/25 02:04:31,23970000,234715,267240,64500,4271
2026/09/25 02:08:31,23970000,234715,267240,64500,4271
2026/09/25 02:12:37,23970000,234715,267240,64500,4271
2026/09/25 02:16:31,23970000,234715,267240,64500,4271
2026/09/25 02:20:31,23970000,234715,267240,64500,4271
2026/09/25 02:24:31,23970000,234715,267240,64500,4271
2026/09/25 02:28:31,23970000,234715,267240,64500,4272
2026/09/25 02:32:31,23970000,234715,267240,64500,4273
2026/09/25 02:36:31,23970000,234715,267240,64500,4273
2026/09/25 02:40:32,23970000,234715,267240,64500,4273
2026/09/25 02:44:32,23970000,234715,267240,64500,4274
2026/09/25 02:48:32,23970000,234715,267240,64500,4273
2026/09/25 02:52:51,23970000,234715,267240,64500,4272
2026/09/25 02:56:31,23970000,234715,267240,64500,4273
2026/09/25 03:00:31,23970000,234715,267240,64500,4271
2026/09/25 03:04:31,23970000,234715,267240,64500,4273
2026/09/25 03:08:31,23970000,234715,267240,64500,4273
2026/09/25 03:12:31,23970000,234715,267240,64500,4273
2026/09/25 03:16:31,23970000,234715,267240,64500,4274
2026/09/25 03:20:32,23970000,234715,267240,64500,4271
2026/09/25 03:24:31,23970000,234715,267240,64500,4270
2026/09/25 03:28:31,23970000,234715,267240,64500,4266
2026/09/25 03:32:32,23970000,234715,267240,64500,4267
2026/09/25 03:36:31,23970000,234715,267240,64500,4269
2026/09/25 03:40:32,23970000,234715,267240,64500,4269
2026/09/25 03:44:31,23970000,234715,267240,64500,4266
2026/09/25 03:48:31,23970000,234715,267240,64500,4268
2026/09/25 03:52:31,23970000,234715,267240,64500,4267
2026/09/25 03:56:32,23970000,234715,267240,64500,4269
2026/09/25 04:00:32,23970000,234715,267240,64500,4269
2026/09/25 04:04:31,23970000,234715,267240,64500,4269
2026/09/25 04:08:31,23970000,234715,267240,64500,4270
2026/09/25 04:12:31,23970000,234715,267240,64500,4271
2026/09/25 04:16:31,23970000,234715,267240,64500,4271
2026/09/25 04:20:31,23970000,234715,267240,64500,4273
2026/09/25 04:24:31,23970000,234715,267240,64500,4273
2026/09/25 04:28:31,23970000,234715,267240,64500,4278
2026/09/25 04:32:31,23970000,234715,267240,64500,4282
2026/09/25 04:36:31,23970000,234715,267240,64500,4282
2026/09/25 04:40:31,23970000,234715,267240,64500,4284
2026/09/25 04:44:31,23970000,234715,267240,64500,4286
2026/09/25 04:48:32,23970000,234715,267240,64500,4290
2026/09/25 04:52:31,23970000,234715,267240,64500,4290
2026/09/25 04:56:31,23970000,234715,267240,64500,4293
2026/09/25 05:00:31,23970000,234715,267240,64500,4293
2026/09/25 05:04:31,23970000,234715,267240,64500,4293
2026/09/25 05:08:31,23970000,234715,267240,64500,4294
2026/09/25 05:12:31,23970000,234715,267240,64500,4294
2026/09/25 05:16:31,23970000,234715,267240,64500,4292
2026/09/25 05:20:31,23970000,234715,267240,64500,4288
2026/09/25 05:24:31,23970000,234715,267240,64500,4287
2026/09/25 05:28:31,23970000,234715,267240,64500,4287
2026/09/25 05:32:31,23970000,234715,267240,64500,4288
2026/09/25 05:36:31,23970000,234715,267240,64500,4291
2026/09/25 05:40:31,23970000,234715,267240,64500,4295
2026/09/25 05:44:31,23970000,234715,267240,64500,4291
2026/09/25 05:48:31,23970000,234715,267240,64500,4289
2026/09/25 05:52:31,23970000,234715,267240,64500,4291
2026/09/25 05:56:31,23970000,234715,267240,64500,4290
2026/09/25 06:00:31,23970000,234715,267240,64500,4289
2026/09/25 06:04:31,23970000,234715,267240,64500,4287
2026/09/25 06:08:31,23970000,234715,267240,64500,4286
2026/09/25 06:12:31,23970000,234715,267240,64500,4283
2026/09/25 06:16:31,23970000,234715,267240,64500,4286
2026/09/25 06:20:31,23970000,234715,267240,64500,4281
2026/09/25 06:24:31,23970000,234715,267240,64500,4280
2026/09/25 06:28:31,23970000,234715,267240,64500,4284
2026/09/25 06:32:32,23970000,234715,267240,64500,4283
2026/09/25 06:36:32,23970000,234715,267240,64500,4284
2026/09/25 06:40:32,23970000,234715,267240,64500,4284
2026/09/25 06:44:31,23970000,234715,267240,64500,4282
2026/09/25 06:48:31,23970000,234715,267240,64500,4283
2026/09/25 06:52:32,23970000,234715,267240,64500,4283
2026/09/25 06:56:32,23970000,234715,267240,64500,4282
2026/09/25 07:00:32,23970000,234715,267240,64500,4278
2026/09/25 07:04:31,23970000,234715,267240,64500,4277
2026/09/25 07:08:31,23970000,234715,267240,64500,4274
2026/09/25 07:12:32,23970000,234715,267240,64500,4275
2026/09/25 07:16:32,23970000,234715,267240,64500,4273
2026/09/25 07:20:32,23970000,234715,267240,64500,4272
2026/09/25 07:24:32,23970000,234715,267240,64500,4272
2026/09/25 07:28:32,23970000,234715,267240,64500,4271
2026/09/25 07:32:31,23970000,234715,267240,64500,4270
2026/09/25 07:36:31,23970000,234715,267240,64500,4271
2026/09/25 07:40:32,23970000,234715,267240,64500,4270
2026/09/25 07:44:31,23970000,234715,267240,64500,4269
2026/09/25 07:48:31,23970000,234715,267240,64500,4269
2026/09/25 07:52:32,23970000,234715,267240,64500,4268
2026/09/25 07:56:32,23970000,234715,267240,64500,4270
2026/09/25 08:00:31,23970000,234715,267240,64500,4271
2026/09/25 08:04:32,23970000,234715,267240,64500,4270
2026/09/25 08:08:32,23970000,234715,267240,64500,4270
2026/09/25 08:12:31,23970000,234715,267240,64500,4272
2026/09/25 08:16:31,23970000,234715,267240,64500,4272
2026/09/25 08:20:31,23970000,234715,267240,64500,4272
2026/09/25 08:24:32,23970000,234715,267240,64500,4267
2026/09/25 08:28:31,23970000,234715,267240,64500,4265
2026/09/25 08:32:31,23970000,234715,267240,64500,4263
2026/09/25 08:36:31,23970000,234715,267240,64500,4262
2026/09/25 08:40:31,23970000,234715,267240,64500,4261
2026/09/25 08:44:31,23970000,234715,267240,64500,4258
2026/09/25 08:48:31,23970000,234715,267240,64500,4260
2026/09/25 08:52:31,23970000,234715,267240,64500,4261
2026/09/25 08:56:31,23970000,234715,267240,64500,4260
2026/09/25 09:00:31,23970000,234715,267240,64500,4264
2026/09/25 09:04:31,23970000,234715,267240,64500,4270
2026/09/25 09:08:31,23970000,234715,267240,64500,4269
2026/09/25 09:12:31,23970000,234715,267240,64500,4274
2026/09/25 09:16:31,23970000,234715,267240,64500,4273
2026/09/25 09:20:31,23970000,234715,267240,64500,4271
2026/09/25 09:24:31,23970000,234715,267240,64500,4268
2026/09/25 09:28:31,23970000,234715,267240,64500,4266
2026/09/25 09:32:32,23970000,234715,267240,64500,4268
2026/09/25 09:36:31,23970000,234715,267240,64500,4272
2026/09/25 09:40:32,23970000,234715,267240,64500,4267
2026/09/25 09:44:31,23970000,234715,267240,64500,4274
2026/09/25 09:48:31,23970000,234715,267240,64500,4279
2026/09/25 09:52:31,23970000,234715,267240,64500,4280
2026/09/25 09:56:32,23970000,234715,267240,64500,4277
2026/09/25 10:00:31,23970000,234715,267240,64500,4274
2026/09/25 10:04:32,23970000,234715,267240,64500,4275
2026/09/25 10:08:31,23970000,234715,267240,64500,4275
2026/09/25 10:12:31,23970000,234715,267240,64500,4277
2026/09/25 10:16:31,23970000,234715,267240,64500,4276
2026/09/25 10:20:31,23970000,234715,267240,64500,4276
2026/09/25 10:24:31,23970000,234715,267240,64500,4275
2026/09/25 10:28:31,23970000,234715,267240,64500,4276
2026/09/25 10:32:31,23970000,234715,267240,64500,4279
2026/09/25 10:36:31,23970000,234715,267240,64500,4276
2026/09/25 10:40:32,23970000,234715,267240,64500,4275
2026/09/25 10:44:31,23970000,234715,267240,64500,4276
2026/09/25 10:48:31,23970000,234715,267240,64500,4275
2026/09/25 10:52:31,23970000,234715,267240,64500,4274
2026/09/25 10:56:31,23970000,234715,267240,64500,4275
2026/09/25 11:00:32,23970000,234715,267240,64500,4272
2026/09/25 11:04:31,23970000,234715,267240,64500,4273
2026/09/25 11:08:31,23970000,234715,267240,64500,4278
2026/09/25 11:12:31,23970000,234715,267240,64500,4275
2026/09/25 11:16:32,23970000,234715,267240,64500,4277
2026/09/25 11:20:31,23970000,234715,267240,64500,4278
2026/09/25 11:24:32,23970000,234715,267240,64500,4279
2026/09/25 11:28:31,23970000,234715,267240,64500,4281
2026/09/25 11:32:31,23970000,234715,267240,64500,4280
2026/09/25 11:36:31,23970000,234715,267240,64500,4276
2026/09/25 11:40:31,23970000,234715,267240,64500,4278
2026/09/25 11:44:31,23970000,234715,267240,64500,4282
2026/09/25 11:48:31,23970000,234715,267240,64500,4282
2026/09/25 11:52:31,23970000,234715,267240,64500,4280
2026/09/25 11:56:31,23970000,234715,267240,64500,4279
2026/09/25 12:00:31,23970000,234715,267240,64500,4284
2026/09/25 12:04:31,23970000,234715,267240,64500,4287
2026/09/25 12:08:31,23970000,234715,267240,64500,4287
2026/09/25 12:12:31,23970000,234715,267240,64500,4287
2026/09/25 12:16:31,23970000,234715,267240,64500,4293
2026/09/25 12:20:31,23970000,234715,267240,64500,4291
2026/09/25 12:24:31,23970000,234715,267240,64500,4291
2026/09/25 12:28:31,23970000,234715,267240,64500,4293
2026/09/25 12:32:32,23970000,234715,267240,64500,4295
2026/09/25 12:36:31,23970000,234715,267240,64500,4294
2026/09/25 12:40:31,23970000,234715,267240,64500,4296
2026/09/25 12:44:31,23970000,234715,267240,64500,4296
2026/09/25 12:48:32,23970000,234715,267240,64500,4293
2026/09/25 12:52:31,23970000,234715,267240,64500,4293
2026/09/25 12:56:31,23970000,234715,267240,64500,4296
2026/09/25 13:00:32,23970000,234715,267240,64500,4290
2026/09/25 13:04:31,23970000,234715,267240,64500,4295
2026/09/25 13:08:31,23970000,234715,267240,64500,4295
2026/09/25 13:12:31,23970000,234715,267240,64500,4294
2026/09/25 13:16:32,23970000,234715,267240,64500,4294
2026/09/25 13:20:31,23970000,234715,267240,64500,4293
2026/09/25 13:24:31,23970000,234715,267240,64500,4292
2026/09/25 13:28:31,23970000,234715,267240,64500,4292
2026/09/25 13:32:31,23970000,234715,267240,64500,4295
2026/09/25 13:36:31,23970000,234715,267240,64500,4295
2026/09/25 13:40:32,23970000,234715,267240,64500,4303
2026/09/25 13:44:32,23970000,234715,267240,64500,4302
2026/09/25 13:48:31,23970000,234715,267240,64500,4305
2026/09/25 13:52:32,23970000,234715,267240,64500,4306
2026/09/25 13:56:32,23970000,234715,267240,64500,4307
2026/09/25 14:00:31,23970000,234715,267240,64500,4307
2026/09/25 14:04:31,23970000,234715,267240,64500,4306
2026/09/25 14:08:32,23970000,234715,267240,64500,4305
2026/09/25 14:12:31,23970000,234715,267240,64500,4302
2026/09/25 14:16:31,23970000,234715,267240,64500,4305
2026/09/25 14:20:36,23970000,234715,267240,64500,4305
2026/09/25 14:24:32,23970000,234715,267240,64500,4306
2026/09/25 14:28:31,23970000,234715,267240,64500,4310
2026/09/25 14:32:31,23970000,234715,267240,64500,4311
2026/09/25 14:36:31,23970000,234715,267240,64500,4310
2026/09/25 14:40:31,23970000,234715,267240,64500,4314
2026/09/25 14:44:31,23970000,234715,267240,64500,4313
2026/09/25 14:48:31,23970000,234715,267240,64500,4312
2026/09/25 14:52:31,23970000,234715,267240,64500,4309
2026/09/25 14:56:31,23970000,234715,267240,64500,4310
2026/09/25 15:00:31,23970000,234715,267240,64500,4304
2026/09/25 15:04:31,23970000,234715,267240,64500,4305
2026/09/25 15:08:31,23970000,234715,267240,64500,4303
2026/09/25 15:12:31,23970000,234715,267240,64500,4300
2026/09/25 15:16:32,23970000,234715,267240,64500,4301
2026/09/25 15:20:31,23970000,234715,267240,64500,4303
2026/09/25 15:24:31,23970000,234715,267240,64500,4304
2026/09/25 15:28:31,23970000,234715,267240,64500,4305
2026/09/25 15:32:31,23970000,234715,267240,64500,4304
2026/09/25 15:36:31,23970000,234715,267240,64500,4304
2026/09/25 15:40:31,23970000,234715,267240,64500,4302
2026/09/25 15:44:31,23970000,234715,267240,64500,4300
2026/09/25 15:48:32,23970000,234715,267240,64500,4299
2026/09/25 15:52:31,23970000,234715,267240,64500,4305
2026/09/25 15:56:31,23970000,234715,267240,64500,4306
2026/09/25 16:00:31,23970000,234715,267240,64500,4306
2026/09/25 16:04:31,23970000,234715,267240,64500,4300
2026/09/25 16:08:31,23970000,234715,267240,64500,4300
2026/09/25 16:12:31,23970000,234715,267240,64500,4300
2026/09/25 16:16:32,23970000,234715,267240,64500,4301
2026/09/25 16:20:31,23970000,234715,267240,64500,4303
2026/09/25 16:24:32,23970000,234715,267240,64500,4300
2026/09/25 16:28:31,23970000,234715,267240,64500,4299
2026/09/25 16:32:31,23970000,234715,267240,64500,4296
2026/09/25 16:36:31,23970000,234715,267240,64500,4293
2026/09/25 16:40:31,23970000,234715,267240,64500,4296
2026/09/25 16:44:31,23970000,234715,267240,64500,4296
2026/09/25 16:48:31,23970000,234715,267240,64500,4293
2026/09/25 16:52:31,23970000,234715,267240,64500,4290
2026/09/25 16:56:31,23970000,234715,267240,64500,4285
2026/09/25 17:00:31,23970000,234715,267240,64500,4280
2026/09/25 17:04:31,23970000,234715,267240,64500,4278
2026/09/25 17:08:31,23970000,234715,267240,64500,4282
2026/09/25 17:12:32,23970000,234715,267240,64500,4281
2026/09/25 17:16:31,23970000,234715,267240,64500,4280
2026/09/25 17:20:31,23970000,234715,267240,64500,4277
2026/09/25 17:24:31,23970000,234715,267240,64500,4281
2026/09/25 17:28:31,23970000,234715,267240,64500,4277
2026/09/25 17:32:31,23970000,234715,267240,64500,4268
2026/09/25 17:36:31,23970000,234715,267240,64500,4258
2026/09/25 17:40:31,23970000,234715,267240,64500,4267
2026/09/25 17:44:31,23970000,234715,267240,64500,4266
2026/09/25 17:48:31,23970000,234715,267240,64500,4262
2026/09/25 17:52:31,23970000,234715,267240,64500,4266
2026/09/25 17:56:31,23970000,234715,267240,64500,4269
2026/09/25 18:00:31,23970000,234715,267240,64500,4267
2026/09/25 18:04:31,23970000,234715,267240,64500,4265
2026/09/25 18:08:32,23970000,234715,267240,64500,4266
2026/09/25 18:12:31,23970000,234715,267240,64500,4269
2026/09/25 18:16:31,23970000,234715,267240,64500,4272
2026/09/25 18:20:32,23970000,234715,267240,64500,4274
2026/09/25 18:24:32,23970000,234715,267240,64500,4275
2026/09/25 18:28:31,23970000,234715,267240,64500,4279
2026/09/25 18:32:32,23970000,234715,267240,64500,4281
2026/09/25 18:36:31,23970000,234715,267240,64500,4282
2026/09/25 18:40:32,23970000,234715,267240,64500,4277
2026/09/25 18:44:32,23970000,234715,267240,64500,4276
2026/09/25 18:48:31,23970000,234715,267240,64500,4280
2026/09/25 18:52:32,23970000,234715,267240,64500,4279
2026/09/25 18:56:31,23970000,234715,267240,64500,4276
2026/09/25 19:00:31,23970000,234715,267240,64500,4280
2026/09/25 19:04:31,23970000,234715,267240,64500,4283
2026/09/25 19:08:31,23970000,234715,267240,64500,4280
2026/09/25 19:12:31,23970000,234715,267240,64500,4278
2026/09/25 19:16:32,23970000,234715,267240,64500,4275
2026/09/25 19:20:31,23970000,234715,267240,64500,4273
2026/09/25 19:24:31,23970000,234715,267240,64500,4272
2026/09/25 19:28:31,23970000,234715,267240,64500,4278
2026/09/25 19:32:32,23970000,234715,267240,64500,4294
2026/09/25 19:36:32,23970000,234715,267240,64500,4293
2026/09/25 19:40:32,23970000,234715,267240,64500,4293
2026/09/25 19:44:31,23970000,234715,267240,64500,4291
2026/09/25 19:48:31,23970000,234715,267240,64500,4292
2026/09/25 19:52:31,23970000,234715,267240,64500,4288
2026/09/25 19:56:31,23970000,234715,267240,64500,4288
2026/09/25 20:00:32,23970000,234715,267240,64500,4291
2026/09/25 20:04:32,23970000,234715,267240,64500,4291
2026/09/25 20:08:31,23970000,234715,267240,64500,4287
2026/09/25 20:12:31,23970000,234715,267240,64500,4286
2026/09/25 20:16:31,23970000,234715,267240,64500,4286
2026/09/25 20:20:31,23970000,234715,267240,64500,4282
2026/09/25 20:24:31,23970000,234715,267240,64500,4284
2026/09/25 20:28:31,23970000,234715,267240,64500,4287
2026/09/25 20:32:32,23970000,234715,267240,64500,4290
2026/09/25 20:36:31,23970000,234715,267240,64500,4292
2026/09/25 20:40:31,23970000,234715,267240,64500,4292
2026/09/25 20:44:32,23970000,234715,267240,64500,4292
2026/09/25 20:48:31,23970000,234715,267240,64500,4291
2026/09/25 20:52:31,23970000,234715,267240,64500,4291
2026/09/25 20:56:31,23970000,234715,267240,64500,4292
2026/09/25 21:00:31,23970000,234715,267240,64500,4286
2026/09/25 21:04:31,23970000,234715,267240,64500,4286
2026/09/25 21:08:31,23970000,234715,267240,64500,4280
2026/09/25 21:12:31,23970000,234715,267240,64500,4287
2026/09/25 21:16:31,23970000,234715,267240,64500,4286
2026/09/25 21:20:31,23970000,234715,267240,64500,4284
2026/09/25 21:24:31,23970000,234715,267240,64500,4284
2026/09/25 21:28:31,23970000,234715,267240,64500,4282
2026/09/25 21:32:31,23970000,234715,267240,64500,4283
2026/09/25 21:36:31,23970000,234715,267240,64500,4284
2026/09/25 21:40:32,23970000,234715,267240,64500,4285
2026/09/25 21:44:31,23970000,234715,267240,64500,4284
2026/09/25 21:48:31,23970000,234715,267240,64500,4285
2026/09/25 21:52:31,23970000,234715,267240,64500,4287
2026/09/25 21:56:32,23970000,234715,267240,64500,4288
2026/09/25 22:00:32,23970000,234715,267240,64500,4287
2026/09/25 22:04:31,23970000,234715,267240,64500,4290
2026/09/25 22:08:31,23970000,234715,267240,64500,4293
2026/09/25 22:12:31,23970000,234715,267240,64500,4293
2026/09/25 22:16:31,23970000,234715,267240,64500,4293
2026/09/25 22:20:31,23970000,234715,267240,64500,4294
2026/09/25 22:24:31,23970000,234715,267240,64500,4295
2026/09/25 22:28:31,23970000,234715,267240,64500,4294
2026/09/25 22:32:31,23970000,234715,267240,64500,4293
2026/09/25 22:36:31,23970000,234715,267240,64500,4290
2026/09/25 22:40:31,23970000,234715,267240,64500,4293
2026/09/25 22:44:31,23970000,234715,267240,64500,4293
2026/09/25 22:48:32,23970000,234715,267240,64500,4294
2026/09/25 22:52:31,23970000,234715,267240,64500,4292
2026/09/25 22:56:32,23970000,234715,267240,64500,4289
2026/09/25 23:00:31,23970000,234715,267240,64500,4288
2026/09/25 23:04:31,23970000,234715,267240,64500,4288
2026/09/25 23:08:31,23970000,234715,267240,64500,4293
2026/09/25 23:12:32,23970000,234715,267240,64500,4292
2026/09/25 23:16:31,23970000,234715,267240,64500,4293
2026/09/25 23:20:31,23970000,234715,267240,64500,4292
2026/09/25 23:24:31,23970000,234715,267240,64500,4291
2026/09/25 23:28:31,23970000,234715,267240,64500,4290
2026/09/25 23:32:32,23970000,234715,267240,64500,4291
2026/09/25 23:36:31,23970000,234715,267240,64500,4290
2026/09/25 23:40:32,23970000,234715,267240,64500,4291
2026/09/25 23:44:32,23970000,234715,267240,64500,4290
2026/09/25 23:48:32,23970000,234715,267240,64500,4290
2026/09/25 23:52:31,23970000,234715,267240,64500,4288
2026/09/25 23:56:31,23970000,234715,267240,64500,4288
2026/09/26 00:00:31,23970000,234715,267240,64500,4288
2026/09/26 00:04:32,23970000,234715,267240,64500,4286
2026/09/26 00:08:31,23970000,234715,267240,64500,4286
2026/09/26 00:12:31,23970000,234715,267240,64500,4285
2026/09/26 00:16:31,23970000,234715,267240,64500,4285
2026/09/26 00:20:31,23970000,234715,267240,64500,4286
2026/09/26 00:24:31,23970000,234715,267240,64500,4286
2026/09/26 00:28:32,23970000,234715,267240,64500,4285
2026/09/26 00:32:31,23970000,234715,267240,64500,4285
2026/09/26 00:36:32,23970000,234715,267240,64500,4285
2026/09/26 00:40:32,23970000,234715,267240,64500,4285
2026/09/26 00:44:31,23970000,234715,267240,64500,4285
2026/09/26 00:48:32,23970000,234715,267240,64500,4285
2026/09/26 00:52:31,23970000,234715,267240,64500,4285
2026/09/26 00:56:31,23970000,234715,267240,64500,4285
2026/09/26 01:00:31,23970000,234715,267240,64500,4285
2026/09/26 01:04:32,23970000,234715,267240,64500,4285
2026/09/26 01:08:32,23970000,234715,267240,64500,4285
2026/09/26 01:12:31,23970000,234715,267240,64500,4285
2026/09/26 01:16:31,23970000,234715,267240,64500,4285
2026/09/26 01:20:32,23970000,234715,267240,64500,4285
2026/09/26 01:24:31,23970000,234715,267240,64500,4285
2026/09/26 01:28:31,23970000,234715,267240,64500,4285
2026/09/26 01:32:32,23970000,234715,267240,64500,4285
2026/09/26 01:36:31,23970000,234715,267240,64500,4285
2026/09/26 01:40:31,23970000,234715,267240,64500,4285
2026/09/26 01:44:32,23970000,234715,267240,64500,4285
2026/09/26 01:48:32,23970000,234715,267240,64500,4285
2026/09/26 01:52:32,23970000,234715,267240,64500,4285
2026/09/26 01:56:32,23970000,234715,267240,64500,4285
2026/09/26 02:00:31,23970000,234715,267240,64500,4285
2026/09/26 02:04:31,23970000,234715,267240,64500,4285
2026/09/26 02:08:31,23970000,234715,267240,64500,4285
2026/09/26 02:12:31,23970000,234715,267240,64500,4285
2026/09/26 02:16:31,23970000,234715,267240,64500,4285
2026/09/26 02:20:31,23970000,234715,267240,64500,4285
2026/09/26 02:24:32,23970000,234715,267240,64500,4285
2026/09/26 02:28:32,23970000,234715,267240,64500,4285
2026/09/26 02:32:31,23970000,234715,267240,64500,4285
2026/09/26 02:36:31,23970000,234715,267240,64500,4285
2026/09/26 02:40:31,23970000,234715,267240,64500,4285
2026/09/26 02:44:32,23970000,234715,267240,64500,4285
2026/09/26 02:48:32,23970000,234715,267240,64500,4285
2026/09/26 02:52:31,23970000,234715,267240,64500,4285
2026/09/26 02:56:31,23970000,234715,267240,64500,4285
2026/09/26 03:00:31,23970000,234715,267240,64500,4285
2026/09/26 03:04:31,23970000,234715,267240,64500,4285
2026/09/26 03:08:32,23970000,234715,267240,64500,4285
2026/09/26 03:12:31,23970000,234715,267240,64500,4285
2026/09/26 03:16:31,23970000,234715,267240,64500,4285
2026/09/26 03:20:31,23970000,234715,267240,64500,4285
2026/09/26 03:24:31,23970000,234715,267240,64500,4285
2026/09/26 03:28:31,23970000,234715,267240,64500,4285
2026/09/26 03:32:31,23970000,234715,267240,64500,4285
2026/09/26 03:36:31,23970000,234715,267240,64500,4285
2026/09/26 03:40:31,23970000,234715,267240,64500,4285
2026/09/26 03:44:31,23970000,234715,267240,64500,4285
2026/09/26 03:48:31,23970000,234715,267240,64500,4285
2026/09/26 03:52:31,23970000,234715,267240,64500,4285
2026/09/26 03:56:31,23970000,234715,267240,64500,4285
2026/09/26 04:00:31,23970000,234715,267240,64500,4285
2026/09/26 04:04:31,23970000,234715,267240,64500,4285
2026/09/26 04:08:31,23970000,234715,267240,64500,4285
2026/09/26 04:12:31,23970000,234715,267240,64500,4285
2026/09/26 04:16:31,23970000,234715,267240,64500,4285
2026/09/26 04:20:32,23970000,234715,267240,64500,4285
2026/09/26 04:24:32,23970000,234715,267240,64500,4285
2026/09/26 04:28:32,23970000,234715,267240,64500,4285
2026/09/26 04:32:32,23970000,234715,267240,64500,4285
2026/09/26 04:36:31,23970000,234715,267240,64500,4285
2026/09/26 04:40:31,23970000,234715,267240,64500,4285
2026/09/26 04:44:31,23970000,234715,267240,64500,4285
2026/09/26 04:48:31,23970000,234715,267240,64500,4285
2026/09/26 04:52:31,23970000,234715,267240,64500,4285
2026/09/26 04:56:32,23970000,234715,267240,64500,4285
2026/09/26 05:00:32,23970000,234715,267240,64500,4285
2026/09/26 05:04:31,23970000,234715,267240,64500,4285
2026/09/26 05:08:31,23970000,234715,267240,64500,4285
2026/09/26 05:12:31,23970000,234715,267240,64500,4285
2026/09/26 05:20:31,23970000,234715,267240,64500,4285
2026/09/26 05:24:32,23970000,234715,267240,64500,4285
2026/09/26 05:28:31,23970000,234715,267240,64500,4285
2026/09/26 05:32:31,23970000,234715,267240,64500,4285
2026/09/26 05:36:31,23970000,234715,267240,64500,4285
2026/09/26 05:40:32,23970000,234715,267240,64500,4285
2026/09/26 05:44:31,23970000,234715,267240,64500,4285
2026/09/26 05:48:31,23970000,234715,267240,64500,4285
2026/09/26 05:52:31,23970000,234715,267240,64500,4285
2026/09/26 05:56:31,23970000,234715,267240,64500,4285
2026/09/26 06:00:31,23970000,234715,267240,64500,4285
2026/09/26 06:04:31,23970000,234715,267240,64500,4285
2026/09/26 06:08:31,23970000,234715,267240,64500,4285
2026/09/26 06:12:31,23970000,234715,267240,64500,4285
2026/09/26 06:16:31,23970000,234715,267240,64500,4285
2026/09/26 06:20:31,23970000,234715,267240,64500,4285
2026/09/26 06:24:32,23970000,234715,267240,64500,4285
2026/09/26 06:28:32,23970000,234715,267240,64500,4285
2026/09/26 06:32:31,23970000,234715,267240,64500,4285
2026/09/26 06:36:31,23970000,234715,267240,64500,4285
2026/09/26 06:40:32,23970000,234715,267240,64500,4285
2026/09/26 06:44:31,23970000,234715,267240,64500,4285
2026/09/26 06:48:31,23970000,234715,267240,64500,4285
2026/09/26 06:52:32,23970000,234715,267240,64500,4285
2026/09/26 06:56:32,23970000,234715,267240,64500,4285
2026/09/26 07:00:31,23970000,234715,267240,64500,4285
2026/09/26 07:04:31,23970000,234715,267240,64500,4285
2026/09/26 07:08:32,23970000,234715,267240,64500,4285
2026/09/26 07:12:31,23970000,234715,267240,64500,4285
2026/09/26 07:16:31,23970000,234715,267240,64500,4285
2026/09/26 07:20:31,23970000,234715,267240,64500,4285
2026/09/26 07:24:31,23970000,234715,267240,64500,4285
2026/09/26 07:28:31,23970000,234715,267240,64500,4285
2026/09/26 07:32:31,23970000,234715,267240,64500,4285
2026/09/26 07:36:32,23970000,234715,267240,64500,4285
2026/09/26 07:40:32,23970000,234715,267240,64500,4285
2026/09/26 07:44:31,23970000,234715,267240,64500,4285
2026/09/26 07:48:31,23970000,234715,267240,64500,4285
2026/09/26 07:52:31,23970000,234715,267240,64500,4285
2026/09/26 07:56:31,23970000,234715,267240,64500,4285
2026/09/26 08:00:32,23970000,234715,267240,64500,4285
2026/09/26 08:04:31,23970000,234715,267240,64500,4285
2026/09/26 08:08:31,23970000,234715,267240,64500,4285
2026/09/26 08:12:31,23970000,234715,267240,64500,4285
2026/09/26 08:16:31,23970000,234715,267240,64500,4285
2026/09/26 08:20:31,23970000,234715,267240,64500,4285
2026/09/26 08:24:31,23970000,234715,267240,64500,4285
2026/09/26 08:28:31,23970000,234715,267240,64500,4285
2026/09/26 08:32:32,23970000,234715,267240,64500,4285
2026/09/26 08:36:32,23970000,234715,267240,64500,4285
2026/09/26 08:40:32,23970000,234715,267240,64500,4285
2026/09/26 08:44:31,23970000,234715,267240,64500,4285
2026/09/26 09:16:31,23950000,234715,267240,64500,4285
2026/09/26 09:20:31,23950000,234715,267240,64500,4285
2026/09/26 09:48:31,23950000,234715,267240,64500,4285
2026/09/26 09:52:31,24000000,234715,267240,64500,4285
2026/09/26 09:56:37,24000000,234715,267240,64500,4285
2026/09/26 10:00:32,24000000,234715,267240,64500,4285
2026/09/26 10:04:31,24000000,234715,267240,64500,4285
2026/09/26 10:08:31,24000000,234715,267240,64500,4285
2026/09/26 10:12:32,24000000,234715,267240,64500,4285
2026/09/26 10:36:31,23940000,234715,267240,64500,4285
2026/09/26 10:40:31,23940000,234715,267240,64500,4285
2026/09/26 10:44:31,23940000,234715,267240,64500,4285
2026/09/26 10:48:31,23940000,234715,267240,64500,4285
2026/09/26 10:52:31,23940000,234715,267240,64500,4285
2026/09/26 10:56:31,23940000,234715,267240,64500,4285
2026/09/26 11:00:31,23940000,234715,267240,64500,4285
2026/09/26 11:04:31,23860000,233600,266460,64500,4285
2026/09/26 11:08:32,23860000,233600,266490,64500,4285
2026/09/26 11:12:32,23860000,233565,266450,64500,4285
2026/09/26 11:16:31,23860000,233600,266460,64500,4285
2026/09/26 11:20:32,23860000,233590,266490,64500,4285
2026/09/26 11:24:31,23860000,234300,267080,64500,4285
2026/09/26 11:28:31,23830000,234300,267080,64500,4285
2026/09/26 11:32:32,23830000,234300,267060,64500,4285
2026/09/26 11:36:32,23830000,234500,267320,64500,4285
2026/09/26 11:40:31,23830000,234500,267280,64500,4285
2026/09/26 11:44:31,23830000,234300,267090,64500,4285
2026/09/26 11:48:31,23830000,234300,267050,64500,4285
2026/09/26 11:52:31,23870000,234505,267280,64500,4285
2026/09/26 11:56:32,23870000,234300,267090,64500,4285
2026/09/26 12:00:32,23870000,234200,266970,64500,4285
2026/09/26 12:04:31,23870000,234505,267280,64500,4285
2026/09/26 12:08:31,23870000,234300,267060,64500,4285
2026/09/26 12:12:31,23870000,234310,267100,64500,4285
2026/09/26 12:16:31,23870000,234300,267090,64500,4285
2026/09/26 12:20:32,23940000,234500,267300,64500,4285
2026/09/26 12:24:31,23940000,234500,267290,64500,4285
2026/09/26 12:28:32,23940000,234500,267310,64500,4285
2026/09/26 12:32:31,23940000,234500,267320,64500,4285
2026/09/26 12:36:31,23940000,234600,267300,64450,4285
2026/09/26 12:40:31,23940000,234600,267430,64000,4285
2026/09/26 12:44:32,23890000,234510,267310,64000,4285
2026/09/26 12:48:31,23890000,234500,267300,63900,4285
2026/09/26 12:52:31,23890000,234800,267630,63900,4285
2026/09/26 12:56:31,23890000,234900,267740,63900,4285
2026/09/26 13:00:31,23890000,234900,267740,63900,4285
2026/09/26 13:04:32,23890000,234800,267670,63900,4285
2026/09/26 13:08:32,23890000,234600,267410,63900,4285
2026/09/26 13:12:31,23890000,234600,267440,63900,4285
2026/09/26 13:16:31,23890000,234600,267390,63900,4285
2026/09/26 13:20:31,23890000,234600,267430,63900,4285
2026/09/26 13:24:31,23890000,234610,267430,63900,4285
2026/09/26 13:28:31,23890000,234600,267430,63900,4285
2026/09/26 13:32:31,23860000,234585,267440,63900,4285
2026/09/26 13:36:31,23860000,234600,267400,63900,4285
2026/09/26 13:40:31,23860000,234605,267420,63900,4285
2026/09/26 13:44:31,23860000,234600,267430,63900,4285
2026/09/26 13:48:31,23860000,234600,267420,64000,4285
2026/09/26 13:52:31,23860000,234600,267440,64000,4285
2026/09/26 13:56:31,23860000,234600,267430,64000,4285
2026/09/26 14:00:31,23860000,234600,267430,64000,4285
2026/09/26 14:04:32,23860000,234600,267440,64000,4285
2026/09/26 14:08:32,23860000,234700,267520,64000,4285
2026/09/26 14:12:31,23860000,234700,267520,64000,4285
2026/09/26 14:16:31,23860000,234700,267520,64000,4285
2026/09/26 14:20:31,23860000,234715,267510,64000,4285
2026/09/26 14:24:31,23860000,234700,267520,64000,4285
2026/09/26 14:28:31,23860000,234700,267540,64000,4285
2026/09/26 14:32:31,23860000,234700,267520,64000,4285
2026/09/26 14:36:31,23860000,234700,267520,64000,4285
2026/09/26 14:40:31,23860000,234500,267310,64000,4285
2026/09/26 14:44:32,23860000,234285,267060,64000,4285
2026/09/26 14:48:32,23860000,234110,266860,64000,4285
2026/09/26 14:52:32,23860000,233910,266630,64100,4285
2026/09/26 14:56:32,23860000,233900,266630,64100,4285
2026/09/26 15:00:32,23860000,233900,266640,64100,4285
2026/09/26 15:04:32,23860000,233900,266630,64100,4285
2026/09/26 15:08:31,23860000,233800,266520,64100,4285
2026/09/26 15:12:31,23860000,233900,266600,64100,4285
2026/09/26 15:16:31,23860000,233900,266610,64100,4285
2026/09/26 15:20:31,23860000,233700,266380,64100,4285
2026/09/26 15:24:31,23860000,233695,266370,64100,4285
2026/09/26 15:28:31,23860000,233700,266380,64100,4285
2026/09/26 15:32:31,23860000,233810,266510,64100,4285
2026/09/26 15:36:31,23860000,233710,266410,64100,4285
2026/09/26 15:40:31,23860000,233700,266370,64100,4285
2026/09/26 15:44:32,23860000,233700,266410,64100,4285
2026/09/26 15:48:32,23860000,233700,266410,64100,4285
2026/09/26 15:52:32,23860000,233700,266370,64100,4285
2026/09/26 15:56:32,23860000,233615,266300,64100,4285
2026/09/26 16:00:31,23860000,233600,266250,64100,4285
2026/09/26 16:04:31,23860000,233600,266290,64100,4285
2026/09/26 16:08:31,23860000,233500,266140,64100,4285
2026/09/26 16:12:31,23860000,233380,266040,64100,4285
2026/09/26 16:16:31,23860000,233400,266040,64100,4285
2026/09/26 16:20:31,23860000,233400,266030,64100,4285
2026/09/26 16:24:31,23860000,233400,266040,64100,4285
2026/09/26 16:28:31,23860000,233400,266040,64100,4285
2026/09/26 16:32:32,23860000,233105,265700,64100,4285
2026/09/26 16:36:32,23860000,233620,266270,64100,4285
2026/09/26 16:40:31,23860000,233600,266250,64100,4285
2026/09/26 16:44:31,23860000,233600,266300,64100,4285
2026/09/26 16:48:31,23860000,233600,266290,64100,4285
2026/09/26 16:52:36,23860000,233600,266290,64100,4285
2026/09/26 16:56:31,23860000,233505,266170,64100,4285
2026/09/26 17:00:31,23860000,233500,266190,64100,4285
2026/09/26 17:04:31,23830000,233400,266070,64100,4285
2026/09/26 17:08:31,23830000,233400,266070,64100,4285
2026/09/26 17:12:32,23830000,233390,266070,64100,4285
2026/09/26 17:16:32,23830000,233400,266040,64100,4285
2026/09/26 17:20:32,23830000,233600,266270,64100,4285
2026/09/26 17:24:31,23830000,233900,266640,64100,4285
2026/09/26 17:28:31,23900000,234400,267190,64100,4285
2026/09/26 17:32:31,23900000,234400,267180,64100,4285
2026/09/26 17:36:31,23900000,234500,267310,64100,4285
2026/09/26 17:40:32,23900000,234700,267520,64100,4285
2026/09/26 17:44:31,23900000,234800,267630,64100,4285
2026/09/26 17:48:31,23900000,234785,267670,64100,4285
2026/09/26 17:52:31,23900000,234800,267670,64100,4285
2026/09/26 17:56:31,23860000,234800,267630,64100,4285
2026/09/26 18:00:31,23860000,234700,267660,64100,4285
2026/09/26 18:04:31,23860000,234300,267180,64100,4285
2026/09/26 18:08:31,23860000,234300,267170,64100,4285
2026/09/26 18:12:32,23860000,234300,267210,64100,4285
2026/09/26 18:16:31,23860000,234700,267620,64100,4285
2026/09/26 18:20:32,23860000,234700,267640,64100,4285
2026/09/26 18:24:31,23890000,234375,267290,64100,4285
2026/09/26 18:28:31,23890000,234600,267550,64100,4285
2026/09/26 18:32:31,23890000,234395,267280,64100,4285
2026/09/26 18:36:31,23890000,234400,267300,64100,4285
2026/09/26 18:40:31,23890000,234200,267090,64100,4285
2026/09/26 18:44:31,23890000,234400,267320,64100,4285
2026/09/26 18:48:31,23850000,234400,267280,64100,4285
2026/09/26 18:52:31,23850000,234200,267080,64100,4285
2026/09/26 18:56:31,23850000,234215,267080,64100,4285
2026/09/26 19:00:32,23850000,234200,267100,64100,4285
2026/09/26 19:04:31,23850000,234200,267090,64100,4285
2026/09/26 19:08:31,23850000,234200,267100,64100,4285
2026/09/26 19:12:31,23850000,234215,267060,64100,4285
2026/09/26 19:16:31,23850000,233800,266610,64100,4285
2026/09/26 19:20:31,23850000,234005,266860,64100,4285
2026/09/26 19:24:31,23820000,233800,266630,64100,4285
2026/09/26 19:28:31,23820000,234910,266610,64100,4285
2026/09/26 19:32:31,23820000,234600,266270,64100,4285
2026/09/26 19:36:32,23820000,234610,266270,64100,4285
2026/09/26 19:40:32,23820000,234600,266280,64100,4285
2026/09/26 19:44:31,23820000,234400,266070,64100,4285
2026/09/26 19:48:31,23760000,234400,266060,64100,4285
2026/09/26 19:52:31,23760000,234400,266050,64100,4285
2026/09/26 19:56:31,23760000,234400,266050,64100,4285
2026/09/26 20:00:31,23760000,234400,266030,64100,4285
2026/09/26 20:04:31,23760000,234700,266030,64100,4285
2026/09/26 20:08:31,23760000,234700,266030,64100,4285
2026/09/26 20:12:31,23760000,234700,266030,64100,4285
2026/09/26 20:16:31,23760000,234700,266030,64100,4285
2026/09/26 20:20:31,23760000,234700,266030,64100,4285
2026/09/26 20:24:31,23760000,234700,266030,64100,4285
2026/09/26 20:28:31,23760000,234700,266030,64100,4285
2026/09/26 20:32:31,23760000,234700,266030,64100,4285
2026/09/26 20:36:31,23760000,234700,266030,64100,4285
2026/09/26 20:40:32,23760000,234700,266030,64100,4285
2026/09/26 20:44:31,23760000,234700,266030,64100,4285
2026/09/26 20:48:31,23760000,234700,266030,64100,4285
2026/09/26 20:52:31,23760000,234700,266030,64100,4285
2026/09/26 20:56:31,23760000,234700,266030,64100,4285
2026/09/26 21:00:31,23760000,234700,266030,64100,4285
2026/09/26 21:04:31,23760000,234700,266030,64100,4285
2026/09/26 21:08:31,23760000,234700,266030,64100,4285
2026/09/26 21:12:31,23760000,234700,266030,64100,4285
2026/09/26 21:16:31,23760000,234700,266030,64100,4285
2026/09/26 21:20:31,23760000,234700,266030,64100,4285
2026/09/26 21:24:31,23760000,234700,266030,64100,4285
2026/09/26 21:28:31,23760000,234700,266030,64100,4285
2026/09/26 21:32:32,23760000,234700,266030,64100,4285
2026/09/26 21:36:32,23760000,234700,266030,64100,4285
2026/09/26 21:40:32,23760000,234700,266030,64100,4285
2026/09/26 21:44:32,23760000,234700,266030,64100,4285
2026/09/26 21:48:32,23760000,234700,266030,64100,4285
2026/09/26 21:52:31,23760000,234700,266030,64100,4285
2026/09/26 21:56:32,23760000,234700,266030,64100,4285
2026/09/26 22:00:32,23760000,234700,266030,64100,4285
2026/09/26 22:04:31,23760000,234700,266030,64100,4285
2026/09/26 22:08:31,23760000,234700,266030,64100,4285
2026/09/26 22:12:31,23760000,234700,266030,64100,4285
2026/09/26 22:16:31,23760000,234700,266030,64100,4285
2026/09/26 22:20:31,23760000,234700,266030,64100,4285
2026/09/26 22:24:31,23760000,234700,266030,64100,4285
2026/09/26 22:28:31,23760000,234700,266030,64100,4285
2026/09/26 22:32:31,23760000,234700,266030,64100,4285
2026/09/26 22:36:31,23760000,234700,266030,64100,4285
2026/09/26 22:40:31,23760000,234700,266030,64100,4285
2026/09/26 22:44:31,23760000,234700,266030,64100,4285
2026/09/26 22:48:31,23760000,234700,266030,64100,4285
2026/09/26 22:52:31,23760000,234700,266030,64100,4285
2026/09/26 22:56:32,23760000,234700,266030,64100,4285
2026/09/26 23:00:31,23760000,234700,266030,64100,4285
2026/09/26 23:04:31,23760000,234700,266030,64100,4285
2026/09/26 23:08:31,23760000,234700,266030,64100,4285
2026/09/26 23:12:31,23760000,234700,266030,64100,4285
2026/09/26 23:16:31,23760000,234700,266030,64100,4285
2026/09/26 23:20:31,23760000,234700,266030,64100,4285
2026/09/26 23:24:31,23760000,234700,266030,64100,4285
2026/09/26 23:28:31,23760000,234700,266030,64100,4285
2026/09/26 23:32:31,23760000,234700,266030,64100,4285
2026/09/26 23:36:31,23760000,234700,266030,64100,4285
2026/09/26 23:40:31,23760000,234700,266030,64100,4285
2026/09/26 23:44:31,23760000,234700,266030,64100,4285
2026/09/26 23:48:31,23760000,234700,266030,64100,4285
2026/09/26 23:52:31,23760000,234700,266030,64100,4285
2026/09/26 23:56:31,23760000,234700,266030,64100,4285
2026/09/27 00:00:31,23760000,234700,266030,64100,4285
2026/09/27 00:04:31,23760000,234700,266030,64100,4285
2026/09/27 00:08:31,23760000,234700,266030,64100,4285
2026/09/27 00:12:31,23760000,234700,266030,64100,4285
2026/09/27 00:16:31,23760000,234700,266030,64100,4285
2026/09/27 00:20:31,23760000,234700,266030,64100,4285
2026/09/27 00:24:31,23760000,234700,266030,64100,4285
2026/09/27 00:28:31,23760000,234700,266030,64100,4285
2026/09/27 00:32:31,23760000,234700,266030,64100,4285
2026/09/27 00:36:32,23760000,234700,266030,64100,4285
2026/09/27 00:40:32,23760000,234700,266030,64100,4285
2026/09/27 00:44:31,23760000,234700,266030,64100,4285
2026/09/27 00:48:31,23760000,234700,266030,64100,4285
2026/09/27 00:52:31,23760000,234700,266030,64100,4285
2026/09/27 00:56:31,23760000,234700,266030,64100,4285
2026/09/27 01:00:31,23760000,234700,266030,64100,4285
2026/09/27 01:04:32,23760000,234700,266030,64100,4285
2026/09/27 01:08:32,23760000,234700,266030,64100,4285
2026/09/27 01:12:31,23760000,234700,266030,64100,4285
2026/09/27 01:16:31,23760000,234700,266030,64100,4285
2026/09/27 01:20:31,23760000,234700,266030,64100,4285
2026/09/27 01:24:32,23760000,234700,266030,64100,4285
2026/09/27 01:28:31,23760000,234700,266030,64100,4285
2026/09/27 01:32:31,23760000,234700,266030,64100,4285
2026/09/27 01:36:31,23760000,234700,266030,64100,4285
2026/09/27 01:40:31,23760000,234700,266030,64100,4285
2026/09/27 01:44:31,23760000,234700,266030,64100,4285
2026/09/27 01:48:31,23760000,234700,266030,64100,4285
2026/09/27 01:52:31,23760000,234700,266030,64100,4285
2026/09/27 01:56:31,23760000,234700,266030,64100,4285
2026/09/27 02:00:31,23760000,234700,266030,64100,4285
2026/09/27 02:04:31,23760000,234700,266030,64100,4285
2026/09/27 02:08:31,23760000,234700,266030,64100,4285
2026/09/27 02:12:31,23760000,234700,266030,64100,4285
2026/09/27 02:16:31,23760000,234700,266030,64100,4285
2026/09/27 02:20:31,23760000,234700,266030,64100,4285
2026/09/27 02:24:31,23760000,234700,266030,64100,4285
2026/09/27 02:28:31,23760000,234700,266030,64100,4285
2026/09/27 02:32:32,23760000,234700,266030,64100,4285
2026/09/27 02:36:32,23760000,234700,266030,64100,4285
2026/09/27 02:40:31,23760000,234700,266030,64100,4285
2026/09/27 02:44:31,23760000,234700,266030,64100,4285
2026/09/27 02:48:32,23760000,234700,266030,64100,4285
2026/09/27 02:52:31,23760000,234700,266030,64100,4285
2026/09/27 02:56:31,23760000,234700,266030,64100,4285
2026/09/27 03:00:32,23760000,234700,266030,64100,4285
2026/09/27 03:04:31,23760000,234700,266030,64100,4285
2026/09/27 03:08:31,23760000,234700,266030,64100,4285
2026/09/27 03:12:31,23760000,234700,266030,64100,4285
2026/09/27 03:16:31,23760000,234700,266030,64100,4285
2026/09/27 03:20:32,23760000,234700,266030,64100,4285
2026/09/27 03:24:32,23760000,234700,266030,64100,4285
2026/09/27 03:28:32,23760000,234700,266030,64100,4285
2026/09/27 03:32:31,23760000,234700,266030,64100,4285
2026/09/27 03:36:31,23760000,234700,266030,64100,4285
2026/09/27 03:40:31,23760000,234700,266030,64100,4285
2026/09/27 03:44:32,23760000,234700,266030,64100,4285
2026/09/27 03:48:32,23760000,234700,266030,64100,4285
2026/09/27 03:52:31,23760000,234700,266030,64100,4285
2026/09/27 03:56:31,23760000,234700,266030,64100,4285
2026/09/27 04:00:31,23760000,234700,266030,64100,4285
2026/09/27 04:04:32,23760000,234700,266030,64100,4285
2026/09/27 04:08:32,23760000,234700,266030,64100,4285
2026/09/27 04:12:31,23760000,234700,266030,64100,4285
2026/09/27 04:16:31,23760000,234700,266030,64100,4285
2026/09/27 04:20:31,23760000,234700,266030,64100,4285
2026/09/27 04:24:32,23760000,234700,266030,64100,4285
2026/09/27 04:28:31,23760000,234700,266030,64100,4285
2026/09/27 04:32:31,23760000,234700,266030,64100,4285
2026/09/27 04:36:31,23760000,234700,266030,64100,4285
2026/09/27 04:40:31,23760000,234700,266030,64100,4285
2026/09/27 04:44:31,23760000,234700,266030,64100,4285
2026/09/27 04:48:31,23760000,234700,266030,64100,4285
2026/09/27 04:52:31,23760000,234700,266030,64100,4285
2026/09/27 04:56:31,23760000,234700,266030,64100,4285
2026/09/27 05:00:31,23760000,234700,266030,64100,4285
2026/09/27 05:04:31,23760000,234700,266030,64100,4285
2026/09/27 05:08:31,23760000,234700,266030,64100,4285
2026/09/27 05:12:31,23760000,234700,266030,64100,4285
2026/09/27 05:16:31,23760000,234700,266030,64100,4285
2026/09/27 05:20:31,23760000,234700,266030,64100,4285
2026/09/27 05:24:31,23760000,234700,266030,64100,4285
2026/09/27 05:28:31,23760000,234700,266030,64100,4285
2026/09/27 05:32:32,23760000,234700,266030,64100,4285
2026/09/27 05:36:32,23760000,234700,266030,64100,4285
2026/09/27 05:40:31,23760000,234700,266030,64100,4285
2026/09/27 05:44:32,23760000,234700,266030,64100,4285
2026/09/27 05:48:31,23760000,234700,266030,64100,4285
2026/09/27 05:52:31,23760000,234700,266030,64100,4285
2026/09/27 05:56:31,23760000,234700,266030,64100,4285
2026/09/27 06:00:31,23760000,234700,266030,64100,4285
2026/09/27 06:04:32,23760000,234700,266030,64100,4285
2026/09/27 06:08:32,23760000,234700,266030,64100,4285
2026/09/27 06:12:31,23760000,234700,266030,64100,4285
2026/09/27 06:16:31,23760000,234700,266030,64100,4285
2026/09/27 06:20:32,23760000,234700,266030,64100,4285
2026/09/27 06:24:31,23760000,234700,266030,64100,4285
2026/09/27 06:28:31,23760000,234700,266030,64100,4285
2026/09/27 06:32:31,23760000,234700,266030,64100,4285
2026/09/27 06:36:31,23760000,234700,266030,64100,4285
2026/09/27 06:40:31,23760000,234700,266030,64100,4285
2026/09/27 06:44:31,23760000,234700,266030,64100,4285
2026/09/27 06:48:31,23760000,234700,266030,64100,4285
2026/09/27 06:52:31,23760000,234700,266030,64100,4285
2026/09/27 06:56:31,23760000,234700,266030,64100,4285
2026/09/27 07:00:31,23760000,234700,266030,64100,4285
2026/09/27 07:04:31,23760000,234700,266030,64100,4285
2026/09/27 07:08:31,23760000,234700,266030,64100,4285
2026/09/27 07:12:31,23760000,234700,266030,64100,4285
2026/09/27 07:16:31,23760000,234700,266030,64100,4285
2026/09/27 07:20:31,23760000,234700,266030,64100,4285
2026/09/27 07:24:31,23760000,234700,266030,64100,4285
2026/09/27 07:28:31,23760000,234700,266030,64100,4285
2026/09/27 07:32:31,23760000,234700,266030,64100,4285
2026/09/27 07:36:31,23760000,234700,266030,64100,4285
2026/09/27 07:40:31,23760000,234700,266030,64100,4285
2026/09/27 07:44:32,23760000,234700,266030,64100,4285
2026/09/27 07:48:31,23760000,234700,266030,64100,4285
2026/09/27 07:52:31,23760000,234700,266030,64100,4285
2026/09/27 07:56:31,23760000,234700,266030,64100,4285
2026/09/27 08:00:31,23760000,234700,266030,64100,4285
2026/09/27 08:04:31,23760000,234700,266030,64100,4285
2026/09/27 08:08:31,23760000,234700,266030,64100,4285
2026/09/27 08:12:31,23760000,234700,266030,64100,4285
2026/09/27 08:16:31,23760000,234700,266030,64100,4285
2026/09/27 08:20:31,23760000,234700,266030,64100,4285
2026/09/27 08:24:32,23760000,234700,266030,64100,4285
2026/09/27 08:28:32,23760000,234700,266030,64100,4285
2026/09/27 08:32:31,23760000,234700,266030,64100,4285
2026/09/27 08:36:31,23760000,234700,266030,64100,4285
2026/09/27 08:40:31,23760000,234700,266030,64100,4285
2026/09/27 08:44:31,23760000,234700,266030,64100,4285
2026/09/27 08:48:31,23760000,234700,266030,64100,4285
2026/09/27 08:52:31,23760000,234700,266030,64100,4285
2026/09/27 08:56:31,23760000,234700,266030,64100,4285
2026/09/27 09:00:31,23760000,234700,266030,64100,4285
2026/09/27 09:04:31,23760000,234700,266030,64100,4285
2026/09/27 09:08:31,23760000,234700,266030,64100,4285
2026/09/27 09:12:31,23760000,234700,266030,64100,4285
2026/09/27 09:16:31,23760000,234700,266030,64100,4285
2026/09/27 09:20:31,23760000,234700,266030,64100,4285
2026/09/27 09:24:31,23760000,234700,266030,64100,4285
2026/09/27 09:28:31,23840000,234700,266030,64100,4285
2026/09/27 09:32:31,23840000,234700,266030,64100,4285
2026/09/27 09:36:31,23840000,234700,266030,64100,4285
2026/09/27 09:40:31,23840000,234700,266030,64100,4285
2026/09/27 09:44:32,23840000,234700,266030,64100,4285
2026/09/27 09:48:32,23840000,234700,266030,64100,4285
2026/09/27 09:52:31,23840000,234700,266030,64100,4285
2026/09/27 09:56:31,23840000,234700,266030,64100,4285
2026/09/27 10:00:31,23840000,234700,266030,64100,4285
2026/09/27 10:04:31,23840000,234700,266030,64100,4285
2026/09/27 10:08:31,23840000,234700,266030,64100,4285
2026/09/27 10:12:31,23840000,234700,266030,64100,4285
2026/09/27 10:16:31,23840000,234700,266030,64100,4285
2026/09/27 10:20:31,23900000,234700,266030,64100,4285
2026/09/27 10:24:32,23900000,234700,266030,64100,4285
2026/09/27 10:28:32,23900000,234700,266030,64100,4285
2026/09/27 10:32:32,23900000,234700,266030,64100,4285
2026/09/27 10:36:31,23900000,234700,266030,64100,4285
2026/09/27 10:40:31,23830000,234700,266030,64100,4285
2026/09/27 10:44:31,23830000,234700,266030,64100,4285
2026/09/27 10:48:31,23830000,234700,266030,64100,4285
2026/09/27 10:52:31,23830000,234700,266030,64100,4285
2026/09/27 10:56:31,23830000,234700,266030,64100,4285
2026/09/27 11:00:31,23830000,234700,266030,64100,4285
2026/09/27 11:04:32,23760000,234700,267300,64100,4285
2026/09/27 11:08:31,23760000,234700,267180,64100,4285
2026/09/27 11:12:31,23760000,234700,267100,64100,4285
2026/09/27 11:16:31,23760000,234700,266970,64100,4285
2026/09/27 11:20:36,23760000,234700,267410,64100,4285
2026/09/27 11:24:32,23760000,234700,267310,64100,4285
2026/09/27 11:28:32,23790000,235200,267210,64100,4285
2026/09/27 11:32:31,23790000,235200,267430,64100,4285
2026/09/27 11:36:36,23790000,235200,267420,64100,4285
2026/09/27 11:40:31,23790000,235200,267630,64100,4285
2026/09/27 11:44:31,23790000,235200,267430,64100,4285
2026/09/27 11:48:31,23790000,235200,267310,64100,4285
2026/09/27 11:52:32,23790000,235200,267310,64100,4285
2026/09/27 11:56:32,23790000,235200,267430,64100,4285
2026/09/27 12:00:32,23840000,235200,267430,64100,4285
2026/09/27 12:04:32,23840000,235200,267320,64100,4285
2026/09/27 12:08:32,23840000,235200,267320,64100,4285
2026/09/27 12:12:31,23840000,235200,267320,64100,4285
2026/09/27 12:16:31,23840000,235200,267320,64100,4285
2026/09/27 12:20:32,23840000,235200,268050,64000,4285
2026/09/27 12:24:31,23840000,235200,268020,64000,4285
2026/09/27 12:28:32,23840000,235200,267320,64000,4285
2026/09/27 12:32:31,23840000,235200,267320,64000,4285
2026/09/27 12:36:31,23840000,235200,267310,64000,4285
2026/09/27 12:40:31,23840000,235200,267310,64000,4285
2026/09/27 12:44:32,23840000,235200,267290,64000,4285
2026/09/27 12:48:31,23840000,235700,267310,64000,4285
2026/09/27 12:52:31,23840000,235700,267280,64000,4285
2026/09/27 12:56:32,23840000,235700,267310,64000,4285
2026/09/27 13:00:32,23840000,235700,267440,64000,4285
2026/09/27 13:04:31,23840000,235700,267300,64000,4285
2026/09/27 13:08:31,23840000,235700,267210,64000,4285
2026/09/27 13:12:31,23840000,235700,267180,64000,4285
2026/09/27 13:16:31,23840000,235700,267180,64000,4285
2026/09/27 13:20:31,23840000,235700,267400,64000,4285
2026/09/27 13:24:31,23840000,235700,267440,64000,4285
2026/09/27 13:28:31,23870000,235700,267670,64000,4285
2026/09/27 13:32:32,23870000,235700,268000,64000,4285
2026/09/27 13:36:31,23870000,235700,268010,64000,4285
2026/09/27 13:40:31,23870000,235700,268000,64000,4285
2026/09/27 13:44:31,23870000,235700,267960,64000,4285
2026/09/27 13:48:31,23870000,235700,267990,64000,4285
2026/09/27 13:52:31,23870000,235700,268190,64000,4285
2026/09/27 13:56:31,23870000,235700,268220,64200,4285
2026/09/27 14:00:31,23870000,235700,268230,64200,4285
2026/09/27 14:04:31,23870000,235700,268570,64200,4285
2026/09/27 14:08:31,23870000,236100,268540,64200,4285
2026/09/27 14:12:31,23870000,236100,268570,64200,4285
2026/09/27 14:16:31,23870000,236100,268530,64200,4285
2026/09/27 14:20:31,23870000,236600,268800,64200,4285
2026/09/27 14:24:31,23870000,236600,269120,64200,4285
2026/09/27 14:28:31,23870000,236600,269140,64200,4285
2026/09/27 14:32:31,23870000,236600,268910,64200,4285
2026/09/27 14:36:31,23870000,236600,268890,64300,4285
2026/09/27 14:40:31,23870000,236600,268900,64300,4285
2026/09/27 14:44:31,23870000,236600,268800,64300,4285
2026/09/27 14:48:31,23870000,236600,268810,64300,4285
2026/09/27 14:52:31,23870000,236600,268770,64300,4285
2026/09/27 14:56:32,23870000,236600,268780,64300,4285
2026/09/27 15:00:31,23870000,236600,268810,64300,4285
2026/09/27 15:04:32,23870000,236600,268770,64300,4285
2026/09/27 15:08:32,23870000,236600,268790,64300,4285
2026/09/27 15:12:31,23870000,236600,268650,64300,4285
2026/09/27 15:16:32,23870000,236600,268550,64300,4285
2026/09/27 15:20:32,23870000,236600,268340,64300,4285
2026/09/27 15:24:31,23870000,236600,268330,64300,4285
2026/09/27 15:28:31,23870000,236600,268320,64300,4285
2026/09/27 15:32:32,23870000,236000,268340,64300,4285
2026/09/27 15:36:31,23870000,236000,268340,64300,4285
2026/09/27 15:40:31,23870000,236000,268340,64300,4285
2026/09/27 15:44:32,23870000,236000,268300,64300,4285
2026/09/27 15:48:31,23870000,236000,268340,64300,4285
2026/09/27 15:52:32,23870000,236000,268330,64300,4285
2026/09/27 15:56:31,23870000,236000,268540,64300,4285
2026/09/27 16:00:32,23870000,236000,268580,64300,4285
2026/09/27 16:04:31,23870000,236000,268530,64300,4285
2026/09/27 16:08:32,23870000,236000,268530,64300,4285
2026/09/27 16:12:31,23870000,236000,268780,64300,4285
2026/09/27 16:16:31,23870000,236000,268760,64300,4285
2026/09/27 16:20:31,23870000,236000,268790,64300,4285
2026/09/27 16:24:31,23870000,236000,268790,64300,4285
2026/09/27 16:28:32,23870000,236000,268790,64300,4285
2026/09/27 16:32:32,23870000,236000,268540,64300,4285
2026/09/27 16:36:31,23870000,236400,268540,64300,4285
2026/09/27 16:40:31,23870000,236400,268560,64300,4285
2026/09/27 16:44:32,23870000,236400,268540,64300,4285
2026/09/27 16:48:32,23870000,236400,268530,64300,4285
2026/09/27 16:52:31,23870000,236400,268570,64300,4285
2026/09/27 16:56:31,23870000,236400,268190,64400,4285
2026/09/27 17:00:31,23870000,236400,268200,64400,4285
2026/09/27 17:04:31,23870000,236400,268210,64400,4285
2026/09/27 17:08:31,23870000,236400,268210,64400,4285
2026/09/27 17:12:31,23840000,236400,268000,64400,4285
2026/09/27 17:16:31,23840000,236400,268000,64400,4285
2026/09/27 17:20:31,23840000,236400,268450,64400,4285
2026/09/27 17:24:32,23840000,236400,268450,64400,4285
2026/09/27 17:28:32,23840000,236400,268450,64400,4285
2026/09/27 17:32:31,23840000,236400,268660,64400,4285
2026/09/27 17:36:31,23840000,236400,268690,64400,4285
2026/09/27 17:40:31,23870000,236400,268650,64400,4285
2026/09/27 17:44:31,23870000,236400,268690,64400,4285
2026/09/27 17:48:31,23870000,236400,268650,64400,4285
2026/09/27 17:52:32,23870000,236400,268680,64400,4285
2026/09/27 17:56:31,23870000,236400,268650,64400,4285
2026/09/27 18:00:31,23870000,236400,268650,64400,4285
2026/09/27 18:04:32,23870000,236400,268690,64400,4285
2026/09/27 18:08:32,23900000,236400,268670,64400,4285
2026/09/27 18:12:31,23900000,236400,268680,64400,4285
2026/09/27 18:16:31,23900000,236400,268690,64400,4285
2026/09/27 18:20:31,23900000,236400,268690,64400,4285
2026/09/27 18:24:31,23900000,236400,268560,64400,4285
2026/09/27 18:28:32,23900000,236400,268800,64400,4285
2026/09/27 18:32:32,23900000,236400,268790,64400,4285
2026/09/27 18:36:32,23900000,236400,268670,64400,4285
2026/09/27 18:40:31,23860000,236400,268680,64400,4285
2026/09/27 18:44:31,23860000,236400,268800,64400,4285
2026/09/27 18:48:31,23860000,236400,268800,64400,4285
2026/09/27 18:52:31,23860000,236400,268800,64400,4285
2026/09/27 18:56:31,23860000,236400,268550,64400,4285
2026/09/27 19:00:31,23860000,236400,268550,64400,4285
2026/09/27 19:04:32,23860000,236400,268320,64400,4285
2026/09/27 19:08:31,23860000,236400,268230,64400,4285
2026/09/27 19:12:32,23860000,236400,268220,64400,4285
2026/09/27 19:16:32,23860000,236400,268200,64400,4285
2026/09/27 19:20:31,23860000,236400,268200,64400,4285
2026/09/27 19:24:31,23860000,236400,268220,64400,4285
2026/09/27 19:28:31,23830000,236400,268230,64400,4285
2026/09/27 19:32:31,23830000,236400,268000,64400,4285
2026/09/27 19:36:31,23830000,236400,268000,64400,4285
2026/09/27 19:40:32,23830000,236400,267970,64400,4285
2026/09/27 19:44:31,23830000,236400,267990,64400,4285
2026/09/27 19:48:31,23830000,236400,267970,64400,4285
2026/09/27 19:52:32,23830000,236400,267990,64400,4285
2026/09/27 19:56:31,23830000,236400,267990,64400,4285
2026/09/27 20:00:32,23830000,236400,267970,64400,4285
2026/09/27 20:04:31,23830000,236400,268010,64400,4285
2026/09/27 20:08:31,23830000,236400,268010,64400,4285
2026/09/27 20:12:31,23830000,236400,268010,64400,4285
2026/09/27 20:16:31,23830000,236400,268010,64400,4285
2026/09/27 20:20:32,23830000,236400,268010,64400,4285
2026/09/27 20:24:32,23830000,236400,268010,64400,4285
2026/09/27 20:28:32,23860000,236400,268010,64400,4285
2026/09/27 20:32:32,23860000,236400,268010,64400,4285
2026/09/27 20:36:32,23860000,236400,268010,64400,4285
2026/09/27 20:40:32,23860000,236400,268010,64400,4285
2026/09/27 20:44:31,23860000,236400,268010,64400,4285
2026/09/27 20:48:31,23860000,236400,268010,64400,4285
2026/09/27 20:52:31,23860000,236400,268010,64400,4285
2026/09/27 20:56:31,23860000,236400,268010,64400,4285
2026/09/27 21:00:31,23860000,236400,268010,64400,4285
2026/09/27 21:04:31,23860000,236400,268010,64400,4285
2026/09/27 21:08:31,23860000,236400,268010,64400,4285
2026/09/27 21:12:31,23860000,236400,268010,64400,4285
2026/09/27 21:16:31,23860000,236400,268010,64400,4285
2026/09/27 21:20:31,23860000,236400,268010,64400,4285
2026/09/27 21:24:31,23860000,236400,268010,64400,4285
2026/09/27 21:28:32,23860000,236400,268010,64400,4285
2026/09/27 21:32:32,23860000,236400,268010,64400,4285
2026/09/27 21:36:32,23860000,236400,268010,64400,4285
2026/09/27 21:40:32,23860000,236400,268010,64400,4285
2026/09/27 21:44:31,23860000,236400,268010,64400,4285
2026/09/27 21:48:31,23860000,236400,268010,64400,4285
2026/09/27 21:52:31,23860000,236400,268010,64400,4285
2026/09/27 21:56:31,23860000,236400,268010,64400,4285
2026/09/27 22:00:31,23860000,236400,268010,64400,4285
2026/09/27 22:04:31,23860000,236400,268010,64400,4285
2026/09/27 22:08:31,23860000,236400,268010,64400,4285
2026/09/27 22:12:32,23860000,236400,268010,64400,4285
2026/09/27 22:16:31,23860000,236400,268010,64400,4285
2026/09/27 22:20:31,23860000,236400,268010,64400,4285
2026/09/27 22:24:31,23860000,236400,268010,64400,4285
2026/09/27 22:28:31,23860000,236400,268010,64400,4285
2026/09/27 22:32:32,23860000,236400,268010,64400,4285
2026/09/27 22:36:32,23860000,236400,268010,64400,4285
2026/09/27 22:40:32,23860000,236400,268010,64400,4285
2026/09/27 22:44:31,23860000,236400,268010,64400,4285
2026/09/27 22:48:31,23860000,236400,268010,64400,4285
2026/09/27 22:52:31,23860000,236400,268010,64400,4285
2026/09/27 22:56:31,23860000,236400,268010,64400,4285
2026/09/27 23:00:31,23860000,236400,268010,64400,4285
2026/09/27 23:04:31,23860000,236400,268010,64400,4285
2026/09/27 23:08:31,23860000,236400,268010,64400,4285
2026/09/27 23:12:31,23860000,236400,268010,64400,4285
2026/09/27 23:16:31,23860000,236400,268010,64400,4285
2026/09/27 23:20:31,23860000,236400,268010,64400,4285
2026/09/27 23:24:32,23860000,236400,268010,64400,4285
2026/09/27 23:28:32,23860000,236400,268010,64400,4285
2026/09/27 23:32:32,23860000,236400,268010,64400,4285
2026/09/27 23:36:32,23860000,236400,268010,64400,4285
2026/09/27 23:40:32,23860000,236400,268010,64400,4285
2026/09/27 23:44:31,23860000,236400,268010,64400,4285
2026/09/27 23:48:32,23860000,236400,268010,64400,4285
2026/09/27 23:52:31,23860000,236400,268010,64400,4285
2026/09/27 23:56:31,23860000,236400,268010,64400,4285
2026/09/28 00:00:31,23860000,236400,268010,64400,4285
2026/09/28 00:04:31,23860000,236400,268010,64400,4285
2026/09/28 00:08:31,23860000,236400,268010,64400,4285
2026/09/28 00:12:31,23860000,236400,268010,64400,4285
2026/09/28 00:16:31,23860000,236400,268010,64400,4285
2026/09/28 00:20:31,23860000,236400,268010,64400,4285
2026/09/28 00:24:32,23860000,236400,268010,64400,4285
2026/09/28 00:28:32,23860000,236400,268010,64400,4285
2026/09/28 00:32:31,23860000,236400,268010,64400,4285
2026/09/28 00:36:31,23860000,236400,268010,64400,4285
2026/09/28 00:40:31,23860000,236400,268010,64400,4285
2026/09/28 00:44:31,23860000,236400,268010,64400,4285
2026/09/28 00:48:31,23860000,236400,268010,64400,4285
2026/09/28 00:52:31,23860000,236400,268010,64400,4285
2026/09/28 00:56:31,23860000,236400,268010,64400,4285
2026/09/28 01:00:31,23860000,236400,268010,64400,4285
2026/09/28 01:04:32,23860000,236400,268010,64400,4285
2026/09/28 01:08:32,23860000,236400,268010,64400,4285
2026/09/28 01:12:31,23860000,236400,268010,64400,4285
2026/09/28 01:16:31,23860000,236400,268010,64400,4285
2026/09/28 01:20:31,23860000,236400,268010,64400,4285
2026/09/28 01:24:31,23860000,236400,268010,64400,4285
2026/09/28 01:28:31,23860000,236400,268010,64400,4285
2026/09/28 01:32:31,23860000,236400,268010,64400,4285
2026/09/28 01:36:32,23860000,236400,268010,64400,4272
2026/09/28 01:40:32,23860000,236400,268010,64400,4273
2026/09/28 01:44:31,23860000,236400,268010,64400,4271
2026/09/28 01:48:31,23860000,236400,268010,64400,4269
2026/09/28 01:52:31,23860000,236400,268010,64400,4266
2026/09/28 01:56:31,23860000,236400,268010,64400,4268
2026/09/28 02:00:31,23860000,236400,268010,64400,4269
2026/09/28 02:04:31,23860000,236400,268010,64400,4264
2026/09/28 02:08:31,23860000,236400,268010,64400,4262
2026/09/28 02:12:31,23860000,236400,268010,64400,4262
2026/09/28 02:16:31,23860000,236400,268010,64400,4261
2026/09/28 02:20:31,23860000,236400,268010,64400,4259
2026/09/28 02:24:31,23860000,236400,268010,64400,4259
2026/09/28 02:28:31,23860000,236400,268010,64400,4260
2026/09/28 02:32:31,23860000,236400,268010,64400,4259
2026/09/28 02:36:31,23860000,236400,268010,64400,4264
2026/09/28 02:40:31,23860000,236400,268010,64400,4264
2026/09/28 02:44:31,23860000,236400,268010,64400,4264
2026/09/28 02:48:31,23860000,236400,268010,64400,4264
2026/09/28 02:52:31,23860000,236400,268010,64400,4265
2026/09/28 02:56:31,23860000,236400,268010,64400,4265
2026/09/28 03:00:32,23860000,236400,268010,64400,4264
2026/09/28 03:04:32,23860000,236400,268010,64400,4262
2026/09/28 03:08:32,23860000,236400,268010,64400,4261
2026/09/28 03:12:31,23860000,236400,268010,64400,4260
2026/09/28 03:16:31,23860000,236400,268010,64400,4260
2026/09/28 03:20:31,23860000,236400,268010,64400,4261
2026/09/28 03:24:31,23860000,236400,268010,64400,4262
2026/09/28 03:28:31,23860000,236400,268010,64400,4261
2026/09/28 03:32:32,23860000,236400,268010,64400,4256
2026/09/28 03:36:31,23860000,236400,268010,64400,4256
2026/09/28 03:40:32,23860000,236400,268010,64400,4254
2026/09/28 03:44:31,23860000,236400,268010,64400,4255
2026/09/28 03:48:31,23860000,236400,268010,64400,4254
2026/09/28 03:52:31,23860000,236400,268010,64400,4255
2026/09/28 03:56:31,23860000,236400,268010,64400,4253
2026/09/28 04:00:31,23860000,236400,268010,64400,4251
2026/09/28 04:04:31,23860000,236400,268010,64400,4237
2026/09/28 04:08:31,23860000,236400,268010,64400,4237
2026/09/28 04:12:31,23860000,236400,268010,64400,4232
2026/09/28 04:16:31,23860000,236400,268010,64400,4237
2026/09/28 04:20:32,23860000,236400,268010,64400,4234
2026/09/28 04:24:31,23860000,236400,268010,64400,4232
2026/09/28 04:28:31,23860000,236400,268010,64400,4232
2026/09/28 04:32:32,23860000,236400,268010,64400,4225
2026/09/28 04:36:31,23860000,236400,268010,64400,4222
2026/09/28 04:40:32,23860000,236400,268010,64400,4224
2026/09/28 04:44:31,23860000,236400,268010,64400,4218
2026/09/28 04:48:31,23860000,236400,268010,64400,4224
2026/09/28 04:52:31,23860000,236400,268010,64400,4222
2026/09/28 04:56:31,23860000,236400,268010,64400,4219
2026/09/28 05:00:31,23860000,236400,268010,64400,4219
2026/09/28 05:04:31,23860000,236400,268010,64400,4218
2026/09/28 05:08:31,23860000,236400,268010,64400,4214
2026/09/28 05:12:31,23860000,236400,268010,64400,4212
2026/09/28 05:16:31,23860000,236400,268010,64400,4207
2026/09/28 05:20:31,23860000,236400,268010,64400,4211
2026/09/28 05:24:31,23860000,236400,268010,64400,4214
2026/09/28 05:28:31,23860000,236400,268010,64400,4215
2026/09/28 05:32:31,23860000,236400,268010,64400,4215
2026/09/28 05:36:31,23860000,236400,268010,64400,4215
2026/09/28 05:40:31,23860000,236400,268010,64400,4215
2026/09/28 05:44:31,23860000,236400,268010,64400,4215
2026/09/28 05:48:31,23860000,236400,268010,64400,4215
2026/09/28 05:52:31,23860000,236400,268010,64400,4215
2026/09/28 05:56:31,23860000,236400,268010,64400,4215
2026/09/28 06:00:31,23860000,236400,268010,64400,4216
2026/09/28 06:04:31,23860000,236400,268010,64400,4210
2026/09/28 06:08:31,23860000,236400,268010,64400,4206
2026/09/28 06:12:31,23860000,236400,268010,64400,4208
2026/09/28 06:16:31,23860000,236400,268010,64400,4207
2026/09/28 06:20:31,23860000,236400,268010,64400,4205
2026/09/28 06:24:32,23860000,236400,268010,64400,4201
2026/09/28 06:28:32,23860000,236400,268010,64400,4195
2026/09/28 06:32:31,23860000,236400,268010,64400,4196
2026/09/28 06:36:31,23860000,236400,268010,64400,4199
2026/09/28 06:40:31,23860000,236400,268010,64400,4202
2026/09/28 06:44:31,23860000,236400,268010,64400,4202
2026/09/28 06:48:31,23860000,236400,268010,64400,4199
2026/09/28 06:52:32,23860000,236400,268010,64400,4197
2026/09/28 06:56:32,23860000,236400,268010,64400,4195
2026/09/28 07:00:32,23860000,236400,268010,64400,4196
2026/09/28 07:04:31,23860000,236400,268010,64400,4196
2026/09/28 07:08:31,23860000,236400,268010,64400,4196
2026/09/28 07:12:31,23860000,236400,268010,64400,4196
2026/09/28 07:16:31,23860000,236400,268010,64400,4193
2026/09/28 07:20:32,23860000,236400,268010,64400,4194
2026/09/28 07:24:31,23860000,236400,268010,64400,4198
2026/09/28 07:28:31,23860000,236400,268010,64400,4198
2026/09/28 07:32:32,23860000,236400,268010,64400,4196
2026/09/28 07:36:32,23860000,236400,268010,64400,4196
2026/09/28 07:40:32,23860000,236400,268010,64400,4197
2026/09/28 07:44:32,23860000,236400,268010,64400,4199
2026/09/28 07:48:32,23860000,236400,268010,64400,4197
2026/09/28 07:52:31,23860000,236400,268010,64400,4196
2026/09/28 07:56:31,23860000,236400,268010,64400,4197
2026/09/28 08:00:31,23860000,236400,268010,64400,4198
2026/09/28 08:04:31,23860000,236400,268010,64400,4198
2026/09/28 08:08:31,23860000,236400,268010,64400,4198
2026/09/28 08:12:31,23860000,236400,268010,64400,4198
2026/09/28 08:16:31,23860000,236400,268010,64400,4198
2026/09/28 08:20:31,23860000,236400,268010,64400,4197
2026/09/28 08:24:31,23860000,236400,268010,64400,4196
2026/09/28 08:28:32,23860000,236400,268010,64400,4196
2026/09/28 08:32:31,23860000,236400,268010,64400,4197
2026/09/28 08:36:31,23860000,236400,268010,64400,4194
2026/09/28 08:40:31,23860000,236400,268010,64400,4192
2026/09/28 08:44:31,23860000,236400,268010,64400,4192
2026/09/28 08:48:31,23860000,236400,268010,64400,4193
2026/09/28 08:52:31,23860000,236400,268010,64400,4189
2026/09/28 08:56:36,23860000,236400,268010,64400,4188
2026/09/28 09:00:31,23860000,236400,268010,64400,4191
2026/09/28 09:04:31,23860000,236400,268010,64400,4186
2026/09/28 09:08:31,23860000,236400,268010,64400,4186
2026/09/28 09:12:31,23860000,236400,268010,64400,4181
2026/09/28 09:16:36,24020000,239900,268010,64400,4182
2026/09/28 09:20:31,24020000,239900,268010,65000,4180
2026/09/28 09:24:31,24020000,239900,268010,65000,4180
2026/09/28 09:28:31,24020000,239900,268010,65000,4184
2026/09/28 09:32:31,24020000,239900,268010,65000,4176
2026/09/28 09:36:31,24020000,239900,268010,65000,4176
2026/09/28 09:40:32,24020000,239900,268010,65000,4180
2026/09/28 09:44:32,24050000,239900,268010,65000,4179
2026/09/28 09:48:32,24050000,239900,268010,65000,4180
2026/09/28 09:52:31,24050000,239900,268010,65000,4176
2026/09/28 09:56:31,24050000,239900,268010,65000,4172
2026/09/28 10:00:31,24050000,239900,268010,65000,4169
2026/09/28 10:04:32,24050000,240900,268010,65500,4170
2026/09/28 10:08:32,24050000,240900,268010,65500,4173
2026/09/28 10:12:31,24050000,240900,268010,65500,4176
2026/09/28 10:16:31,24050000,240900,268010,65500,4172
2026/09/28 10:20:31,24050000,240900,268010,65500,4176
2026/09/28 10:24:31,24050000,240900,268010,65500,4172
2026/09/28 10:28:31,24050000,240900,268010,65500,4162
2026/09/28 10:32:36,24050000,240900,268010,65500,4164
2026/09/28 10:36:31,24050000,240900,268010,65500,4164
2026/09/28 10:40:31,24050000,240900,268010,65500,4163
2026/09/28 10:44:32,24050000,240900,268010,65500,4163
2026/09/28 10:48:31,24050000,240900,268010,65500,4162
2026/09/28 10:52:31,24080000,240900,268010,65500,4163
2026/09/28 10:56:31,24080000,240900,268010,65500,4160
2026/09/28 11:00:31,24080000,240900,268010,65500,4159
2026/09/28 11:04:31,24080000,241400,274410,65500,4157
2026/09/28 11:08:33,24080000,241400,274450,65500,4156
2026/09/28 11:12:38,24080000,241400,273870,65500,4156
2026/09/28 11:16:31,24080000,241400,274210,65500,4155
2026/09/28 11:20:31,24050000,241900,273780,65800,4153
2026/09/28 11:24:32,24050000,241900,273910,65800,4153
2026/09/28 11:28:31,24050000,241900,273880,65800,4156
2026/09/28 11:32:32,24050000,241900,274040,65800,4155
2026/09/28 11:36:32,24050000,241900,273760,65800,4158
2026/09/28 11:40:32,24120000,241400,274030,65800,4157
2026/09/28 11:44:31,24120000,241400,274420,65800,4156
2026/09/28 11:48:31,24120000,241400,274460,66000,4156
2026/09/28 11:52:31,24120000,241400,274500,66000,4151
2026/09/28 11:56:31,24120000,241400,274890,66000,4150
2026/09/28 12:00:31,24120000,241900,275470,66000,4146
2026/09/28 12:04:32,24120000,241800,275360,66000,4145
2026/09/28 12:08:31,24120000,241800,275310,66000,4145
2026/09/28 12:12:32,24120000,241800,275180,66000,4148
2026/09/28 12:16:31,24120000,241800,275190,66000,4149
2026/09/28 12:20:31,24120000,241800,275160,66000,4152
2026/09/28 12:24:31,24120000,241800,275140,66000,4147
2026/09/28 12:28:32,24120000,241800,275250,66000,4146
2026/09/28 12:32:31,24120000,241800,275280,66000,4143
2026/09/28 12:36:31,24120000,242300,275240,66100,4142
2026/09/28 12:40:31,24120000,242300,275150,66100,4143
2026/09/28 12:44:36,24120000,242300,275100,66100,4143
2026/09/28 12:48:31,24120000,242300,274920,66100,4144
2026/09/28 12:52:31,24120000,242300,275430,66100,4142
2026/09/28 12:56:31,24150000,242300,276030,66100,4146
2026/09/28 13:00:31,24150000,242300,275950,66100,4145
2026/09/28 13:04:32,24150000,242300,276420,66100,4145
2026/09/28 13:08:31,24150000,243300,276900,66100,4147
2026/09/28 13:12:32,24150000,243300,276880,66100,4145
2026/09/28 13:16:32,24150000,243300,277190,66100,4151
2026/09/28 13:20:31,24250000,243300,277550,66100,4154
2026/09/28 13:24:31,24250000,243300,277450,66100,4156
2026/09/28 13:28:31,24250000,243300,277190,66100,4154
2026/09/28 13:32:31,24250000,243300,276960,66100,4155
2026/09/28 13:36:31,24330000,244300,276930,66100,4158
2026/09/28 13:40:32,24400000,244300,277190,66500,4155
2026/09/28 13:44:31,24400000,244300,277170,66500,4154
2026/09/28 13:48:31,24400000,244300,277360,66500,4154
2026/09/28 13:52:31,24400000,244300,277380,66500,4153
2026/09/28 13:56:31,24400000,244300,278000,66500,4154
2026/09/28 14:00:31,24400000,244300,277960,66500,4158
2026/09/28 14:04:31,24400000,244300,277800,66500,4156
2026/09/28 14:08:31,24400000,244300,277860,66500,4157
2026/09/28 14:12:31,24400000,244300,277880,66500,4157
2026/09/28 14:16:31,24400000,244300,277930,66500,4156
2026/09/28 14:20:32,24400000,244300,277800,66500,4156
2026/09/28 14:24:31,24400000,244300,277670,66500,4156
2026/09/28 14:28:31,24400000,244300,277660,66500,4157
2026/09/28 14:32:31,24400000,244300,277630,66500,4154
2026/09/28 14:36:31,24400000,244300,277920,66900,4151
2026/09/28 14:40:31,24400000,244300,277840,66900,4152
2026/09/28 14:44:31,24400000,244300,277850,66900,4148
2026/09/28 14:48:31,24400000,244300,277630,66900,4154
2026/09/28 14:52:32,24400000,244300,277410,66900,4149
2026/09/28 14:56:32,24400000,244300,277430,66900,4153
2026/09/28 15:00:32,24400000,244300,277460,66900,4154
2026/09/28 15:04:31,24400000,244300,277460,66900,4152
2026/09/28 15:08:32,24400000,244300,277500,66900,4149
2026/09/28 15:12:32,24400000,244300,277680,66900,4152
2026/09/28 15:16:31,24400000,244300,277740,66900,4151
2026/09/28 15:20:31,24400000,244300,277970,66900,4151
2026/09/28 15:24:31,24400000,244300,277960,66900,4151
2026/09/28 15:28:31,24400000,244800,278090,66900,4151
2026/09/28 15:32:32,24400000,244800,278000,66900,4147
2026/09/28 15:36:31,24400000,244800,278110,66900,4148
2026/09/28 15:40:32,24400000,244800,278150,66900,4164
2026/09/28 15:44:31,24400000,244800,278190,66900,4165
2026/09/28 15:48:31,24400000,244800,278130,66900,4164
2026/09/28 15:52:31,24400000,244800,278250,66900,4170
2026/09/28 15:56:32,24400000,243800,278230,66900,4158
2026/09/28 16:00:32,24400000,243800,278240,66900,4154
2026/09/28 16:04:31,24400000,243800,277050,66900,4150
2026/09/28 16:08:31,24400000,243800,277080,66900,4149
2026/09/28 16:12:31,24400000,243800,276780,66900,4147
2026/09/28 16:16:31,24400000,243800,276960,66900,4146
2026/09/28 16:20:32,24400000,243800,276940,66900,4150
2026/09/28 16:24:31,24400000,243800,276880,66900,4149
2026/09/28 16:28:31,24400000,243800,276870,66900,4153
2026/09/28 16:32:31,24400000,244200,277250,66900,4150
2026/09/28 16:36:31,24400000,244200,277380,66900,4149
2026/09/28 16:40:31,24400000,244200,277400,66900,4147
2026/09/28 16:44:31,24400000,244200,277520,66900,4147
2026/09/28 16:48:32,24400000,244200,277440,66900,4149
2026/09/28 16:52:31,24400000,244200,277480,66900,4145
2026/09/28 16:56:31,24400000,244200,277400,66900,4145
2026/09/28 17:00:32,24400000,244200,277450,66900,4144
2026/09/28 17:04:31,24320000,243700,277490,66900,4142
2026/09/28 17:08:31,24320000,243700,277500,66900,4140
2026/09/28 17:12:31,24320000,243700,277470,66900,4146
2026/09/28 17:16:31,24320000,243700,277280,66900,4152
2026/09/28 17:20:32,24320000,243700,277520,66900,4160
2026/09/28 17:24:32,24320000,243700,276920,66900,4157
2026/09/28 17:28:31,24320000,243700,276920,66900,4156
2026/09/28 17:32:31,24320000,243700,276940,66900,4153
2026/09/28 17:36:31,24360000,243700,276510,66900,4145
2026/09/28 17:40:31,24360000,243700,276520,66900,4142
2026/09/28 17:44:31,24360000,243700,276510,66900,4141
2026/09/28 17:48:31,24360000,243700,277230,66900,4140
2026/09/28 17:52:32,24360000,243700,277760,66900,4139
2026/09/28 17:56:32,24360000,243700,277750,66900,4142
2026/09/28 18:00:31,24360000,243700,277760,66900,4143
2026/09/28 18:04:31,24360000,243700,277730,66900,4137
2026/09/28 18:08:31,24330000,244700,277730,66900,4134
2026/09/28 18:12:32,24330000,244700,277730,66900,4124
2026/09/28 18:16:31,24330000,244700,277800,66900,4121
2026/09/28 18:20:32,24330000,244700,277640,66900,4115
2026/09/28 18:24:32,24330000,244700,277630,66900,4116
2026/09/28 18:28:37,24330000,244500,278040,66900,4112
2026/09/28 18:32:32,24330000,244500,278040,66900,4120
2026/09/28 18:36:39,24300000,244500,278000,66900,4122
2026/09/28 18:40:33,24300000,244500,278210,66900,4121
2026/09/28 18:44:31,24300000,244500,278210,66900,4119
2026/09/28 18:48:31,24300000,244500,278180,66900,4121
2026/09/28 18:52:31,24300000,244500,278200,66900,4120
2026/09/28 18:56:31,24370000,244500,278270,66900,4122
2026/09/28 19:00:31,24370000,244500,278230,66900,4124
2026/09/28 19:04:31,24370000,244500,278300,66900,4123
2026/09/28 19:08:31,24370000,244500,278390,66900,4124
2026/09/28 19:12:32,24370000,244500,278390,66900,4119
2026/09/28 19:16:31,24370000,244500,278570,66900,4119
2026/09/28 19:20:31,24420000,244500,278820,66900,4118
2026/09/28 19:24:31,24420000,244500,279000,66900,4119
2026/09/28 19:28:31,24420000,244500,279010,66900,4122
2026/09/28 19:32:32,24420000,244500,278980,66900,4123
2026/09/28 19:36:31,24420000,244500,278990,66900,4123
2026/09/28 19:40:32,24420000,244500,278960,66900,4121
2026/09/28 19:44:31,24420000,244500,278940,66900,4117
2026/09/28 19:48:31,24420000,244500,278650,66900,4125
2026/09/28 19:52:31,24390000,244500,278680,66900,4130
2026/09/28 19:56:31,24390000,244500,278670,66900,4135
2026/09/28 20:00:31,24390000,244500,278750,66900,4144
2026/09/28 20:04:31,24390000,244500,278780,66900,4138
2026/09/28 20:08:32,24390000,244500,278780,66900,4138
2026/09/28 20:12:31,24390000,244500,278780,66900,4138
2026/09/28 20:16:31,24340000,244500,278780,66900,4132
2026/09/28 20:20:31,24340000,244500,278780,66900,4130
2026/09/28 20:24:31,24340000,244500,278780,66900,4131
2026/09/28 20:28:31,24340000,244500,278780,66900,4129
2026/09/28 20:32:32,24340000,244500,278780,66900,4128
2026/09/28 20:36:32,24340000,244500,278780,66900,4129
2026/09/28 20:40:31,24380000,244500,278780,66900,4126
2026/09/28 20:44:31,24380000,244500,278780,66900,4140
2026/09/28 20:48:31,24380000,244500,278780,66900,4140
2026/09/28 20:52:31,24310000,244500,278780,66900,4135
2026/09/28 20:56:32,24310000,244500,278780,66900,4137
2026/09/28 21:00:31,24310000,244500,278780,66900,4135
2026/09/28 21:04:31,24380000,244500,278780,66900,4138
2026/09/28 21:08:32,24380000,244500,278780,66900,4137
2026/09/28 21:12:31,24380000,244500,278780,66900,4136
2026/09/28 21:16:31,24380000,244500,278780,66900,4137
2026/09/28 21:20:32,24380000,244500,278780,66900,4138
2026/09/28 21:24:32,24380000,244500,278780,66900,4138
2026/09/28 21:28:31,24380000,244500,278780,66900,4136
2026/09/28 21:32:31,24420000,244500,278780,66900,4134
2026/09/28 21:36:32,24420000,244500,278780,66900,4137
2026/09/28 21:40:32,24420000,244500,278780,66900,4136
2026/09/28 21:44:31,24420000,244500,278780,66900,4135
2026/09/28 21:48:31,24420000,244500,278780,66900,4135
2026/09/28 21:52:31,24420000,244500,278780,66900,4135
2026/09/28 21:56:31,24420000,244500,278780,66900,4135
2026/09/28 22:00:31,24420000,244500,278780,66900,4135
2026/09/28 22:04:32,24420000,244500,278780,66900,4133
2026/09/28 22:08:31,24420000,244500,278780,66900,4134
2026/09/28 22:12:31,24420000,244500,278780,66900,4137
2026/09/28 22:16:31,24420000,244500,278780,66900,4138
2026/09/28 22:20:31,24420000,244500,278780,66900,4138
2026/09/28 22:24:32,24420000,244500,278780,66900,4139
2026/09/28 22:28:31,24420000,244500,278780,66900,4139
2026/09/28 22:32:31,24420000,244500,278780,66900,4134
2026/09/28 22:36:32,24420000,244500,278780,66900,4134
2026/09/28 22:40:32,24420000,244500,278780,66900,4132
2026/09/28 22:44:32,24420000,244500,278780,66900,4132
2026/09/28 22:48:31,24420000,244500,278780,66900,4134
2026/09/28 22:52:31,24420000,244500,278780,66900,4134
2026/09/28 22:56:31,24420000,244500,278780,66900,4131
2026/09/28 23:00:31,24420000,244500,278780,66900,4133
2026/09/28 23:04:31,24420000,244500,278780,66900,4130
2026/09/28 23:08:31,24420000,244500,278780,66900,4133
2026/09/28 23:12:32,24420000,244500,278780,66900,4130
2026/09/28 23:16:32,24420000,244500,278780,66900,4129
2026/09/28 23:20:32,24420000,244500,278780,66900,4127
2026/09/28 23:24:32,24420000,244500,278780,66900,4125
2026/09/28 23:28:32,24420000,244500,278780,66900,4124
2026/09/28 23:32:31,24420000,244500,278780,66900,4122
2026/09/28 23:36:31,24420000,244500,278780,66900,4122
2026/09/28 23:40:31,24420000,244500,278780,66900,4118
2026/09/28 23:44:31,24420000,244500,278780,66900,4119
2026/09/28 23:48:31,24420000,244500,278780,66900,4122
2026/09/28 23:52:31,24420000,244500,278780,66900,4122
2026/09/28 23:56:31,24420000,244500,278780,66900,4120
2026/09/29 00:00:31,24420000,244500,278780,66900,4117
2026/09/29 00:04:31,24420000,244500,278780,66900,4118
2026/09/29 00:08:31,24420000,244500,278780,66900,4116
2026/09/29 00:12:31,24420000,244500,278780,66900,4117
2026/09/29 00:16:31,24420000,244500,278780,66900,4113
2026/09/29 00:20:31,24420000,244500,278780,66900,4112
2026/09/29 00:24:31,24420000,244500,278780,66900,4113
2026/09/29 00:28:31,24420000,244500,278780,66900,4114
2026/09/29 00:32:31,24420000,244500,278780,66900,4114
2026/09/29 00:36:31,24420000,244500,278780,66900,4114
2026/09/29 00:40:32,24420000,244500,278780,66900,4114
2026/09/29 00:44:32,24420000,244500,278780,66900,4114
2026/09/29 00:48:31,24420000,244500,278780,66900,4114
2026/09/29 00:52:31,24420000,244500,278780,66900,4114
2026/09/29 00:56:32,24420000,244500,278780,66900,4114
2026/09/29 01:00:31,24420000,244500,278780,66900,4114
2026/09/29 01:04:32,24420000,244500,278780,66900,4114
2026/09/29 01:08:31,24420000,244500,278780,66900,4114
2026/09/29 01:12:31,24420000,244500,278780,66900,4114
2026/09/29 01:16:32,24420000,244500,278780,66900,4114
2026/09/29 01:20:32,24420000,244500,278780,66900,4114
2026/09/29 01:24:32,24420000,244500,278780,66900,4114
2026/09/29 01:28:32,24420000,244500,278780,66900,4114
2026/09/29 01:32:31,24420000,244500,278780,66900,4114
2026/09/29 01:36:32,24420000,244500,278780,66900,4121
2026/09/29 01:40:32,24420000,244500,278780,66900,4121
2026/09/29 01:44:31,24420000,244500,278780,66900,4121
2026/09/29 01:48:31,24420000,244500,278780,66900,4123
2026/09/29 01:52:31,24420000,244500,278780,66900,4124
2026/09/29 01:56:31,24420000,244500,278780,66900,4124
2026/09/29 02:00:31,24420000,244500,278780,66900,4125
2026/09/29 02:04:31,24420000,244500,278780,66900,4122
2026/09/29 02:08:31,24420000,244500,278780,66900,4123
2026/09/29 02:12:31,24420000,244500,278780,66900,4125
2026/09/29 02:16:31,24420000,244500,278780,66900,4124
2026/09/29 02:20:31,24420000,244500,278780,66900,4124
2026/09/29 02:24:32,24420000,244500,278780,66900,4120
2026/09/29 02:28:31,24420000,244500,278780,66900,4121
2026/09/29 02:32:31,24420000,244500,278780,66900,4122
2026/09/29 02:36:31,24420000,244500,278780,66900,4123
2026/09/29 02:40:31,24420000,244500,278780,66900,4122
2026/09/29 02:44:31,24420000,244500,278780,66900,4123
2026/09/29 02:48:31,24420000,244500,278780,66900,4124
2026/09/29 02:52:32,24420000,244500,278780,66900,4124
2026/09/29 02:56:32,24420000,244500,278780,66900,4126
2026/09/29 03:00:32,24420000,244500,278780,66900,4128
2026/09/29 03:04:31,24420000,244500,278780,66900,4128
2026/09/29 03:08:31,24420000,244500,278780,66900,4126
2026/09/29 03:12:31,24420000,244500,278780,66900,4127
2026/09/29 03:16:31,24420000,244500,278780,66900,4126
2026/09/29 03:20:31,24420000,244500,278780,66900,4122
2026/09/29 03:24:32,24420000,244500,278780,66900,4125
2026/09/29 03:28:32,24420000,244500,278780,66900,4124
2026/09/29 03:32:31,24420000,244500,278780,66900,4126
2026/09/29 03:36:31,24420000,244500,278780,66900,4124
2026/09/29 03:40:31,24420000,244500,278780,66900,4124
2026/09/29 03:44:31,24420000,244500,278780,66900,4122
2026/09/29 03:48:31,24420000,244500,278780,66900,4119
2026/09/29 03:52:31,24420000,244500,278780,66900,4118
2026/09/29 03:56:31,24420000,244500,278780,66900,4117
2026/09/29 04:00:31,24420000,244500,278780,66900,4122
2026/09/29 04:04:31,24420000,244500,278780,66900,4122
2026/09/29 04:08:31,24420000,244500,278780,66900,4124
2026/09/29 04:12:31,24420000,244500,278780,66900,4123
2026/09/29 04:16:31,24420000,244500,278780,66900,4120
2026/09/29 04:20:31,24420000,244500,278780,66900,4118
2026/09/29 04:24:31,24420000,244500,278780,66900,4116
2026/09/29 04:28:31,24420000,244500,278780,66900,4118
2026/09/29 04:32:31,24420000,244500,278780,66900,4117
2026/09/29 04:36:31,24420000,244500,278780,66900,4121
2026/09/29 04:40:31,24420000,244500,278780,66900,4119
2026/09/29 04:44:31,24420000,244500,278780,66900,4122
2026/09/29 04:48:31,24420000,244500,278780,66900,4120
2026/09/29 04:52:31,24420000,244500,278780,66900,4125
2026/09/29 04:56:31,24420000,244500,278780,66900,4131
2026/09/29 05:00:31,24420000,244500,278780,66900,4131
2026/09/29 05:04:31,24420000,244500,278780,66900,4129
2026/09/29 05:08:31,24420000,244500,278780,66900,4129
2026/09/29 05:12:31,24420000,244500,278780,66900,4126
2026/09/29 05:16:31,24420000,244500,278780,66900,4130
2026/09/29 05:20:31,24420000,244500,278780,66900,4137
2026/09/29 05:24:31,24420000,244500,278780,66900,4134
2026/09/29 05:28:31,24420000,244500,278780,66900,4135
2026/09/29 05:32:32,24420000,244500,278780,66900,4134
2026/09/29 05:36:32,24420000,244500,278780,66900,4131
2026/09/29 05:40:32,24420000,244500,278780,66900,4128
2026/09/29 05:44:32,24420000,244500,278780,66900,4131
2026/09/29 05:48:31,24420000,244500,278780,66900,4131
2026/09/29 05:52:31,24420000,244500,278780,66900,4131
2026/09/29 05:56:31,24420000,244500,278780,66900,4132
2026/09/29 06:00:31,24420000,244500,278780,66900,4134
2026/09/29 06:04:31,24420000,244500,278780,66900,4135
2026/09/29 06:08:31,24420000,244500,278780,66900,4134
2026/09/29 06:12:31,24420000,244500,278780,66900,4134
2026/09/29 06:16:31,24420000,244500,278780,66900,4137
2026/09/29 06:20:31,24420000,244500,278780,66900,4137
2026/09/29 06:24:31,24420000,244500,278780,66900,4137
2026/09/29 06:28:31,24420000,244500,278780,66900,4138
2026/09/29 06:32:32,24420000,244500,278780,66900,4137
2026/09/29 06:36:32,24420000,244500,278780,66900,4134
2026/09/29 06:40:31,24420000,244500,278780,66900,4135
2026/09/29 06:44:31,24420000,244500,278780,66900,4134
2026/09/29 06:48:32,24420000,244500,278780,66900,4135
2026/09/29 06:52:31,24420000,244500,278780,66900,4135
2026/09/29 06:56:31,24420000,244500,278780,66900,4136
2026/09/29 07:00:31,24420000,244500,278780,66900,4139
2026/09/29 07:04:32,24420000,244500,278780,66900,4138
2026/09/29 07:08:32,24420000,244500,278780,66900,4137
2026/09/29 07:12:31,24420000,244500,278780,66900,4138
2026/09/29 07:16:31,24420000,244500,278780,66900,4138
2026/09/29 07:20:31,24420000,244500,278780,66900,4137
2026/09/29 07:24:31,24420000,244500,278780,66900,4135
2026/09/29 07:28:31,24420000,244500,278780,66900,4132
2026/09/29 07:32:32,24420000,244500,278780,66900,4131
2026/09/29 07:36:32,24420000,244500,278780,66900,4131
2026/09/29 07:40:32,24420000,244500,278780,66900,4131
2026/09/29 07:44:31,24420000,244500,278780,66900,4130
2026/09/29 07:48:31,24420000,244500,278780,66900,4131
2026/09/29 07:52:31,24420000,244500,278780,66900,4130
2026/09/29 07:56:31,24420000,244500,278780,66900,4129
2026/09/29 08:00:31,24420000,244500,278780,66900,4129
2026/09/29 08:04:31,24420000,244500,278780,66900,4130
2026/09/29 08:08:31,24420000,244500,278780,66900,4125
2026/09/29 08:12:31,24420000,244500,278780,66900,4126
2026/09/29 08:16:31,24420000,244500,278780,66900,4127
2026/09/29 08:20:31,24420000,244500,278780,66900,4127
2026/09/29 08:24:31,24420000,244500,278780,66900,4127
2026/09/29 08:28:31,24420000,244500,278780,66900,4126
2026/09/29 08:32:31,24420000,244500,278780,66900,4127
2026/09/29 08:36:31,24420000,244500,278780,66900,4128
2026/09/29 08:40:31,24420000,244500,278780,66900,4130
2026/09/29 08:44:31,24420000,244500,278780,66900,4129
2026/09/29 08:48:31,24420000,244500,278780,66900,4128
2026/09/29 08:52:32,24420000,244500,278780,66900,4129
2026/09/29 08:56:32,24420000,244500,278780,66900,4131
2026/09/29 09:00:32,24420000,244500,278780,66900,4130
2026/09/29 09:04:31,24630000,244500,278780,66900,4125
2026/09/29 09:08:31,24630000,244500,278780,66900,4125
2026/09/29 09:12:31,24770000,247000,278780,66900,4135
2026/09/29 09:16:31,24770000,247000,278780,66900,4138
2026/09/29 09:20:31,24770000,247000,278780,66900,4136
2026/09/29 09:24:31,24770000,247000,278780,66900,4140
2026/09/29 09:28:31,24770000,247000,278780,66900,4141
2026/09/29 09:32:31,24770000,247000,278780,66900,4140
2026/09/29 09:36:31,24720000,247000,278780,66900,4143
2026/09/29 09:40:31,24720000,247000,278780,66900,4144
2026/09/29 09:44:31,24790000,247000,278780,66900,4146
2026/09/29 09:48:31,24790000,247000,278780,66900,4144
2026/09/29 09:52:31,24790000,247000,278780,66900,4143
2026/09/29 09:56:31,24790000,247000,278780,66900,4144
2026/09/29 10:00:31,24790000,247000,278780,66900,4144
2026/09/29 10:04:32,24790000,247000,278780,66900,4144
2026/09/29 10:08:32,24790000,247000,278780,66900,4143
2026/09/29 10:12:31,24790000,247000,278780,66900,4143
2026/09/29 10:16:32,24790000,247000,278780,66900,4142
2026/09/29 10:20:32,24820000,246400,278780,66900,4142
2026/09/29 10:24:32,24820000,246400,278780,67100,4141
2026/09/29 10:28:32,24820000,246400,278780,67100,4140
2026/09/29 10:32:31,24820000,246400,278780,67100,4137
2026/09/29 10:36:31,24820000,246400,278780,67100,4143
2026/09/29 10:40:31,24820000,246400,278780,67100,4144
2026/09/29 10:44:31,24780000,246400,278780,67100,4144
2026/09/29 10:48:31,24780000,249000,278780,67800,4143
2026/09/29 10:52:31,24700000,248000,278780,67800,4146
2026/09/29 10:56:31,24700000,248000,278780,67800,4147
2026/09/29 11:00:32,24700000,248000,278780,67800,4147
2026/09/29 11:04:31,24770000,248000,284110,67800,4143
2026/09/29 11:08:31,24770000,248000,284110,67800,4144
2026/09/29 11:12:31,24770000,248000,284120,67800,4144
2026/09/29 11:16:31,24770000,248000,283520,67800,4142
2026/09/29 11:20:31,24770000,248000,283690,67800,4143
2026/09/29 11:24:31,24770000,248000,283500,67800,4141
2026/09/29 11:28:31,24730000,250000,283590,68500,4140
2026/09/29 11:32:31,24730000,250000,283210,68500,4140
2026/09/29 11:36:31,24730000,250000,283230,68500,4139
2026/09/29 11:40:31,24730000,250000,283120,68500,4138
2026/09/29 11:44:31,24800000,250000,283240,68500,4139
2026/09/29 11:48:31,24800000,250000,283620,68500,4143
2026/09/29 11:52:32,24800000,250000,283770,68500,4145
2026/09/29 11:56:31,24800000,250000,284120,68500,4141
2026/09/29 12:00:31,24870000,250700,284340,68500,4143
2026/09/29 12:04:32,24870000,250690,284410,68500,4140
2026/09/29 12:08:32,24870000,250700,284410,68500,4138
2026/09/29 12:12:31,24870000,251200,284900,68500,4139
2026/09/29 12:16:31,24870000,251500,285270,68500,4139
2026/09/29 12:20:31,24870000,251700,285360,68500,4141
2026/09/29 12:24:31,24870000,251500,285130,68500,4140
2026/09/29 12:28:31,24870000,251500,285220,68500,4139
2026/09/29 12:32:31,24900000,251900,285700,68500,4141
2026/09/29 12:36:31,24900000,251900,285660,68500,4144
2026/09/29 12:40:31,24970000,252700,286600,68500,4141
2026/09/29 12:44:31,24970000,252700,286610,68500,4141
2026/09/29 12:48:31,24970000,253000,286840,69000,4142
2026/09/29 12:52:32,24970000,252700,286300,69000,4143
2026/09/29 12:56:32,24900000,252675,286350,69000,4141
2026/09/29 13:00:32,24900000,252700,286300,69000,4141
2026/09/29 13:04:31,24900000,252860,286490,69000,4140
2026/09/29 13:08:31,24900000,252865,286490,69000,4140
2026/09/29 13:12:31,24900000,252890,286500,69000,4142
2026/09/29 13:16:31,24900000,252900,286500,69000,4145
2026/09/29 13:20:31,24970000,252700,286250,69000,4146
2026/09/29 13:24:32,24970000,252700,286270,69000,4143
2026/09/29 13:28:31,24970000,252700,286240,69000,4147
2026/09/29 13:32:31,24970000,253170,286900,69000,4145
2026/09/29 13:36:31,24970000,253200,286860,69000,4146
2026/09/29 13:40:31,24970000,253180,286920,69000,4150
2026/09/29 13:44:31,24970000,253200,286910,69000,4150
2026/09/29 13:48:31,24970000,253200,286880,69000,4148
2026/09/29 13:52:32,24970000,253000,286710,69300,4148
2026/09/29 13:56:31,25000000,253020,286740,69300,4148
2026/09/29 14:00:31,25000000,253000,286720,69300,4148
2026/09/29 14:04:31,25000000,253000,286690,69300,4149
2026/09/29 14:08:32,25000000,253005,286730,69300,4149
2026/09/29 14:12:31,25000000,253200,286970,69300,4149
2026/09/29 14:16:32,25000000,253200,287020,69300,4151
2026/09/29 14:20:37,25000000,253215,286990,69300,4151
2026/09/29 14:24:32,25000000,253200,287010,69300,4152
2026/09/29 14:28:32,25000000,253220,287040,69300,4152
2026/09/29 14:32:31,25000000,253200,287160,69300,4154
2026/09/29 14:36:31,25000000,253200,287190,69300,4155
2026/09/29 14:40:31,25000000,253200,287120,69300,4155
2026/09/29 14:44:31,25000000,252915,286920,69300,4155
2026/09/29 14:48:31,25000000,252880,286790,69300,4157
2026/09/29 14:52:31,25000000,252895,286750,69300,4158
2026/09/29 14:56:31,25000000,252900,286770,69300,4161
2026/09/29 15:00:31,25000000,252880,286820,69300,4158
2026/09/29 15:04:31,25000000,252900,286770,69300,4158
2026/09/29 15:08:31,25000000,252905,286830,69300,4157
2026/09/29 15:12:31,25000000,252900,286820,69300,4155
2026/09/29 15:16:31,25000000,252910,286890,69300,4151
2026/09/29 15:20:31,25000000,253200,287150,69300,4153
2026/09/29 15:24:32,25000000,253400,287170,69300,4157
2026/09/29 15:28:32,25000000,253410,287400,69300,4153
2026/09/29 15:32:31,25000000,253400,287400,69200,4155
2026/09/29 15:36:32,25000000,253380,287500,69200,4157
2026/09/29 15:40:31,25000000,253200,287260,69200,4154
2026/09/29 15:44:31,25000000,253200,287380,69200,4152
2026/09/29 15:48:31,25000000,253600,287820,69200,4154
2026/09/29 15:52:32,25000000,253800,287990,69200,4153
2026/09/29 15:56:31,25000000,253800,288000,69200,4150
2026/09/29 16:00:31,25000000,253620,287780,69200,4152
2026/09/29 16:04:32,25000000,253500,287630,69200,4158
2026/09/29 16:08:31,25000000,253415,287490,69200,4155
2026/09/29 16:12:31,25000000,253400,287470,69200,4153
2026/09/29 16:16:31,25000000,253400,287320,69200,4156
2026/09/29 16:20:31,25030000,253400,287420,69200,4155
2026/09/29 16:24:31,25030000,253865,287400,69200,4151
2026/09/29 16:28:31,25030000,254100,287610,69200,4151
2026/09/29 16:32:31,25030000,254100,287600,69200,4153
2026/09/29 16:36:31,25030000,254100,287550,69400,4153
2026/09/29 16:40:31,25030000,254100,287580,69400,4158
2026/09/29 16:44:32,25030000,254100,287520,69400,4157
2026/09/29 16:48:31,25090000,254100,287550,69400,4158
2026/09/29 16:52:31,25090000,254100,287560,69400,4157
2026/09/29 16:56:31,25090000,254100,287530,69400,4158
2026/09/29 17:00:31,25090000,253900,287290,69400,4155
2026/09/29 17:04:31,25090000,253700,287120,69400,4155
2026/09/29 17:08:31,25090000,253700,287080,69400,4160
2026/09/29 17:12:31,25050000,253900,287320,69400,4161
2026/09/29 17:16:31,25050000,253900,287330,69400,4154
2026/09/29 17:20:31,25050000,253915,287280,69400,4157
2026/09/29 17:24:31,25050000,253720,287070,69400,4160
2026/09/29 17:28:31,25050000,253700,286990,69400,4158
2026/09/29 17:32:31,25050000,253710,287100,69400,4164
2026/09/29 17:36:32,25080000,253700,287010,69400,4167
2026/09/29 17:40:31,25080000,253700,287020,69400,4167
2026/09/29 17:44:31,25080000,253700,287010,69400,4166
2026/09/29 17:48:31,25080000,253300,286610,69400,4167
2026/09/29 17:52:31,25080000,253510,286840,69400,4171
2026/09/29 17:56:32,25080000,253300,286590,69400,4173
2026/09/29 18:00:32,25080000,253300,286590,69400,4172
2026/09/29 18:04:31,24960000,253300,286500,69400,4169
2026/09/29 18:08:32,25030000,253300,286620,69400,4163
2026/09/29 18:12:31,25030000,253300,286600,69400,4166
2026/09/29 18:16:32,25030000,253300,286610,69400,4166
2026/09/29 18:20:31,25030000,253300,286580,69400,4163
2026/09/29 18:24:31,25030000,253305,286560,69400,4168
2026/09/29 18:28:31,25030000,253300,286540,69400,4170
2026/09/29 18:32:31,25030000,253280,286520,69300,4170
2026/09/29 18:36:31,25030000,253300,286510,69300,4167
2026/09/29 18:40:31,25030000,253300,286540,69300,4164
2026/09/29 18:44:31,25030000,253300,286540,69300,4161
2026/09/29 18:48:31,25030000,253265,286480,69300,4161
2026/09/29 18:52:31,25030000,253300,286470,69300,4159
2026/09/29 18:56:31,25030000,253300,286620,69300,4155
2026/09/29 19:00:32,25030000,253320,286370,69300,4149
2026/09/29 19:04:32,25030000,253500,286510,69300,4154
2026/09/29 19:08:32,25030000,253500,286430,69300,4156
2026/09/29 19:12:31,25090000,253500,286540,69300,4157
2026/09/29 19:16:31,25090000,253500,286590,69300,4155
2026/09/29 19:20:31,25090000,253490,286520,69300,4159
2026/09/29 19:24:31,25090000,253500,286550,69300,4157
2026/09/29 19:28:32,25090000,253700,286750,69300,4157
2026/09/29 19:32:31,25090000,253700,286790,69300,4155
2026/09/29 19:36:31,25090000,253700,286790,69300,4153
2026/09/29 19:40:31,25150000,254200,287340,69300,4152
2026/09/29 19:44:32,25150000,254200,287430,69300,4153
2026/09/29 19:48:31,25150000,254200,287380,69300,4152
2026/09/29 19:52:31,25230000,254400,287500,69300,4151
2026/09/29 19:56:36,25230000,254400,287500,69300,4151
2026/09/29 20:00:31,25230000,254400,287510,69300,4154
2026/09/29 20:04:31,25230000,254400,287500,69300,4153
2026/09/29 20:08:31,25230000,254400,287500,69300,4154
2026/09/29 20:12:32,25230000,254400,287500,69300,4152
2026/09/29 20:16:32,25230000,254400,287500,69300,4147
2026/09/29 20:20:31,25230000,254400,287500,69300,4148
2026/09/29 20:24:31,25230000,254400,287500,69300,4148
2026/09/29 20:28:32,25230000,254400,287500,69300,4145
2026/09/29 20:32:31,25260000,254400,287500,69300,4146
2026/09/29 20:36:31,25260000,254400,287500,69300,4147
2026/09/29 20:40:31,25260000,254400,287500,69300,4145
2026/09/29 20:44:31,25260000,254400,287500,69300,4147
2026/09/29 20:48:31,25260000,254400,287500,69300,4146
2026/09/29 20:52:31,25330000,254400,287500,69300,4146
2026/09/29 20:56:31,25330000,254400,287500,69300,4147
2026/09/29 21:00:32,25330000,254400,287500,69300,4147
2026/09/29 21:04:32,25330000,254400,287500,69300,4148
2026/09/29 21:08:32,25330000,254400,287500,69300,4147
2026/09/29 21:12:31,25330000,254400,287500,69300,4144
2026/09/29 21:16:31,25330000,254400,287500,69300,4145
2026/09/29 21:20:32,25330000,254400,287500,69300,4145
2026/09/29 21:24:31,25330000,254400,287500,69300,4144
2026/09/29 21:28:31,25330000,254400,287500,69300,4143
2026/09/29 21:32:31,25330000,254400,287500,69300,4157
2026/09/29 21:36:36,25330000,254400,287500,69300,4163
2026/09/29 21:40:31,25330000,254400,287500,69300,4160
2026/09/29 21:44:31,25330000,254400,287500,69300,4163
2026/09/29 21:48:31,25330000,254400,287500,69300,4168
2026/09/29 21:52:32,25330000,254400,287500,69300,4166
2026/09/29 21:56:31,25330000,254400,287500,69300,4163
2026/09/29 22:00:31,25330000,254400,287500,69300,4167
2026/09/29 22:04:31,25330000,254400,287500,69300,4163
2026/09/29 22:08:31,25330000,254400,287500,69300,4168
2026/09/29 22:12:31,25330000,254400,287500,69300,4173
2026/09/29 22:16:32,25330000,254400,287500,69300,4170
2026/09/29 22:20:31,25330000,254400,287500,69300,4167
2026/09/29 22:24:31,25330000,254400,287500,69300,4168
2026/09/29 22:28:32,25330000,254400,287500,69300,4168
2026/09/29 22:32:31,25330000,254400,287500,69300,4171
2026/09/29 22:36:31,25330000,254400,287500,69300,4172
2026/09/29 22:40:31,25330000,254400,287500,69300,4171
2026/09/29 22:44:31,25330000,254400,287500,69300,4169
2026/09/29 22:48:31,25330000,254400,287500,69300,4168
2026/09/29 22:52:31,25330000,254400,287500,69300,4171
2026/09/29 22:56:32,25330000,254400,287500,69300,4169
2026/09/29 23:00:31,25330000,254400,287500,69300,4170
2026/09/29 23:04:32,25330000,254400,287500,69300,4170
2026/09/29 23:08:31,25330000,254400,287500,69300,4172
2026/09/29 23:12:31,25330000,254400,287500,69300,4171
2026/09/29 23:16:31,25330000,254400,287500,69300,4171
2026/09/29 23:20:31,25330000,254400,287500,69300,4170
2026/09/29 23:24:31,25330000,254400,287500,69300,4173
2026/09/29 23:28:31,25330000,254400,287500,69300,4174
2026/09/29 23:32:31,25330000,254400,287500,69300,4177
2026/09/29 23:36:31,25330000,254400,287500,69300,4174
2026/09/29 23:40:31,25330000,254400,287500,69300,4175
2026/09/29 23:44:31,25330000,254400,287500,69300,4173
2026/09/29 23:48:31,25330000,254400,287500,69300,4172
2026/09/29 23:52:31,25330000,254400,287500,69300,4174
2026/09/29 23:56:31,25330000,254400,287500,69300,4174
2026/09/30 00:00:31,25330000,254400,287500,69300,4174
2026/09/30 00:04:31,25330000,254400,287500,69300,4177
2026/09/30 00:08:31,25330000,254400,287500,69300,4179
2026/09/30 00:12:31,25330000,254400,287500,69300,4182
2026/09/30 00:16:31,25330000,254400,287500,69300,4184
2026/09/30 00:20:31,25330000,254400,287500,69300,4182
2026/09/30 00:24:31,25330000,254400,287500,69300,4180
2026/09/30 00:28:31,25330000,254400,287500,69300,4180
2026/09/30 00:32:31,25330000,254400,287500,69300,4180
2026/09/30 00:36:31,25330000,254400,287500,69300,4180
2026/09/30 00:40:31,25330000,254400,287500,69300,4180
2026/09/30 00:44:31,25330000,254400,287500,69300,4180
2026/09/30 00:48:31,25330000,254400,287500,69300,4180
2026/09/30 00:52:31,25330000,254400,287500,69300,4180
2026/09/30 00:56:31,25330000,254400,287500,69300,4180
2026/09/30 01:00:31,25330000,254400,287500,69300,4180
2026/09/30 01:04:32,25330000,254400,287500,69300,4180
2026/09/30 01:08:32,25330000,254400,287500,69300,4180
2026/09/30 01:12:31,25330000,254400,287500,69300,4180
2026/09/30 01:16:31,25330000,254400,287500,69300,4180
2026/09/30 01:20:32,25330000,254400,287500,69300,4180
2026/09/30 01:24:31,25330000,254400,287500,69300,4180
2026/09/30 01:28:31,25330000,254400,287500,69300,4180
2026/09/30 01:32:31,25330000,254400,287500,69300,4180
2026/09/30 01:36:31,25330000,254400,287500,69300,4181
2026/09/30 01:40:31,25330000,254400,287500,69300,4182
2026/09/30 01:44:31,25330000,254400,287500,69300,4182
2026/09/30 01:48:31,25330000,254400,287500,69300,4181
2026/09/30 01:52:31,25330000,254400,287500,69300,4182
2026/09/30 01:56:31,25330000,254400,287500,69300,4182
2026/09/30 02:00:31,25330000,254400,287500,69300,4180
2026/09/30 02:04:31,25330000,254400,287500,69300,4179
2026/09/30 02:08:31,25330000,254400,287500,69300,4177
2026/09/30 02:12:31,25330000,254400,287500,69300,4177
2026/09/30 02:16:31,25330000,254400,287500,69300,4177
2026/09/30 02:20:31,25330000,254400,287500,69300,4178
2026/09/30 02:24:31,25330000,254400,287500,69300,4178
2026/09/30 02:28:31,25330000,254400,287500,69300,4179
2026/09/30 02:32:31,25330000,254400,287500,69300,4180
2026/09/30 02:36:31,25330000,254400,287500,69300,4180
2026/09/30 02:40:31,25330000,254400,287500,69300,4181
2026/09/30 02:44:31,25330000,254400,287500,69300,4181
2026/09/30 02:48:31,25330000,254400,287500,69300,4182
2026/09/30 02:52:31,25330000,254400,287500,69300,4181
2026/09/30 02:56:32,25330000,254400,287500,69300,4180
2026/09/30 03:00:32,25330000,254400,287500,69300,4181
2026/09/30 03:04:32,25330000,254400,287500,69300,4179
2026/09/30 03:08:31,25330000,254400,287500,69300,4179
2026/09/30 03:12:32,25330000,254400,287500,69300,4180
2026/09/30 03:16:32,25330000,254400,287500,69300,4180
2026/09/30 03:20:32,25330000,254400,287500,69300,4185
2026/09/30 03:24:31,25330000,254400,287500,69300,4186
2026/09/30 03:28:32,25330000,254400,287500,69300,4187
2026/09/30 03:32:31,25330000,254400,287500,69300,4187
2026/09/30 03:36:31,25330000,254400,287500,69300,4183
2026/09/30 03:40:31,25330000,254400,287500,69300,4184
2026/09/30 03:44:31,25330000,254400,287500,69300,4185
2026/09/30 03:48:32,25330000,254400,287500,69300,4183
2026/09/30 03:52:31,25330000,254400,287500,69300,4183
2026/09/30 03:56:31,25330000,254400,287500,69300,4181
2026/09/30 04:00:31,25330000,254400,287500,69300,4183
2026/09/30 04:04:32,25330000,254400,287500,69300,4182
2026/09/30 04:08:32,25330000,254400,287500,69300,4179
2026/09/30 04:12:31,25330000,254400,287500,69300,4181
2026/09/30 04:16:31,25330000,254400,287500,69300,4178
2026/09/30 04:20:31,25330000,254400,287500,69300,4178
2026/09/30 04:24:31,25330000,254400,287500,69300,4179
2026/09/30 04:28:31,25330000,254400,287500,69300,4179
2026/09/30 04:32:31,25330000,254400,287500,69300,4180
2026/09/30 04:36:31,25330000,254400,287500,69300,4178
2026/09/30 04:40:31,25330000,254400,287500,69300,4175
2026/09/30 04:44:32,25330000,254400,287500,69300,4173
2026/09/30 04:48:31,25330000,254400,287500,69300,4174
2026/09/30 04:52:31,25330000,254400,287500,69300,4172
2026/09/30 04:56:31,25330000,254400,287500,69300,4170
2026/09/30 05:00:31,25330000,254400,287500,69300,4168
2026/09/30 05:04:31,25330000,254400,287500,69300,4170
2026/09/30 05:08:31,25330000,254400,287500,69300,4170
2026/09/30 05:12:31,25330000,254400,287500,69300,4169
2026/09/30 05:16:31,25330000,254400,287500,69300,4169
2026/09/30 05:20:31,25330000,254400,287500,69300,4170
2026/09/30 05:24:32,25330000,254400,287500,69300,4172
2026/09/30 05:28:32,25330000,254400,287500,69300,4172
2026/09/30 05:32:31,25330000,254400,287500,69300,4174
2026/09/30 05:36:31,25330000,254400,287500,69300,4175
2026/09/30 05:40:31,25330000,254400,287500,69300,4177
2026/09/30 05:44:31,25330000,254400,287500,69300,4176
2026/09/30 05:48:31,25330000,254400,287500,69300,4177
2026/09/30 05:52:32,25330000,254400,287500,69300,4178
2026/09/30 05:56:31,25330000,254400,287500,69300,4177
2026/09/30 06:00:32,25330000,254400,287500,69300,4176
2026/09/30 06:04:31,25330000,254400,287500,69300,4173
2026/09/30 06:08:31,25330000,254400,287500,69300,4177
2026/09/30 06:12:31,25330000,254400,287500,69300,4177
2026/09/30 06:16:31,25330000,254400,287500,69300,4179
2026/09/30 06:20:31,25330000,254400,287500,69300,4182
2026/09/30 06:24:31,25330000,254400,287500,69300,4183
2026/09/30 06:28:31,25330000,254400,287500,69300,4182
2026/09/30 06:32:31,25330000,254400,287500,69300,4181
2026/09/30 06:36:31,25330000,254400,287500,69300,4180
2026/09/30 06:40:31,25330000,254400,287500,69300,4179
2026/09/30 06:44:31,25330000,254400,287500,69300,4180
2026/09/30 06:48:31,25330000,254400,287500,69300,4178
2026/09/30 06:52:31,25330000,254400,287500,69300,4179
2026/09/30 06:56:31,25330000,254400,287500,69300,4179
2026/09/30 07:00:31,25330000,254400,287500,69300,4179
2026/09/30 07:04:31,25330000,254400,287500,69300,4176
2026/09/30 07:08:31,25330000,254400,287500,69300,4175
2026/09/30 07:12:31,25330000,254400,287500,69300,4177
2026/09/30 07:16:31,25330000,254400,287500,69300,4177
2026/09/30 07:20:31,25330000,254400,287500,69300,4177
2026/09/30 07:24:31,25330000,254400,287500,69300,4171
2026/09/30 07:28:31,25330000,254400,287500,69300,4173
2026/09/30 07:32:31,25330000,254400,287500,69300,4172
2026/09/30 07:36:31,25330000,254400,287500,69300,4175
2026/09/30 07:40:31,25330000,254400,287500,69300,4173
2026/09/30 07:44:31,25330000,254400,287500,69300,4172
2026/09/30 07:48:31,25330000,254400,287500,69300,4176
2026/09/30 07:52:31,25330000,254400,287500,69300,4177
2026/09/30 07:56:31,25330000,254400,287500,69300,4178
2026/09/30 08:00:31,25330000,254400,287500,69300,4177
2026/09/30 08:04:31,25330000,254400,287500,69300,4178
2026/09/30 08:08:31,25330000,254400,287500,69300,4180
2026/09/30 08:12:32,25330000,254400,287500,69300,4183
2026/09/30 08:16:32,25330000,254400,287500,69300,4181
2026/09/30 08:20:32,25330000,254400,287500,69300,4179
2026/09/30 08:24:31,25330000,254400,287500,69300,4178
2026/09/30 08:28:31,25330000,254400,287500,69300,4178
2026/09/30 08:32:31,25390000,254400,287500,69300,4182
2026/09/30 08:36:31,25390000,254400,287500,69300,4180
2026/09/30 08:40:32,25390000,254400,287500,69300,4177
2026/09/30 08:44:32,25390000,254400,287500,69300,4173
2026/09/30 08:48:32,25390000,254400,287500,69300,4166
2026/09/30 08:52:31,25390000,254400,287500,69300,4170
2026/09/30 08:56:31,25390000,254400,287500,69300,4170
2026/09/30 09:00:31,25390000,254400,287500,69300,4174
2026/09/30 09:04:32,25390000,254400,287500,69300,4174
2026/09/30 09:08:32,25670000,254400,287500,69300,4176
2026/09/30 09:12:32,25670000,254400,287500,70000,4175
2026/09/30 09:16:31,25750000,254400,287500,70000,4175
2026/09/30 09:20:31,25820000,254400,287500,70000,4175
2026/09/30 09:24:31,25750000,254400,287500,70000,4175
2026/09/30 09:28:31,25750000,254400,287500,70000,4175
2026/09/30 09:32:32,25650000,254400,287500,70000,4180
2026/09/30 09:36:31,25650000,254400,287500,70000,4180
2026/09/30 09:40:31,25650000,254400,287500,70000,4180
2026/09/30 09:44:31,25650000,254400,287500,70000,4182
2026/09/30 09:48:31,25650000,254400,287500,70000,4184
2026/09/30 09:52:31,25650000,254400,287500,70000,4179
2026/09/30 09:56:31,25530000,254400,287500,70000,4182
2026/09/30 10:04:47,25460000,254400,287500,70000,4180
2026/09/30 10:08:32,25200000,254400,287500,70000,4180
2026/09/30 10:12:33,25360000,254400,287500,70000,4179
2026/09/30 10:16:32,25360000,254400,287500,70000,4181
2026/09/30 10:20:31,25360000,254400,287500,70000,4180
2026/09/30 10:24:33,25260000,254400,287500,70000,4191
2026/09/30 10:28:31,25150000,254400,287500,70000,4194
2026/09/30 10:32:31,25230000,254400,287500,70000,4193
2026/09/30 10:36:32,25230000,254400,287500,70000,4193
2026/09/30 10:40:32,25230000,254400,287500,70000,4193
2026/09/30 10:44:32,25310000,254400,287500,70000,4193
2026/09/30 10:48:32,25310000,254400,287500,70000,4196
2026/09/30 10:52:31,25230000,254400,287500,70000,4197
2026/09/30 10:56:31,25230000,254400,287500,70000,4200
2026/09/30 11:00:31,25230000,254400,287500,70000,4194
2026/09/30 11:04:32,25320000,254200,287850,70000,4195
2026/09/30 11:08:31,25320000,254515,288210,70000,4198
2026/09/30 11:12:31,25320000,254700,288410,70000,4195
2026/09/30 11:16:31,25390000,255000,288710,70000,4195
2026/09/30 11:20:31,25390000,255200,288950,70000,4194
2026/09/30 11:24:32,25310000,255200,288950,70000,4195
2026/09/30 11:28:31,25310000,255200,288840,70000,4193
2026/09/30 11:32:31,25380000,255085,288750,70000,4196
2026/09/30 11:36:36,25380000,255115,288710,70000,4194
2026/09/30 11:40:31,25380000,254900,288580,70000,4195
2026/09/30 11:44:31,25380000,254920,288560,70000,4194
2026/09/30 11:48:31,25380000,254700,288330,70000,4196
2026/09/30 11:52:31,25380000,254715,288660,69800,4200
2026/09/30 11:56:31,25420000,254680,288640,69800,4201
2026/09/30 12:00:31,25490000,254900,288900,69800,4199
2026/09/30 12:04:31,25490000,255200,289240,69800,4199
2026/09/30 12:08:31,25410000,254900,289020,69800,4201
2026/09/30 12:12:31,25410000,255200,289330,69800,4200
2026/09/30 12:16:32,25480000,254905,289320,69800,4197
2026/09/30 12:20:31,25480000,255420,289540,69800,4198
2026/09/30 12:24:31,25550000,255700,289920,69800,4197
2026/09/30 12:28:31,25550000,255700,289930,69800,4193
2026/09/30 12:32:31,25550000,255705,289970,69800,4192
2026/09/30 12:36:31,25550000,255910,290180,69800,4193
2026/09/30 12:40:31,25550000,256200,290650,69800,4192
2026/09/30 12:44:32,25640000,256560,291140,69800,4188
2026/09/30 12:48:31,25640000,256560,291060,69800,4188
2026/09/30 12:52:31,25640000,256400,290720,69800,4188
2026/09/30 12:56:32,25640000,256415,290710,70300,4185
2026/09/30 13:00:31,25730000,256415,290730,70300,4187
2026/09/30 13:04:31,25660000,256400,290750,70300,4189
2026/09/30 13:08:32,25660000,256600,291040,70300,4189
2026/09/30 13:12:31,25660000,256900,291390,70200,4187
2026/09/30 13:16:31,25660000,256780,291260,70200,4189
2026/09/30 13:20:31,25660000,256800,291210,70200,4187
2026/09/30 13:24:32,25660000,256800,291200,70200,4186
2026/09/30 13:28:32,25660000,256700,291170,70200,4188
2026/09/30 13:32:31,25660000,256900,291390,70200,4188
2026/09/30 13:36:31,25660000,256900,291380,70300,4190
2026/09/30 13:40:31,25660000,256900,291480,70300,4187
2026/09/30 13:44:31,25660000,256600,291170,70300,4187
2026/09/30 13:48:31,25660000,256600,291130,70300,4188
2026/09/30 13:52:32,25660000,256600,291170,70300,4186
2026/09/30 13:56:31,25660000,256800,291390,70300,4188
2026/09/30 14:00:31,25660000,256700,291250,70400,4188
2026/09/30 14:04:31,25660000,256670,291240,70400,4188
2026/09/30 14:08:32,25660000,256705,291170,70400,4188
2026/09/30 14:12:33,25660000,256600,291040,70400,4187
2026/09/30 14:16:31,25660000,256570,291080,70400,4183
2026/09/30 14:20:31,25660000,256580,291090,70300,4185
2026/09/30 14:24:32,25660000,256620,291040,70300,4183
2026/09/30 14:28:32,25660000,256400,290750,70300,4185
2026/09/30 14:32:31,25660000,256195,290770,70300,4185
2026/09/30 14:36:31,25660000,256100,290490,70300,4184
2026/09/30 14:40:32,25660000,256100,290490,70300,4180
2026/09/30 14:44:31,25660000,255900,290260,70300,4179
2026/09/30 14:48:31,25660000,255620,290240,70300,4179
2026/09/30 14:52:31,25660000,255600,289880,70300,4177
2026/09/30 14:56:31,25660000,255620,289860,70300,4182
2026/09/30 15:00:31,25660000,255600,289870,70300,4184
2026/09/30 15:04:31,25660000,255600,289950,70300,4184
2026/09/30 15:08:31,25660000,255100,289920,70300,4189
2026/09/30 15:12:31,25660000,255110,289940,70300,4188
2026/09/30 15:16:31,25660000,255100,289890,70300,4186
2026/09/30 15:20:31,25660000,255400,290270,70300,4183
2026/09/30 15:24:31,25660000,255370,290220,70300,4185
2026/09/30 15:28:31,25660000,255400,290160,70300,4185
2026/09/30 15:32:31,25660000,255390,290150,70300,4186
2026/09/30 15:36:32,25660000,255400,290030,70300,4187
2026/09/30 15:40:32,25660000,255400,290090,70300,4187
2026/09/30 15:44:32,25660000,255400,290190,70300,4191
2026/09/30 15:48:32,25660000,255400,290180,70300,4190
2026/09/30 15:52:31,25660000,255400,290200,70300,4185
2026/09/30 15:56:32,25660000,255400,290170,70300,4192
2026/09/30 16:00:32,25660000,255400,290180,70300,4191
2026/09/30 16:04:31,25460000,255600,290390,70300,4213
2026/09/30 16:08:51,25530000,255600,290410,70300,4208
2026/09/30 16:12:31,25530000,255600,290610,70300,4213
2026/09/30 16:16:31,25530000,255600,290920,70300,4216
2026/09/30 16:20:31,25530000,255600,290740,70300,4212
2026/09/30 16:24:31,25530000,255400,290720,70300,4210
2026/09/30 16:28:31,25530000,255400,290730,70300,4213
2026/09/30 16:32:32,25530000,255360,290570,70300,4212
2026/09/30 16:36:32,25530000,255700,290530,70300,4210
2026/09/30 16:40:31,25530000,255700,290550,70300,4205
2026/09/30 16:44:31,25500000,255700,290460,70300,4203
2026/09/30 16:48:31,25500000,255690,290360,70300,4200
2026/09/30 16:52:31,25430000,255600,290260,70300,4193
2026/09/30 16:56:31,25430000,255600,290310,70300,4194
2026/09/30 17:00:31,25430000,255200,289770,70300,4193
2026/09/30 17:04:31,25430000,255200,289800,70300,4190
2026/09/30 17:08:31,25430000,255200,289780,70300,4189
2026/09/30 17:12:31,25430000,255210,289770,70300,4185
2026/09/30 17:16:31,25400000,255180,289770,70300,4181
2026/09/30 17:20:31,25400000,255170,289790,70300,4182
2026/09/30 17:24:31,25400000,255215,289690,70300,4179
2026/09/30 17:28:32,25400000,255415,289890,70300,4180
2026/09/30 17:32:31,25400000,255400,289960,70200,4177
2026/09/30 17:36:31,25400000,255400,289950,70200,4179
2026/09/30 17:40:31,25430000,255400,289880,70200,4181
2026/09/30 17:44:32,25430000,255400,289930,70200,4181
2026/09/30 17:48:31,25430000,255500,290200,70200,4181
2026/09/30 17:52:32,25430000,255500,290090,70200,4180
2026/09/30 17:56:31,25360000,255500,290060,70200,4180
2026/09/30 18:00:32,25360000,255700,290320,70200,4176
2026/09/30 18:04:31,25360000,255690,290320,70200,4170
2026/09/30 18:08:31,25360000,255715,290280,70200,4166
2026/09/30 18:12:32,25360000,255500,290320,70200,4170
2026/09/30 18:16:31,25360000,255520,290320,70200,4170
2026/09/30 18:20:31,25330000,255500,290290,70200,4170
2026/09/30 18:24:32,25330000,255500,290290,70200,4170
2026/09/30 18:28:31,25330000,255685,290490,70200,4170
2026/09/30 18:32:37,25330000,255700,290520,70200,4166
2026/09/30 18:36:32,25330000,255700,290520,70200,4166
2026/09/30 18:40:45,25330000,255700,290630,70200,4161
2026/09/30 18:44:48,25330000,255400,290260,70200,4164
2026/09/30 18:48:33,25360000,255400,290120,70200,4159
2026/09/30 18:52:34,25360000,255380,290230,70200,4157
2026/09/30 18:56:33,25360000,255400,290270,70200,4157
2026/09/30 19:00:37,25360000,255500,290380,70200,4155
2026/09/30 19:04:33,25360000,255300,290160,70200,4162
2026/09/30 19:08:32,25270000,255300,290160,70200,4157
2026/09/30 19:12:34,25270000,255070,289970,70200,4158
2026/09/30 19:16:32,25270000,255110,289850,70200,4157
2026/09/30 19:20:35,25340000,255100,289760,70200,4160
2026/09/30 19:24:32,25340000,255100,289790,70200,4156
2026/09/30 19:28:34,25340000,255100,289770,70200,4154
2026/09/30 19:32:33,25340000,255100,289750,70200,4157
2026/09/30 19:36:39,25340000,255105,289610,70200,4161
2026/09/30 19:40:32,25340000,255100,289550,70200,4158
2026/09/30 19:44:33,25340000,255085,289580,70200,4158
2026/09/30 19:48:41,25370000,255100,289400,70200,4159
2026/09/30 19:52:33,25370000,255060,289440,70200,4161
2026/09/30 19:56:38,25370000,255100,289310,70200,4161
2026/09/30 20:00:34,25370000,255100,289310,70200,4160
2026/09/30 20:04:42,25370000,255100,289300,70200,4159
2026/09/30 20:08:32,25370000,255100,289300,70200,4159
2026/09/30 20:12:43,25460000,255100,289300,70200,4160
2026/09/30 20:16:41,25460000,255100,289300,70200,4158
2026/09/30 20:20:33,25460000,255100,289300,70200,4158
2026/09/30 20:24:32,25460000,255100,289300,70200,4158
2026/09/30 20:32:35,25460000,255100,289300,70200,4158
2026/09/30 20:36:32,25460000,255100,289300,70200,4155
2026/09/30 20:40:40,25420000,255100,289300,70200,4154
2026/09/30 20:44:33,25420000,255100,289300,70200,4154
2026/09/30 20:48:37,25420000,255100,289300,70200,4151
2026/09/30 20:52:33,25420000,255100,289300,70200,4150
2026/09/30 20:56:32,25420000,255100,289300,70200,4154
2026/09/30 21:00:31,25420000,255100,289300,70200,4153
2026/09/30 21:04:32,25420000,255100,289300,70200,4154
2026/09/30 21:08:31,25420000,255100,289300,70200,4152
2026/09/30 21:12:31,25420000,255100,289300,70200,4153
2026/09/30 21:16:31,25420000,255100,289300,70200,4148
2026/09/30 21:20:31,25420000,255100,289300,70200,4148
2026/09/30 21:24:32,25420000,255100,289300,70200,4149
2026/09/30 21:28:31,25420000,255100,289300,70200,4150
2026/09/30 21:32:31,25420000,255100,289300,70200,4150
2026/09/30 21:36:32,25420000,255100,289300,70200,4149
2026/09/30 21:40:31,25420000,255100,289300,70200,4150
2026/09/30 21:44:31,25420000,255100,289300,70200,4149
2026/09/30 21:48:31,25420000,255100,289300,70200,4150
2026/09/30 21:52:31,25420000,255100,289300,70200,4150
2026/09/30 21:56:31,25420000,255100,289300,70200,4152
2026/09/30 22:00:32,25420000,255100,289300,70200,4153
2026/09/30 22:04:31,25420000,255100,289300,70200,4153
2026/09/30 22:08:31,25420000,255100,289300,70200,4153
2026/09/30 22:12:31,25420000,255100,289300,70200,4152
2026/09/30 22:16:32,25420000,255100,289300,70200,4152
2026/09/30 22:20:32,25420000,255100,289300,70200,4150
2026/09/30 22:24:31,25420000,255100,289300,70200,4151
2026/09/30 22:28:31,25420000,255100,289300,70200,4151
2026/09/30 22:32:31,25420000,255100,289300,70200,4151
2026/09/30 22:36:31,25420000,255100,289300,70200,4151
2026/09/30 22:40:32,25420000,255100,289300,70200,4151
2026/09/30 22:44:31,25420000,255100,289300,70200,4151
2026/09/30 22:48:31,25420000,255100,289300,70200,4151
2026/09/30 22:52:31,25420000,255100,289300,70200,4151
2026/09/30 22:56:31,25420000,255100,289300,70200,4151
2026/09/30 23:00:31,25420000,255100,289300,70200,4154
2026/09/30 23:04:32,25420000,255100,289300,70200,4155
2026/09/30 23:08:31,25420000,255100,289300,70200,4154
2026/09/30 23:12:31,25420000,255100,289300,70200,4153
2026/09/30 23:16:32,25420000,255100,289300,70200,4152
2026/09/30 23:20:32,25420000,255100,289300,70200,4153
2026/09/30 23:24:31,25420000,255100,289300,70200,4156
2026/09/30 23:28:31,25420000,255100,289300,70200,4155
2026/09/30 23:32:32,25420000,255100,289300,70200,4154
2026/09/30 23:36:31,25420000,255100,289300,70200,4153
2026/09/30 23:40:31,25420000,255100,289300,70200,4155
2026/09/30 23:44:31,25420000,255100,289300,70200,4156
2026/09/30 23:48:31,25420000,255100,289300,70200,4155
2026/09/30 23:52:32,25420000,255100,289300,70200,4155
2026/09/30 23:56:32,25420000,255100,289300,70200,4156
2026/10/01 00:00:31,25420000,255100,289300,70200,4157
2026/10/01 00:04:31,25420000,255100,289300,70200,4157
2026/10/01 00:08:31,25420000,255100,289300,70200,4158
2026/10/01 00:12:31,25420000,255100,289300,70200,4159
2026/10/01 00:16:31,25420000,255100,289300,70200,4159
2026/10/01 00:20:32,25420000,255100,289300,70200,4156
2026/10/01 00:24:31,25420000,255100,289300,70200,4157
2026/10/01 00:28:31,25420000,255100,289300,70200,4159
2026/10/01 00:32:32,25420000,255100,289300,70200,4159
2026/10/01 00:36:32,25420000,255100,289300,70200,4159
2026/10/01 00:40:31,25420000,255100,289300,70200,4159
2026/10/01 00:44:31,25420000,255100,289300,70200,4159
2026/10/01 00:48:31,25420000,255100,289300,70200,4159
2026/10/01 00:52:31,25420000,255100,289300,70200,4159
2026/10/01 00:56:32,25420000,255100,289300,70200,4159
2026/10/01 01:00:32,25420000,255100,289300,70200,4159
2026/10/01 01:04:31,25420000,255100,289300,70200,4159
2026/10/01 01:08:31,25420000,255100,289300,70200,4159
2026/10/01 01:12:31,25420000,255100,289300,70200,4159
2026/10/01 01:16:31,25420000,255100,289300,70200,4159
2026/10/01 01:20:31,25420000,255100,289300,70200,4159
2026/10/01 01:24:31,25420000,255100,289300,70200,4159
2026/10/01 01:28:31,25420000,255100,289300,70200,4159
2026/10/01 01:32:31,25420000,255100,289300,70200,4159
2026/10/01 01:36:31,25420000,255100,289300,70200,4159
2026/10/01 01:40:32,25420000,255100,289300,70200,4158
2026/10/01 01:44:31,25420000,255100,289300,70200,4155
2026/10/01 01:48:31,25420000,255100,289300,70200,4156
2026/10/01 01:52:31,25420000,255100,289300,70200,4155
2026/10/01 01:56:31,25420000,255100,289300,70200,4156
2026/10/01 02:00:31,25420000,255100,289300,70200,4156
2026/10/01 02:04:32,25420000,255100,289300,70200,4156
2026/10/01 02:08:32,25420000,255100,289300,70200,4156
2026/10/01 02:12:31,25420000,255100,289300,70200,4155
2026/10/01 02:16:31,25420000,255100,289300,70200,4154
2026/10/01 02:20:31,25420000,255100,289300,70200,4155
2026/10/01 02:24:31,25420000,255100,289300,70200,4154
2026/10/01 02:28:31,25420000,255100,289300,70200,4154
2026/10/01 02:32:32,25420000,255100,289300,70200,4154
2026/10/01 02:36:31,25420000,255100,289300,70200,4154
2026/10/01 02:40:31,25420000,255100,289300,70200,4153
2026/10/01 02:44:31,25420000,255100,289300,70200,4152
2026/10/01 02:48:31,25420000,255100,289300,70200,4153
2026/10/01 02:52:32,25420000,255100,289300,70200,4154
2026/10/01 02:56:31,25420000,255100,289300,70200,4154
2026/10/01 03:00:31,25420000,255100,289300,70200,4154
2026/10/01 03:04:31,25420000,255100,289300,70200,4154
2026/10/01 03:08:31,25420000,255100,289300,70200,4155
2026/10/01 03:12:32,25420000,255100,289300,70200,4155
2026/10/01 03:16:31,25420000,255100,289300,70200,4155
2026/10/01 03:20:31,25420000,255100,289300,70200,4156
2026/10/01 03:24:31,25420000,255100,289300,70200,4155
2026/10/01 03:28:31,25420000,255100,289300,70200,4155
2026/10/01 03:32:31,25420000,255100,289300,70200,4153
2026/10/01 03:36:31,25420000,255100,289300,70200,4151
2026/10/01 03:40:31,25420000,255100,289300,70200,4151
2026/10/01 03:44:32,25420000,255100,289300,70200,4152
2026/10/01 03:48:32,25420000,255100,289300,70200,4146
2026/10/01 03:52:31,25420000,255100,289300,70200,4144
2026/10/01 03:56:31,25420000,255100,289300,70200,4148
2026/10/01 04:00:31,25420000,255100,289300,70200,4145
2026/10/01 04:04:31,25420000,255100,289300,70200,4142
2026/10/01 04:08:31,25420000,255100,289300,70200,4140
2026/10/01 04:12:32,25420000,255100,289300,70200,4142
2026/10/01 04:16:32,25420000,255100,289300,70200,4144
2026/10/01 04:20:32,25420000,255100,289300,70200,4144
2026/10/01 04:24:31,25420000,255100,289300,70200,4140
2026/10/01 04:28:32,25420000,255100,289300,70200,4143
2026/10/01 04:32:31,25420000,255100,289300,70200,4148
2026/10/01 04:36:31,25420000,255100,289300,70200,4152
2026/10/01 04:40:31,25420000,255100,289300,70200,4159
2026/10/01 04:44:31,25420000,255100,289300,70200,4159
2026/10/01 04:48:31,25420000,255100,289300,70200,4160
2026/10/01 04:52:32,25420000,255100,289300,70200,4163
2026/10/01 04:56:32,25420000,255100,289300,70200,4163
2026/10/01 05:00:32,25420000,255100,289300,70200,4160
2026/10/01 05:04:31,25420000,255100,289300,70200,4163
2026/10/01 05:08:31,25420000,255100,289300,70200,4162
2026/10/01 05:12:31,25420000,255100,289300,70200,4161
2026/10/01 05:16:31,25420000,255100,289300,70200,4162
2026/10/01 05:20:32,25420000,255100,289300,70200,4161
2026/10/01 05:24:32,25420000,255100,289300,70200,4161
2026/10/01 05:28:31,25420000,255100,289300,70200,4160
2026/10/01 05:32:32,25420000,255100,289300,70200,4156
2026/10/01 05:36:32,25420000,255100,289300,70200,4156
2026/10/01 05:40:32,25420000,255100,289300,70200,4153
2026/10/01 05:44:31,25420000,255100,289300,70200,4155
2026/10/01 05:48:32,25420000,255100,289300,70200,4155
2026/10/01 05:52:31,25420000,255100,289300,70200,4152
2026/10/01 05:56:31,25420000,255100,289300,70200,4152
2026/10/01 06:00:31,25420000,255100,289300,70200,4154
2026/10/01 06:04:31,25420000,255100,289300,70200,4154
2026/10/01 06:08:32,25420000,255100,289300,70200,4155
2026/10/01 06:12:32,25420000,255100,289300,70200,4154
2026/10/01 06:16:32,25420000,255100,289300,70200,4155
2026/10/01 06:20:32,25420000,255100,289300,70200,4156
2026/10/01 06:24:32,25420000,255100,289300,70200,4159
2026/10/01 06:28:32,25420000,255100,289300,70200,4161
2026/10/01 06:32:32,25420000,255100,289300,70200,4161
2026/10/01 06:36:32,25420000,255100,289300,70200,4163
2026/10/01 06:40:32,25420000,255100,289300,70200,4166
2026/10/01 06:44:31,25420000,255100,289300,70200,4166
2026/10/01 06:48:31,25420000,255100,289300,70200,4165
2026/10/01 06:52:31,25420000,255100,289300,70200,4164
2026/10/01 06:56:37,25420000,255100,289300,70200,4164
2026/10/01 07:00:32,25420000,255100,289300,70200,4164
2026/10/01 07:04:31,25420000,255100,289300,70200,4164
2026/10/01 07:08:31,25420000,255100,289300,70200,4164
2026/10/01 07:12:31,25420000,255100,289300,70200,4164
2026/10/01 07:16:31,25420000,255100,289300,70200,4169
2026/10/01 07:20:32,25420000,255100,289300,70200,4172
2026/10/01 07:24:31,25420000,255100,289300,70200,4174
2026/10/01 07:28:31,25420000,255100,289300,70200,4176
2026/10/01 07:32:31,25420000,255100,289300,70200,4176
2026/10/01 07:36:31,25420000,255100,289300,70200,4176
2026/10/01 07:40:31,25420000,255100,289300,70200,4175
2026/10/01 07:44:31,25420000,255100,289300,70200,4177
2026/10/01 07:48:31,25420000,255100,289300,70200,4175
2026/10/01 07:52:31,25420000,255100,289300,70200,4172
2026/10/01 07:56:31,25420000,255100,289300,70200,4172
2026/10/01 08:00:31,25420000,255100,289300,70200,4172
2026/10/01 08:04:31,25420000,255100,289300,70200,4174
2026/10/01 08:08:31,25420000,255100,289300,70200,4175
2026/10/01 08:12:31,25420000,255100,289300,70200,4175
2026/10/01 08:16:31,25420000,255100,289300,70200,4175
2026/10/01 08:20:32,25420000,255100,289300,70200,4178
2026/10/01 08:24:31,25420000,255100,289300,70200,4178
2026/10/01 08:28:31,25420000,255100,289300,70200,4179
2026/10/01 08:32:31,25420000,255100,289300,70200,4179
2026/10/01 08:36:31,25420000,255100,289300,70200,4181
2026/10/01 08:40:31,25420000,255100,289300,70200,4181
2026/10/01 08:44:31,25420000,255100,289300,70200,4182
2026/10/01 08:48:31,25420000,255100,289300,70200,4183
2026/10/01 08:52:31,25420000,255100,289300,70200,4184
2026/10/01 08:56:31,25420000,255100,289300,70200,4184
2026/10/01 09:00:32,25420000,255100,289300,70200,4186
2026/10/01 09:04:31,25420000,255100,289300,70200,4188
2026/10/01 09:08:31,25420000,255100,289300,70200,4192
2026/10/01 09:12:32,25420000,255100,289300,70200,4188
2026/10/01 09:16:32,25420000,255100,289300,70200,4187
2026/10/01 09:20:32,25420000,255100,289300,70200,4188
2026/10/01 09:24:31,25390000,255100,289300,70200,4186
2026/10/01 09:28:31,25390000,255100,289300,70200,4186
2026/10/01 09:32:32,25390000,255100,289300,70200,4190
2026/10/01 09:36:32,25390000,255100,289300,70200,4191
2026/10/01 09:40:32,25390000,255100,289300,70200,4191
2026/10/01 09:44:31,25390000,255100,289300,70200,4191
2026/10/01 09:48:31,25340000,255100,289300,70200,4190
2026/10/01 09:52:31,25340000,255100,289300,70200,4190
2026/10/01 09:56:31,25340000,255100,289300,70200,4188
2026/10/01 10:00:46,25340000,255100,289300,70200,4190
2026/10/01 10:04:45,25340000,255100,289300,70200,4190
2026/10/01 10:08:32,25340000,255100,289300,70200,4187
2026/10/01 10:12:31,25340000,255100,289300,70200,4182
2026/10/01 10:16:31,25340000,255100,289300,70200,4184
2026/10/01 10:20:31,25340000,255100,289300,70200,4181
2026/10/01 10:24:37,25310000,255100,289300,70200,4183
2026/10/01 10:28:41,25310000,255100,289300,70200,4183
2026/10/01 10:32:39,25310000,255100,289300,70200,4180
2026/10/01 10:36:35,25310000,255100,289300,70200,4180
2026/10/01 10:44:44,25310000,255100,289300,70200,4176
2026/10/01 10:48:39,25310000,255100,289300,70200,4173
2026/10/01 10:52:33,25310000,255100,289300,70200,4166
2026/10/01 10:56:40,25310000,255100,289300,70200,4159
2026/10/01 11:00:35,25310000,255100,289300,70200,4158
2026/10/01 11:04:48,25310000,255300,288850,70200,4164
2026/10/01 11:08:47,25340000,255305,288840,70200,4161
2026/10/01 11:12:33,25340000,255400,288970,70200,4162
2026/10/01 11:16:36,25340000,255400,288920,70200,4164
2026/10/01 11:20:58,25340000,255420,288880,70200,4162
2026/10/01 11:24:31,25340000,255400,288880,70200,4164
2026/10/01 11:28:32,25340000,255100,288730,70200,4164
2026/10/01 11:32:31,25340000,255100,288690,69750,4164
2026/10/01 11:36:32,25370000,255400,288960,69750,4167
2026/10/01 11:40:37,25370000,255400,288800,69750,4163
2026/10/01 11:44:35,25370000,255400,288860,69750,4158
2026/10/01 11:48:31,25440000,255700,289200,69750,4158
2026/10/01 11:52:31,25440000,255900,289440,69750,4155
2026/10/01 11:56:31,25440000,256400,289810,69750,4157
2026/10/01 12:00:31,25510000,256400,289850,69750,4159
2026/10/01 12:04:31,25510000,256700,290200,69750,4155
2026/10/01 12:08:31,25580000,257500,291180,69750,4158
2026/10/01 12:12:31,25580000,257700,291370,69750,4155
2026/10/01 12:16:31,25580000,257900,291420,69750,4150
2026/10/01 12:20:39,25580000,257700,291190,69750,4153
2026/10/01 12:24:31,25580000,257580,291000,70000,4151
2026/10/01 12:28:31,25580000,257900,291360,70000,4153
2026/10/01 12:32:31,25580000,257900,291340,70000,4154
2026/10/01 12:36:31,25550000,257860,291400,70000,4157
2026/10/01 12:40:31,25550000,257900,291300,70000,4159
2026/10/01 12:44:31,25550000,257900,291280,70000,4161
2026/10/01 12:48:32,25630000,258200,291640,70000,4160
2026/10/01 12:52:31,25630000,258405,292070,70000,4159
2026/10/01 12:56:31,25630000,258400,292130,70000,4159
2026/10/01 13:00:32,25630000,258365,292130,70000,4160
2026/10/01 13:04:31,25630000,258400,292020,70000,4161
2026/10/01 13:08:31,25630000,258400,292060,70000,4161
2026/10/01 13:12:32,25630000,258365,292040,70000,4163
2026/10/01 13:16:31,25630000,258400,291910,70000,4161
2026/10/01 13:20:32,25600000,258400,291910,70100,4162
2026/10/01 13:24:31,25600000,258400,291960,70150,4160
2026/10/01 13:28:31,25600000,258400,291820,70150,4155
2026/10/01 13:32:31,25600000,258400,291780,70150,4154
2026/10/01 13:36:31,25600000,258400,291560,70150,4153
2026/10/01 13:40:31,25600000,258700,291720,70150,4155
2026/10/01 13:44:32,25600000,258700,291720,70150,4157
2026/10/01 13:48:31,25600000,258700,291870,70150,4158
2026/10/01 13:52:32,25600000,258700,291960,70100,4165
2026/10/01 13:56:32,25600000,258595,291850,70100,4165
2026/10/01 14:00:32,25600000,258560,291940,70100,4167
2026/10/01 14:04:31,25600000,258600,291980,70100,4167
2026/10/01 14:08:31,25600000,258500,292020,70100,4170
2026/10/01 14:12:31,25600000,258700,292360,70100,4168
2026/10/01 14:16:31,25600000,258900,292470,70100,4171
2026/10/01 14:20:31,25600000,258800,292440,70100,4173
2026/10/01 14:24:32,25600000,258800,292380,70100,4176
2026/10/01 14:28:32,25600000,258800,292380,70100,4175
2026/10/01 14:32:32,25600000,258700,292410,70100,4173
2026/10/01 14:36:32,25600000,258700,292430,70100,4173
2026/10/01 14:40:31,25600000,258685,292330,70100,4171
2026/10/01 14:44:31,25600000,258700,292260,70100,4170
2026/10/01 14:48:32,25600000,258715,292280,70100,4167
2026/10/01 14:52:31,25600000,258700,292100,70100,4167
2026/10/01 14:56:31,25600000,258700,292130,70100,4170
2026/10/01 15:00:31,25600000,258700,292100,70100,4172
2026/10/01 15:04:31,25600000,258715,292090,70100,4172
2026/10/01 15:08:31,25600000,258700,292120,70100,4175
2026/10/01 15:12:31,25600000,258700,292080,70100,4178
2026/10/01 15:16:31,25600000,258700,292170,70100,4180
2026/10/01 15:20:31,25600000,258700,292190,70100,4182
2026/10/01 15:24:31,25600000,258600,292300,70100,4183
2026/10/01 15:28:31,25600000,258600,292450,70100,4186
2026/10/01 15:32:31,25600000,258600,292470,70100,4182
2026/10/01 15:36:31,25600000,258600,292590,70100,4181
2026/10/01 15:40:31,25600000,258580,292490,70100,4178
2026/10/01 15:44:31,25600000,258610,292490,70100,4176
2026/10/01 15:48:31,25600000,258610,292350,70100,4177
2026/10/01 15:52:31,25600000,258600,292330,70300,4177
2026/10/01 15:56:31,25600000,258400,292130,70300,4176
2026/10/01 16:00:32,25600000,258415,292110,70300,4178
2026/10/01 16:04:31,25710000,258400,291940,70300,4183
2026/10/01 16:08:31,25710000,258400,291950,70300,4182
2026/10/01 16:12:31,25710000,258615,292260,70300,4185
2026/10/01 16:16:32,25710000,258600,292300,70300,4185
2026/10/01 16:20:32,25710000,258600,292260,70300,4185
2026/10/01 16:24:32,25710000,258600,292230,70300,4180
2026/10/01 16:28:32,25710000,258900,292390,70300,4180
2026/10/01 16:32:31,25680000,258900,292390,70300,4178
2026/10/01 16:36:31,25680000,258900,292410,70300,4176
2026/10/01 16:40:31,25680000,258820,292330,70300,4175
2026/10/01 16:44:31,25680000,258800,292340,70300,4174
2026/10/01 16:48:31,25680000,258900,292370,70300,4170
2026/10/01 16:52:31,25680000,258900,292310,70350,4172
2026/10/01 16:56:31,25680000,258900,292330,70350,4170
2026/10/01 17:00:32,25680000,258900,292380,70350,4168
2026/10/01 17:04:32,25680000,258865,292350,70350,4172
2026/10/01 17:08:31,25680000,258400,292350,70350,4167
2026/10/01 17:12:31,25680000,258400,292350,70350,4160
2026/10/01 17:16:31,25680000,258400,292350,70350,4164
2026/10/01 17:20:31,25710000,258400,292350,70350,4164
2026/10/01 17:24:32,25710000,258400,292350,70350,4164
2026/10/01 17:28:31,25710000,258400,292350,70350,4162
2026/10/01 17:32:32,25710000,258400,292350,70350,4158
2026/10/01 17:36:31,25710000,258400,292350,70350,4153
2026/10/01 17:40:32,25710000,258400,292350,70350,4158
2026/10/01 17:44:32,25710000,258400,292350,70350,4155
2026/10/01 17:48:32,25680000,259000,292350,70350,4155
2026/10/01 17:52:31,25680000,259000,292350,70350,4157
2026/10/01 17:56:31,25680000,259000,292350,70350,4160
2026/10/01 18:00:31,25680000,259000,292350,70350,4160
2026/10/01 18:04:31,25680000,259000,292350,70350,4167
2026/10/01 18:08:31,25680000,259000,292350,70350,4170
2026/10/01 18:12:43,25680000,259000,292350,70350,4172
2026/10/01 18:16:46,25720000,259000,292350,70350,4167
2026/10/01 18:20:31,25720000,259000,292350,70350,4166
2026/10/01 18:24:31,25720000,259000,292350,70350,4165
2026/10/01 18:28:31,25720000,259000,292350,70350,4166
2026/10/01 18:32:31,25720000,259000,292350,70350,4162
2026/10/01 18:36:31,25720000,259000,292350,70350,4155
2026/10/01 18:40:31,25720000,259000,292350,70350,4156
2026/10/01 18:44:31,25690000,259000,292350,70350,4155
2026/10/01 18:48:31,25690000,259000,292350,70350,4159
2026/10/01 18:52:31,25690000,259000,292350,70350,4162
2026/10/01 18:56:31,25690000,259000,292350,70350,4163
2026/10/01 19:00:31,25690000,259000,292350,70350,4166
2026/10/01 19:04:31,25690000,259000,292350,70350,4160
2026/10/01 19:08:31,25690000,259000,292350,70350,4163
2026/10/01 19:12:31,25690000,259000,292350,70350,4173
2026/10/01 19:16:31,25690000,259000,292350,70350,4169
2026/10/01 19:20:31,25690000,259000,292350,70350,4167
2026/10/01 19:24:31,25690000,259000,292350,70350,4161
2026/10/01 19:28:31,25690000,259000,292350,70350,4170
2026/10/01 19:32:32,25690000,259000,292350,70350,4170
2026/10/01 19:36:31,25720000,259000,292350,70350,4171
2026/10/01 19:40:31,25720000,259000,292350,70350,4174
2026/10/01 19:44:31,25720000,259000,292350,70350,4171
2026/10/01 19:48:31,25720000,259000,292350,70350,4170
2026/10/01 19:52:31,25720000,259000,292350,70350,4168
2026/10/01 19:56:31,25720000,259000,292350,70350,4169
2026/10/01 20:00:31,25780000,259000,292350,70350,4166
2026/10/01 20:04:31,25780000,259000,292350,70350,4169
2026/10/01 20:08:31,25780000,259000,292350,70350,4166
2026/10/01 20:12:31,25780000,259000,292350,70350,4164
2026/10/01 20:16:31,25780000,259000,292350,70350,4166
2026/10/01 20:20:31,25780000,259000,292350,70350,4165
2026/10/01 20:24:36,25780000,259000,292350,70350,4161
2026/10/01 20:28:31,25780000,259000,292350,70350,4160
2026/10/01 20:32:31,25750000,259000,292350,70350,4163
2026/10/01 20:36:31,25750000,259000,292350,70350,4168
2026/10/01 20:40:31,25750000,259000,292350,70350,4172
2026/10/01 20:44:31,25750000,259000,292350,70350,4172
2026/10/01 20:48:32,25750000,259000,292350,70350,4173
2026/10/01 20:52:31,25750000,259000,292350,70350,4175
2026/10/01 20:56:31,25750000,259000,292350,70350,4175
2026/10/01 21:00:31,25750000,259000,292350,70350,4172
2026/10/01 21:04:31,25750000,259000,292350,70350,4174
2026/10/01 21:08:31,25750000,259000,292350,70350,4177
2026/10/01 21:12:31,25750000,259000,292350,70350,4175
2026/10/01 21:16:31,25750000,259000,292350,70350,4176
2026/10/01 21:20:31,25750000,259000,292350,70350,4178
2026/10/01 21:24:32,25750000,259000,292350,70350,4176
2026/10/01 21:28:32,25750000,259000,292350,70350,4169
2026/10/01 21:32:31,25750000,259000,292350,70350,4167
2026/10/01 21:36:32,25750000,259000,292350,70350,4165
2026/10/01 21:40:31,25750000,259000,292350,70350,4167
2026/10/01 21:44:32,25750000,259000,292350,70350,4171
2026/10/01 21:48:31,25750000,259000,292350,70350,4171
2026/10/01 21:52:32,25750000,259000,292350,70350,4172
2026/10/01 21:56:31,25750000,259000,292350,70350,4175
2026/10/01 22:00:31,25750000,259000,292350,70350,4174
2026/10/01 22:04:31,25750000,259000,292350,70350,4174
2026/10/01 22:08:31,25750000,259000,292350,70350,4178
2026/10/01 22:12:31,25750000,259000,292350,70350,4177
2026/10/01 22:16:31,25750000,259000,292350,70350,4178
2026/10/01 22:20:31,25750000,259000,292350,70350,4177
2026/10/01 22:24:32,25750000,259000,292350,70350,4177
2026/10/01 22:28:31,25750000,259000,292350,70350,4176
2026/10/01 22:32:31,25750000,259000,292350,70350,4176
2026/10/01 22:36:31,25750000,259000,292350,70350,4175
2026/10/01 22:40:32,25750000,259000,292350,70350,4175
2026/10/01 22:44:31,25750000,259000,292350,70350,4176
2026/10/01 22:48:31,25750000,259000,292350,70350,4177
2026/10/01 22:52:31,25750000,259000,292350,70350,4180
2026/10/01 22:56:32,25750000,259000,292350,70350,4177
2026/10/01 23:00:31,25750000,259000,292350,70350,4177
2026/10/01 23:04:31,25750000,259000,292350,70350,4177
2026/10/01 23:08:31,25750000,259000,292350,70350,4176
2026/10/01 23:12:31,25750000,259000,292350,70350,4176
2026/10/01 23:16:31,25750000,259000,292350,70350,4176
2026/10/01 23:20:31,25750000,259000,292350,70350,4174
2026/10/01 23:24:31,25750000,259000,292350,70350,4177
2026/10/01 23:28:31,25750000,259000,292350,70350,4176
2026/10/01 23:32:32,25750000,259000,292350,70350,4178
2026/10/01 23:36:31,25750000,259000,292350,70350,4177
2026/10/01 23:40:31,25750000,259000,292350,70350,4176
2026/10/01 23:44:31,25750000,259000,292350,70350,4177
2026/10/01 23:48:31,25750000,259000,292350,70350,4179
2026/10/01 23:52:32,25750000,259000,292350,70350,4178
2026/10/01 23:56:31,25750000,259000,292350,70350,4178
2026/10/02 00:00:31,25750000,259000,292350,70350,4175
2026/10/02 00:04:31,25750000,259000,292350,70350,4176
2026/10/02 00:08:31,25750000,259000,292350,70350,4174
2026/10/02 00:12:31,25750000,259000,292350,70350,4174
2026/10/02 00:16:31,25750000,259000,292350,70350,4175
2026/10/02 00:20:31,25750000,259000,292350,70350,4177
2026/10/02 00:24:31,25750000,259000,292350,70350,4177
2026/10/02 00:28:31,25750000,259000,292350,70350,4177
2026/10/02 00:32:31,25750000,259000,292350,70350,4177
2026/10/02 00:36:31,25750000,259000,292350,70350,4177
2026/10/02 00:40:31,25750000,259000,292350,70350,4177
2026/10/02 00:44:31,25750000,259000,292350,70350,4177
2026/10/02 00:48:31,25750000,259000,292350,70350,4177
2026/10/02 00:52:31,25750000,259000,292350,70350,4177
2026/10/02 00:56:31,25750000,259000,292350,70350,4177
2026/10/02 01:00:32,25750000,259000,292350,70350,4177
2026/10/02 01:04:32,25750000,259000,292350,70350,4177
2026/10/02 01:08:32,25750000,259000,292350,70350,4177
2026/10/02 01:12:32,25750000,259000,292350,70350,4177
2026/10/02 01:16:32,25750000,259000,292350,70350,4177
2026/10/02 01:20:32,25750000,259000,292350,70350,4177
2026/10/02 01:24:31,25750000,259000,292350,70350,4177
2026/10/02 01:28:31,25750000,259000,292350,70350,4177
2026/10/02 01:32:32,25750000,259000,292350,70350,4177
2026/10/02 01:36:31,25750000,259000,292350,70350,4176
2026/10/02 01:40:31,25750000,259000,292350,70350,4175
2026/10/02 01:44:31,25750000,259000,292350,70350,4173
2026/10/02 01:48:31,25750000,259000,292350,70350,4172
2026/10/02 01:52:31,25750000,259000,292350,70350,4172
2026/10/02 01:56:31,25750000,259000,292350,70350,4172
2026/10/02 02:00:31,25750000,259000,292350,70350,4172
2026/10/02 02:04:31,25750000,259000,292350,70350,4174
2026/10/02 02:08:31,25750000,259000,292350,70350,4176
2026/10/02 02:12:31,25750000,259000,292350,70350,4175
2026/10/02 02:16:31,25750000,259000,292350,70350,4176
2026/10/02 02:20:31,25750000,259000,292350,70350,4176
2026/10/02 02:24:31,25750000,259000,292350,70350,4176
2026/10/02 02:28:31,25750000,259000,292350,70350,4177
2026/10/02 02:32:31,25750000,259000,292350,70350,4178
2026/10/02 02:36:31,25750000,259000,292350,70350,4178
2026/10/02 02:40:31,25750000,259000,292350,70350,4178
2026/10/02 02:44:31,25750000,259000,292350,70350,4179
2026/10/02 02:48:31,25750000,259000,292350,70350,4180
2026/10/02 02:52:31,25750000,259000,292350,70350,4182
2026/10/02 02:56:31,25750000,259000,292350,70350,4181
2026/10/02 03:00:31,25750000,259000,292350,70350,4181
2026/10/02 03:04:48,25750000,259000,292350,70350,4181
2026/10/02 03:08:31,25750000,259000,292350,70350,4181
2026/10/02 03:12:31,25750000,259000,292350,70350,4178
2026/10/02 03:16:31,25750000,259000,292350,70350,4178
2026/10/02 03:20:31,25750000,259000,292350,70350,4179
2026/10/02 03:24:31,25750000,259000,292350,70350,4182
2026/10/02 03:28:31,25750000,259000,292350,70350,4183
2026/10/02 03:32:31,25750000,259000,292350,70350,4182
2026/10/02 03:36:32,25750000,259000,292350,70350,4177
2026/10/02 03:40:31,25750000,259000,292350,70350,4175
2026/10/02 03:44:31,25750000,259000,292350,70350,4170
2026/10/02 03:48:31,25750000,259000,292350,70350,4168
2026/10/02 03:52:31,25750000,259000,292350,70350,4169
2026/10/02 03:56:32,25750000,259000,292350,70350,4166
2026/10/02 04:00:31,25750000,259000,292350,70350,4165
2026/10/02 04:04:31,25750000,259000,292350,70350,4165
2026/10/02 04:08:31,25750000,259000,292350,70350,4163
2026/10/02 04:12:31,25750000,259000,292350,70350,4159
2026/10/02 04:16:31,25750000,259000,292350,70350,4159
2026/10/02 04:20:31,25750000,259000,292350,70350,4161
2026/10/02 04:24:31,25750000,259000,292350,70350,4160
2026/10/02 04:28:31,25750000,259000,292350,70350,4158
2026/10/02 04:32:31,25750000,259000,292350,70350,4154
2026/10/02 04:36:31,25750000,259000,292350,70350,4149
2026/10/02 04:40:31,25750000,259000,292350,70350,4140
2026/10/02 04:44:32,25750000,259000,292350,70350,4140
2026/10/02 04:48:32,25750000,259000,292350,70350,4143
2026/10/02 04:52:32,25750000,259000,292350,70350,4144
2026/10/02 04:56:31,25750000,259000,292350,70350,4147
2026/10/02 05:00:31,25750000,259000,292350,70350,4148
2026/10/02 05:04:32,25750000,259000,292350,70350,4147
2026/10/02 05:08:32,25750000,259000,292350,70350,4148
2026/10/02 05:12:31,25750000,259000,292350,70350,4151
2026/10/02 05:16:31,25750000,259000,292350,70350,4148
2026/10/02 05:20:31,25750000,259000,292350,70350,4150
2026/10/02 05:24:31,25750000,259000,292350,70350,4146
2026/10/02 05:28:31,25750000,259000,292350,70350,4151
2026/10/02 05:32:31,25750000,259000,292350,70350,4149
2026/10/02 05:36:31,25750000,259000,292350,70350,4154
2026/10/02 05:40:31,25750000,259000,292350,70350,4156
2026/10/02 05:44:32,25750000,259000,292350,70350,4153
2026/10/02 05:48:32,25750000,259000,292350,70350,4158
2026/10/02 05:52:31,25750000,259000,292350,70350,4157
2026/10/02 05:56:31,25750000,259000,292350,70350,4157
2026/10/02 06:00:31,25750000,259000,292350,70350,4162
2026/10/02 06:04:31,25750000,259000,292350,70350,4158
2026/10/02 06:08:31,25750000,259000,292350,70350,4157
2026/10/02 06:12:31,25750000,259000,292350,70350,4157
2026/10/02 06:16:31,25750000,259000,292350,70350,4156
2026/10/02 06:20:32,25750000,259000,292350,70350,4162
2026/10/02 06:24:31,25750000,259000,292350,70350,4161
2026/10/02 06:28:31,25750000,259000,292350,70350,4161
2026/10/02 06:32:31,25750000,259000,292350,70350,4168
2026/10/02 06:36:31,25750000,259000,292350,70350,4172
2026/10/02 06:40:32,25750000,259000,292350,70350,4168
2026/10/02 06:44:31,25750000,259000,292350,70350,4171
2026/10/02 06:48:31,25750000,259000,292350,70350,4170
2026/10/02 06:52:31,25750000,259000,292350,70350,4172
2026/10/02 06:56:31,25750000,259000,292350,70350,4174
2026/10/02 07:00:31,25750000,259000,292350,70350,4173
2026/10/02 07:04:31,25750000,259000,292350,70350,4174
2026/10/02 07:08:31,25750000,259000,292350,70350,4173
2026/10/02 07:12:32,25750000,259000,292350,70350,4174
2026/10/02 07:16:31,25750000,259000,292350,70350,4174
2026/10/02 07:20:31,25750000,259000,292350,70350,4172
2026/10/02 07:24:31,25750000,259000,292350,70350,4172
2026/10/02 07:28:31,25750000,259000,292350,70350,4177
2026/10/02 07:32:31,25750000,259000,292350,70350,4179
2026/10/02 07:36:31,25750000,259000,292350,70350,4183
2026/10/02 07:40:31,25750000,259000,292350,70350,4183
2026/10/02 07:44:31,25750000,259000,292350,70350,4184
2026/10/02 07:48:31,25750000,259000,292350,70350,4186
2026/10/02 07:52:31,25750000,259000,292350,70350,4185
2026/10/02 07:56:31,25750000,259000,292350,70350,4188
2026/10/02 08:00:31,25750000,259000,292350,70350,4187
2026/10/02 08:04:31,25750000,259000,292350,70350,4189
2026/10/02 08:08:31,25750000,259000,292350,70350,4184
2026/10/02 08:12:31,25750000,259000,292350,70350,4183
2026/10/02 08:16:31,25750000,259000,292350,70350,4182
2026/10/02 08:20:31,25750000,259000,292350,70350,4183
2026/10/02 08:24:31,25750000,259000,292350,70350,4182
2026/10/02 08:28:31,25750000,259000,292350,70350,4182
2026/10/02 08:32:31,25750000,259000,292350,70350,4185
2026/10/02 08:36:31,25750000,259000,292350,70350,4184
2026/10/02 08:40:31,25750000,259000,292350,70350,4186
2026/10/02 08:44:31,25750000,259000,292350,70350,4189
2026/10/02 08:48:31,25750000,259000,292350,70350,4187
2026/10/02 08:52:31,25750000,259000,292350,70350,4188
2026/10/02 08:56:31,25750000,259000,292350,70350,4187
2026/10/02 09:00:31,25750000,259000,292350,70350,4187
2026/10/02 09:04:32,25750000,259000,292350,70350,4186
2026/10/02 09:08:32,25750000,259000,292350,70350,4188
2026/10/02 09:12:31,25750000,259000,292350,70350,4188
2026/10/02 09:16:31,25750000,259000,292350,70350,4187
2026/10/02 09:20:31,25750000,259000,292350,70350,4184
2026/10/02 09:24:31,25750000,259000,292350,70350,4184
2026/10/02 09:28:31,25750000,259000,292350,70350,4184
2026/10/02 09:32:31,25750000,259000,292350,70350,4189
2026/10/02 09:36:31,25750000,259000,292350,70350,4196
2026/10/02 09:40:31,25750000,259000,292350,70350,4194
2026/10/02 09:44:31,25750000,259000,292350,70350,4195
2026/10/02 09:48:31,25750000,259000,292350,70350,4188
2026/10/02 09:52:31,25750000,259000,292350,70350,4190
2026/10/02 09:56:31,25750000,259000,292350,70350,4189
2026/10/02 10:00:31,25750000,259000,292350,70350,4189
2026/10/02 10:04:31,25750000,259000,292350,70350,4186
2026/10/02 10:08:31,25750000,259000,292350,70350,4183
2026/10/02 10:12:31,25750000,259000,292350,70350,4182
2026/10/02 10:16:31,25750000,259000,292350,70350,4180
2026/10/02 10:20:31,25750000,259000,292350,70350,4179
2026/10/02 10:24:32,25750000,259000,292350,70350,4179
2026/10/02 10:28:32,25750000,259000,292350,70350,4182
2026/10/02 10:32:31,25750000,259000,292350,70350,4180
2026/10/02 10:36:31,25750000,259000,292350,70350,4181
2026/10/02 10:40:31,25750000,259000,292350,70350,4179
2026/10/02 10:44:31,25750000,259000,292350,70350,4181
2026/10/02 10:48:31,25750000,259000,292350,70350,4183
2026/10/02 10:52:31,25750000,259000,292350,70350,4183
2026/10/02 10:56:31,25750000,259000,292350,70350,4189
2026/10/02 11:00:31,25750000,259000,292350,70350,4185
2026/10/02 11:04:31,25750000,259000,292350,70350,4186
2026/10/02 11:08:32,25750000,259000,292350,70350,4186
2026/10/02 11:12:31,25750000,259000,292350,70350,4187
2026/10/02 11:16:31,25750000,259000,292350,70350,4185
2026/10/02 11:20:31,25750000,259000,292350,70450,4185
2026/10/02 11:24:31,25750000,259000,292350,70450,4181
2026/10/02 11:28:31,25750000,259000,292350,70450,4182
2026/10/02 11:32:31,25750000,259000,292350,70450,4182
2026/10/02 11:36:31,25750000,259000,292350,70450,4188
2026/10/02 11:40:31,25750000,259000,292350,70450,4194
2026/10/02 11:44:32,25750000,259000,292350,70450,4188
2026/10/02 11:48:31,25750000,259000,292350,70450,4187
2026/10/02 11:52:31,25750000,259000,292350,70450,4186
2026/10/02 11:56:31,25750000,259000,292350,70450,4184
2026/10/02 12:00:31,25750000,259000,292350,70450,4182
2026/10/02 12:04:31,25750000,259000,292350,70450,4182
2026/10/02 12:08:31,25750000,259000,292350,70450,4184
2026/10/02 12:12:31,25750000,259000,292350,70450,4182
2026/10/02 12:16:31,25750000,259000,292350,70450,4181
2026/10/02 12:20:36,25750000,259000,292350,70450,4180
2026/10/02 12:24:31,25750000,259000,292350,70450,4183
2026/10/02 12:28:31,25750000,259000,292350,70450,4186
2026/10/02 12:32:31,25750000,259000,292350,70450,4181
2026/10/02 12:36:31,25750000,259000,292350,70450,4182
2026/10/02 12:40:31,25750000,259000,292350,70450,4182
2026/10/02 12:44:31,25750000,259000,292350,70450,4187
2026/10/02 12:48:31,25750000,259000,292350,70450,4186
2026/10/02 12:52:31,25750000,259000,292350,70450,4185
2026/10/02 12:56:31,25750000,259000,292350,70450,4185
2026/10/02 13:00:31,25750000,259000,292350,70450,4186
2026/10/02 13:04:31,25750000,259000,292350,70450,4186
2026/10/02 13:08:31,25750000,259000,292350,70450,4183
2026/10/02 13:12:31,25750000,259000,292350,70450,4185
2026/10/02 13:16:31,25750000,259000,292350,70450,4183
2026/10/02 13:20:31,25750000,259000,292350,70450,4185
2026/10/02 13:24:32,25750000,259000,292350,70450,4185
2026/10/02 13:28:31,25750000,259000,292350,70450,4185
2026/10/02 13:32:32,25750000,259000,292350,70450,4184
2026/10/02 13:36:31,25750000,259000,292350,70450,4184
2026/10/02 13:40:31,25750000,259000,292350,70450,4179
2026/10/02 13:44:31,25750000,259000,292350,70450,4170
2026/10/02 13:48:31,25750000,259000,292350,70450,4171
2026/10/02 13:52:31,25750000,259000,292350,70450,4168
2026/10/02 13:56:31,25750000,259000,292350,70450,4169
2026/10/02 14:00:31,25750000,259000,292350,70450,4173
2026/10/02 14:04:31,25750000,259000,292350,70450,4174
2026/10/02 14:08:31,25750000,259000,292350,70450,4178
2026/10/02 14:12:31,25750000,259000,292350,70450,4178
2026/10/02 14:16:32,25750000,259000,292350,70450,4182
2026/10/02 14:20:32,25750000,259000,292350,70450,4180
2026/10/02 14:24:31,25750000,259000,292350,70450,4179
2026/10/02 14:28:31,25750000,259000,292350,70450,4182
2026/10/02 14:32:31,25750000,259000,292350,70450,4183
2026/10/02 14:36:31,25750000,259000,292350,70450,4184
2026/10/02 14:40:36,25750000,259000,292350,70450,4185
2026/10/02 14:44:31,25750000,259000,292350,70450,4185
2026/10/02 14:48:31,25750000,259000,292350,70450,4185
2026/10/02 14:52:31,25750000,259000,292350,70450,4184
2026/10/02 14:56:31,25750000,259000,292350,70450,4184
2026/10/02 15:00:31,25750000,259000,292350,70450,4180
2026/10/02 15:04:31,25750000,259000,292350,70450,4180
2026/10/02 15:08:31,25750000,259000,292350,70450,4181
2026/10/02 15:12:31,25750000,259000,292350,70450,4180
2026/10/02 15:16:31,25750000,259000,292350,70450,4179
2026/10/02 15:20:31,25750000,259000,292350,70450,4178
2026/10/02 15:24:31,25750000,259000,292350,70450,4180
2026/10/02 15:28:32,25750000,259000,292350,70450,4185
2026/10/02 15:32:31,25750000,259000,292350,70450,4180
2026/10/02 15:36:31,25750000,259000,292350,70450,4179
2026/10/02 15:40:32,25750000,259000,292350,70450,4181
2026/10/02 15:44:31,25750000,259000,292350,70450,4175
2026/10/02 15:48:31,25750000,259000,292350,70450,4177
2026/10/02 15:52:31,25750000,259000,292350,70450,4180
2026/10/02 15:56:31,25750000,259000,292350,70450,4176
2026/10/02 16:00:31,25750000,259000,292350,70450,4181
2026/10/02 16:04:32,25750000,259000,292350,70450,4220
2026/10/02 16:08:32,25750000,259000,292350,70450,4219
2026/10/02 16:12:31,25750000,259000,292350,70450,4214
2026/10/02 16:16:32,25750000,259000,292350,70450,4212
2026/10/02 16:20:31,25750000,259000,292350,70450,4210
2026/10/02 16:24:32,25750000,259000,292350,70450,4205
2026/10/02 16:28:31,25750000,259000,292350,70450,4214
2026/10/02 16:32:31,25750000,259000,292350,70450,4219
2026/10/02 16:36:31,25750000,259000,292350,70450,4222
2026/10/02 16:40:32,25750000,259000,292350,70450,4210
2026/10/02 16:44:31,25750000,259000,292350,70450,4203
2026/10/02 16:48:31,25750000,259000,292350,71100,4195
2026/10/02 16:52:31,25750000,259000,292350,71100,4191
2026/10/02 16:56:32,25750000,259000,292350,71100,4191
2026/10/02 17:00:31,25750000,259000,292350,71100,4194
2026/10/02 17:04:31,25750000,259000,292350,71100,4191
2026/10/02 17:08:31,25750000,259000,292350,71100,4198
2026/10/02 17:12:31,25750000,259000,292350,71100,4190
2026/10/02 17:16:32,25750000,259000,292350,71100,4190
2026/10/02 17:20:32,25750000,259000,292350,71100,4187
2026/10/02 17:24:31,25750000,259000,292350,71100,4185
2026/10/02 17:28:31,25750000,259000,292350,71100,4181
2026/10/02 17:32:31,25750000,259000,292350,71100,4187
2026/10/02 17:36:31,25750000,259000,292350,71100,4195
2026/10/02 17:40:31,25750000,259000,292350,71100,4185
2026/10/02 17:44:31,25750000,259000,292350,71100,4183
2026/10/02 17:48:31,25750000,259000,292350,71100,4186
2026/10/02 17:52:32,25750000,259000,292350,71100,4187
2026/10/02 17:56:31,25750000,259000,292350,71100,4182
2026/10/02 18:00:31,25750000,259000,292350,71100,4175
2026/10/02 18:04:31,25750000,259000,292350,71100,4172
2026/10/02 18:08:31,25750000,259000,292350,71100,4172
2026/10/02 18:12:32,25750000,259000,292350,71100,4177
2026/10/02 18:16:31,25750000,259000,292350,71100,4174
2026/10/02 18:20:32,25750000,259000,292350,71100,4173
2026/10/02 18:24:32,25750000,259000,292350,71100,4162
2026/10/02 18:28:32,25750000,259000,292350,71100,4157
2026/10/02 18:32:31,25750000,259000,292350,71100,4153
2026/10/02 18:36:31,25750000,259000,292350,71100,4153
2026/10/02 18:40:31,25750000,259000,292350,71100,4145
2026/10/02 18:44:32,25750000,259000,292350,71100,4144
2026/10/02 18:48:32,25750000,259000,292350,71050,4141
2026/10/02 18:52:32,25750000,259000,292350,71050,4143
2026/10/02 18:56:32,25750000,259000,292350,71050,4134
2026/10/02 19:00:32,25750000,259000,292350,71050,4141
2026/10/02 19:04:31,25750000,259000,292350,71050,4144
2026/10/02 19:08:31,25750000,259000,292350,71050,4145
2026/10/02 19:12:31,25750000,259000,292350,71050,4138
2026/10/02 19:16:31,25750000,259000,292350,71050,4133
2026/10/02 19:20:31,25750000,259000,292350,71050,4135
2026/10/02 19:24:31,25750000,259000,292350,71050,4131
2026/10/02 19:28:31,25750000,259000,292350,71050,4129
2026/10/02 19:32:32,25750000,259000,292350,71050,4128
2026/10/02 19:36:32,25750000,259000,292350,71050,4130
2026/10/02 19:40:32,25750000,259000,292350,71050,4133
2026/10/02 19:44:31,25750000,259000,292350,71050,4133
2026/10/02 19:48:31,25750000,259000,292350,71000,4137
2026/10/02 19:52:31,25750000,259000,292350,71000,4140
2026/10/02 19:56:31,25750000,259000,292350,71000,4136
2026/10/02 20:00:32,25750000,259000,292350,71000,4134
2026/10/02 20:04:31,25750000,259000,292350,71000,4138
2026/10/02 20:08:31,25750000,259000,292350,71000,4139
2026/10/02 20:12:31,25750000,259000,292350,71000,4136
2026/10/02 20:16:31,25750000,259000,292350,71000,4137
2026/10/02 20:20:32,25750000,259000,292350,71050,4137
2026/10/02 20:24:31,25750000,259000,292350,71050,4138
2026/10/02 20:28:31,25750000,259000,292350,71050,4139
2026/10/02 20:32:31,25750000,259000,292350,71050,4141
2026/10/02 20:36:31,25750000,259000,292350,71050,4142
2026/10/02 20:40:31,25750000,259000,292350,71050,4137
2026/10/02 20:44:32,25750000,259000,292350,71050,4136
2026/10/02 20:48:32,25750000,259000,292350,71050,4137
2026/10/02 20:52:31,25750000,259000,292350,71050,4136
2026/10/02 20:56:32,25750000,259000,292350,71050,4134
2026/10/02 21:00:31,25750000,259000,292350,71050,4133
2026/10/02 21:04:31,25750000,259000,292350,71050,4136
2026/10/02 21:08:31,25750000,259000,292350,71050,4137
2026/10/02 21:12:31,25750000,259000,292350,71050,4136
2026/10/02 21:16:32,25750000,259000,292350,71050,4138
2026/10/02 21:20:31,25750000,259000,292350,71050,4138
2026/10/02 21:24:31,25750000,259000,292350,71050,4139
2026/10/02 21:28:31,25750000,259000,292350,71050,4136
2026/10/02 21:32:32,25750000,259000,292350,71050,4137
2026/10/02 21:36:32,25750000,259000,292350,71050,4137
2026/10/02 21:40:31,25750000,259000,292350,71050,4138
2026/10/02 21:44:32,25750000,259000,292350,71050,4138
2026/10/02 21:48:31,25750000,259000,292350,71050,4138
2026/10/02 21:52:31,25750000,259000,292350,71050,4138
2026/10/02 21:56:32,25750000,259000,292350,71050,4137
2026/10/02 22:00:32,25750000,259000,292350,71050,4140
2026/10/02 22:04:31,25750000,259000,292350,71050,4139
2026/10/02 22:08:31,25750000,259000,292350,71050,4141
2026/10/02 22:12:31,25750000,259000,292350,71050,4140
2026/10/02 22:16:32,25750000,259000,292350,71050,4142
2026/10/02 22:20:31,25750000,259000,292350,71050,4143
2026/10/02 22:24:31,25750000,259000,292350,71050,4143
2026/10/02 22:28:31,25750000,259000,292350,71050,4143
2026/10/02 22:32:31,25750000,259000,292350,71050,4147
2026/10/02 22:36:31,25750000,259000,292350,71050,4145
2026/10/02 22:40:32,25750000,259000,292350,71050,4145
2026/10/02 22:44:31,25750000,259000,292350,71050,4147
2026/10/02 22:48:31,25750000,259000,292350,71050,4145
2026/10/02 22:52:31,25750000,259000,292350,71050,4147
2026/10/02 22:56:31,25750000,259000,292350,71050,4148
2026/10/02 23:00:32,25750000,259000,292350,71050,4148
2026/10/02 23:04:32,25750000,259000,292350,71050,4148
2026/10/02 23:08:32,25750000,259000,292350,71050,4149
2026/10/02 23:12:32,25750000,259000,292350,71050,4146
2026/10/02 23:16:31,25750000,259000,292350,71050,4143
2026/10/02 23:20:31,25750000,259000,292350,71050,4141
2026/10/02 23:24:31,25750000,259000,292350,71050,4143
2026/10/02 23:28:31,25750000,259000,292350,71050,4144
2026/10/02 23:32:32,25750000,259000,292350,71050,4145
2026/10/02 23:36:32,25750000,259000,292350,71050,4143
2026/10/02 23:40:31,25750000,259000,292350,71050,4143
2026/10/02 23:44:31,25750000,259000,292350,71050,4142
2026/10/02 23:48:31,25750000,259000,292350,71050,4142
2026/10/02 23:52:31,25750000,259000,292350,71050,4142
2026/10/02 23:56:31,25750000,259000,292350,71050,4144
2026/10/03 00:00:31,25750000,259000,292350,71050,4142
2026/10/03 00:04:32,25750000,259000,292350,71050,4142
2026/10/03 00:08:31,25750000,259000,292350,71050,4141
2026/10/03 00:12:31,25750000,259000,292350,71050,4139
2026/10/03 01:05:01,25750000,259000,292350,71050,4139
2026/10/03 02:20:35,25750000,259000,292350,71050,4139
2026/10/03 03:04:31,25750000,259000,292350,71050,4139
2026/10/03 03:48:41,25750000,259000,292350,71050,4139
2026/10/03 04:36:38,25750000,259000,292350,71050,4139
2026/10/03 05:21:15,25750000,259000,292350,71050,4139
2026/10/03 06:10:35,25750000,259000,292350,71050,4139
2026/10/03 06:24:36,25750000,259000,292350,71050,4139
2026/10/03 07:08:48,25750000,259000,292350,71050,4139
2026/10/03 07:20:37,25750000,259000,292350,71050,4139
2026/10/03 07:36:47,25750000,259000,292350,71050,4139
2026/10/03 08:01:30,25750000,259000,292350,71050,4139
2026/10/03 08:16:32,25750000,259000,292350,71050,4139
2026/10/03 08:29:09,25750000,259000,292350,71050,4139
2026/10/03 08:32:32,26000000,259000,292350,71050,4139
2026/10/03 08:48:34,26000000,259000,292350,71050,4139
2026/10/03 09:28:36,25930000,259000,292350,71200,4139
2026/10/03 09:32:32,26000000,259000,292350,71200,4139
2026/10/03 09:40:44,26000000,259000,292350,71200,4139
2026/10/03 09:44:36,26000000,259000,292350,71200,4139
2026/10/03 09:48:31,25920000,259000,292350,71200,4139
2026/10/03 09:52:42,25920000,259000,292350,71200,4139
2026/10/03 09:56:37,25920000,259000,292350,71200,4139
2026/10/03 10:00:46,25920000,259000,292350,71200,4139
2026/10/03 10:04:50,25920000,259000,292350,71200,4139
2026/10/03 10:08:44,26010000,259000,292350,71200,4139
2026/10/03 10:12:54,26010000,259000,292350,71200,4139
2026/10/03 10:16:42,26010000,259000,292350,71200,4139
2026/10/03 10:21:01,26010000,259000,292350,71200,4139
2026/10/03 10:24:47,26010000,259000,292350,71200,4139
2026/10/03 10:36:46,26050000,259000,292350,71200,4139
2026/10/03 10:45:51,26050000,259000,292350,71200,4139
2026/10/03 10:48:42,26050000,259000,292350,71200,4139
2026/10/03 10:52:31,26050000,259000,292350,71200,4139
2026/10/03 10:56:38,26050000,259000,292350,71200,4139
2026/10/03 11:01:31,26050000,259000,292350,71200,4139
2026/10/03 11:04:58,25980000,265835,299160,71200,4139
2026/10/03 11:13:52,25980000,265735,299030,71200,4139
2026/10/03 11:16:33,25980000,265835,299150,71200,4139
2026/10/03 11:20:34,25980000,266235,299620,71650,4139
2026/10/03 11:28:51,26050000,266200,299360,71650,4139
2026/10/03 11:32:31,26050000,266700,299930,71650,4139
2026/10/03 11:36:31,26050000,266500,299700,71650,4139
2026/10/03 11:40:31,26050000,266395,299590,71650,4139
2026/10/03 11:44:31,26050000,266200,299400,71650,4139
2026/10/03 11:48:36,26050000,266700,299950,71650,4139
2026/10/03 11:52:32,26050000,266700,299970,71650,4139
2026/10/03 11:56:40,26020000,266900,300170,72400,4139
2026/10/03 12:00:32,26020000,266900,300170,72400,4139
2026/10/03 12:04:37,26020000,266890,300160,72400,4139
2026/10/03 12:08:31,26100000,267220,300480,72400,4139
2026/10/03 12:12:34,26180000,267200,300520,72500,4139
2026/10/03 12:16:45,26250000,267500,300830,72500,4139
2026/10/03 12:20:59,26250000,267400,301080,73000,4139
2026/10/03 12:24:31,26250000,267400,301070,73000,4139
2026/10/03 12:28:35,26250000,267700,301410,73000,4139
2026/10/03 12:32:34,26250000,267700,301420,73000,4139
2026/10/03 12:36:32,26250000,267700,301390,73000,4139
2026/10/03 12:40:36,26210000,267700,301390,73000,4139
2026/10/03 12:44:37,26210000,267690,301400,73000,4139
2026/10/03 12:48:42,26210000,267400,301070,73000,4139
2026/10/03 12:52:31,26210000,267100,300710,73100,4139
2026/10/03 12:56:31,26210000,267200,300860,73100,4139
2026/10/03 13:00:31,26210000,267200,300830,73100,4139
2026/10/03 13:04:31,26210000,267200,300860,73100,4139
2026/10/03 13:08:32,26260000,267400,301090,72900,4139
2026/10/03 13:12:31,26260000,267400,301060,72900,4139
2026/10/03 13:16:43,26260000,267400,301050,72900,4139
2026/10/03 13:21:34,26260000,267300,300960,72700,4139
2026/10/03 13:24:38,26260000,267295,300970,72700,4139
2026/10/03 13:28:31,26260000,267075,300740,72700,4139
2026/10/03 13:32:32,26260000,267115,300710,72700,4139
2026/10/03 13:44:31,26260000,267895,301620,73100,4139
2026/10/03 13:48:33,26260000,267900,301650,73100,4139
2026/10/03 13:52:31,26260000,267900,301640,73100,4139
2026/10/03 13:56:37,26260000,267900,301650,73100,4139
2026/10/03 14:04:32,26260000,267715,301390,73100,4139
2026/10/03 14:08:32,26260000,267720,301420,73100,4139
2026/10/03 14:12:32,26260000,267675,301430,73100,4139
2026/10/03 14:16:36,26260000,267700,301420,73100,4139
2026/10/03 14:20:31,26260000,267700,301430,73100,4139
2026/10/03 14:24:31,26260000,267700,301430,73100,4139
2026/10/03 14:32:31,26260000,267700,301390,73100,4139
2026/10/03 14:36:31,26260000,267715,301420,73100,4139
2026/10/03 14:40:31,26260000,267700,301400,73300,4139
2026/10/03 14:48:32,26260000,267700,301410,73300,4139
2026/10/03 14:52:31,26260000,267700,301410,73300,4139
2026/10/03 14:56:31,26260000,267700,301420,73300,4139
2026/10/03 15:00:31,26260000,267700,301390,73300,4139
2026/10/03 15:08:32,26260000,267700,301380,73350,4139
2026/10/03 15:12:33,26260000,267700,301420,73350,4139
2026/10/03 15:16:31,26260000,267700,301390,73350,4139
2026/10/03 15:20:31,26260000,267700,301410,73350,4139
2026/10/03 15:24:31,26260000,267700,301390,73350,4139
2026/10/03 15:32:32,26260000,268100,301860,73350,4139
2026/10/03 15:36:32,26260000,268100,301840,73350,4139
2026/10/03 15:40:32,26260000,268100,301850,73500,4139
2026/10/03 15:48:32,26260000,268420,302670,73500,4139
2026/10/03 15:56:31,26260000,268415,302650,73500,4139
2026/10/03 16:00:32,26260000,268400,302650,73500,4139
2026/10/03 16:04:31,26430000,268400,302650,73500,4139
2026/10/03 16:12:32,26430000,268400,302630,73500,4139
2026/10/03 16:16:32,26430000,268400,302620,73500,4139
2026/10/03 16:20:31,26430000,268400,302650,73650,4139
2026/10/03 16:24:31,26510000,268400,302670,73650,4139
2026/10/03 16:28:31,26510000,268700,302640,73650,4139
2026/10/03 16:32:31,26510000,268700,302650,73650,4139
2026/10/03 16:36:31,26510000,268715,302660,73650,4139
2026/10/03 16:40:33,26510000,269000,302960,73650,4139
2026/10/03 16:44:31,26510000,269000,302960,73650,4139
2026/10/03 16:48:32,26510000,269000,303000,73800,4139
2026/10/03 16:56:33,26510000,269015,302990,73800,4139
2026/10/03 17:00:31,26510000,269000,302970,73800,4139
2026/10/03 17:04:31,26510000,269000,302970,73800,4139
2026/10/03 17:08:31,26510000,268995,303000,73800,4139
2026/10/03 17:12:32,26510000,269000,302990,73800,4139
2026/10/03 17:16:31,26470000,269200,303230,73800,4139
2026/10/03 17:20:31,26470000,269200,303190,73800,4139
2026/10/03 17:28:31,26470000,269200,303190,73800,4139
2026/10/03 17:33:41,26470000,269200,303180,73800,4139
2026/10/03 17:40:31,26500000,269200,303220,73800,4139
2026/10/03 17:44:36,26500000,269200,303230,73800,4139
2026/10/03 17:48:31,26500000,269190,303180,73950,4139
2026/10/03 17:52:31,26500000,269210,303210,73950,4139
2026/10/03 17:56:31,26500000,269165,303220,73950,4139
2026/10/03 18:00:31,26500000,269200,303200,73950,4139
2026/10/03 18:04:31,26500000,269200,303220,73950,4139
2026/10/03 18:08:31,26530000,269200,303200,73950,4139
2026/10/03 18:12:34,26530000,269200,303210,73950,4139
2026/10/03 18:17:14,26530000,269200,303180,73950,4139
2026/10/03 18:20:31,26530000,269200,303230,73950,4139
2026/10/03 18:24:31,26530000,269200,303220,73950,4139
2026/10/03 18:28:32,26460000,269220,303210,73950,4139
2026/10/03 18:32:49,26460000,269185,303190,73950,4139
2026/10/03 18:36:31,26390000,268975,302960,73950,4139
2026/10/03 18:40:31,26310000,268700,302620,73950,4139
2026/10/03 18:44:31,26230000,268700,302660,73950,4139
2026/10/03 18:48:32,26300000,268700,302650,73950,4139
2026/10/03 18:52:32,26300000,268200,302060,73950,4139
2026/10/03 18:56:31,26370000,268500,302410,73950,4139
2026/10/03 19:00:31,26370000,268500,302400,73950,4139
2026/10/03 19:04:37,26370000,268500,302420,73950,4139
2026/10/03 19:08:36,26370000,268400,302320,73950,4139
2026/10/03 19:12:32,26370000,268400,302330,73950,4139
2026/10/03 19:16:31,26300000,268400,302320,73950,4139
2026/10/03 19:20:31,26300000,268400,302310,73350,4139
2026/10/03 19:24:42,26300000,268405,302320,73350,4139
2026/10/03 19:28:42,26300000,268200,302100,73350,4139
2026/10/03 19:32:34,26300000,268170,302100,73350,4139
2026/10/03 19:36:37,26300000,268205,302090,73350,4139
2026/10/03 19:40:33,26300000,268200,302100,73350,4139
2026/10/03 19:44:32,26300000,268500,302410,73350,4139
2026/10/03 19:48:32,26300000,268500,302430,73400,4139
2026/10/03 19:52:36,26270000,268700,302630,73400,4139
2026/10/03 19:56:32,26270000,268600,302510,73400,4139
2026/10/03 20:00:31,26270000,268600,302510,73400,4139
2026/10/03 20:04:31,26270000,268600,302540,73400,4139
2026/10/03 20:08:42,26270000,268600,302540,73400,4139
2026/10/03 20:12:37,26350000,268600,302540,73400,4139
2026/10/03 20:16:37,26350000,268600,302540,73400,4139
2026/10/03 20:20:31,26350000,268600,302540,73250,4139
2026/10/03 20:24:34,26280000,268600,302540,73250,4139
2026/10/03 20:28:31,26280000,268600,302540,73250,4139
2026/10/03 20:32:32,26280000,268600,302540,73250,4139
2026/10/03 20:36:32,26280000,268600,302540,73250,4139
2026/10/03 20:40:31,26280000,268600,302540,73250,4139
2026/10/03 20:44:31,26280000,268600,302540,73250,4139
2026/10/03 20:48:35,26280000,268600,302540,73250,4139
2026/10/03 20:52:32,26280000,268600,302540,73250,4139
2026/10/03 20:56:31,26310000,268600,302540,73250,4139
2026/10/03 21:00:31,26310000,268600,302540,73250,4139
2026/10/03 21:04:31,26310000,268600,302540,73250,4139
2026/10/03 21:08:31,26310000,268600,302540,73250,4139
2026/10/03 21:12:32,26310000,268600,302540,73250,4139
2026/10/03 21:16:36,26310000,268600,302540,73250,4139
2026/10/03 21:20:32,26310000,268600,302540,73250,4139
2026/10/03 21:24:35,26310000,268600,302540,73250,4139
2026/10/03 21:28:31,26310000,268600,302540,73250,4139
2026/10/03 21:32:31,26310000,268600,302540,73250,4139
2026/10/03 21:36:31,26310000,268600,302540,73250,4139
2026/10/03 21:40:32,26310000,268600,302540,73250,4139
2026/10/03 21:44:31,26310000,268600,302540,73250,4139
2026/10/03 21:48:32,26310000,268600,302540,73250,4139
2026/10/03 21:52:31,26310000,268600,302540,73250,4139
2026/10/03 21:56:31,26310000,268600,302540,73250,4139
2026/10/03 22:00:31,26310000,268600,302540,73250,4139
2026/10/03 22:04:31,26310000,268600,302540,73250,4139
2026/10/03 22:08:31,26310000,268600,302540,73250,4139
2026/10/03 22:12:31,26310000,268600,302540,73250,4139
2026/10/03 22:16:31,26310000,268600,302540,73250,4139
2026/10/03 22:20:31,26310000,268600,302540,73250,4139
2026/10/03 22:24:31,26310000,268600,302540,73250,4139
2026/10/03 22:28:31,26310000,268600,302540,73250,4139
2026/10/03 22:32:31,26310000,268600,302540,73250,4139
2026/10/03 22:36:32,26310000,268600,302540,73250,4139
2026/10/03 22:40:31,26310000,268600,302540,73250,4139
2026/10/03 22:44:31,26310000,268600,302540,73250,4139
2026/10/03 22:48:32,26310000,268600,302540,73250,4139
2026/10/03 22:52:31,26310000,268600,302540,73250,4139
2026/10/03 22:56:31,26310000,268600,302540,73250,4139
2026/10/03 23:00:31,26310000,268600,302540,73250,4139
2026/10/03 23:04:32,26310000,268600,302540,73250,4139
2026/10/03 23:08:31,26310000,268600,302540,73250,4139
2026/10/03 23:12:32,26310000,268600,302540,73250,4139
2026/10/03 23:16:32,26310000,268600,302540,73250,4139
2026/10/03 23:20:32,26310000,268600,302540,73250,4139
2026/10/03 23:24:31,26310000,268600,302540,73250,4139
2026/10/03 23:28:36,26310000,268600,302540,73250,4139
2026/10/03 23:32:31,26310000,268600,302540,73250,4139
2026/10/03 23:36:36,26310000,268600,302540,73250,4139
2026/10/03 23:40:32,26310000,268600,302540,73250,4139
2026/10/03 23:44:31,26310000,268600,302540,73250,4139
2026/10/03 23:48:31,26310000,268600,302540,73250,4139
2026/10/03 23:52:34,26310000,268600,302540,73250,4139
2026/10/03 23:56:36,26310000,268600,302540,73250,4139
2026/10/04 00:00:32,26310000,268600,302540,73250,4139
2026/10/04 00:04:31,26310000,268600,302540,73250,4139
2026/10/04 00:08:36,26310000,268600,302540,73250,4139
2026/10/04 00:12:31,26310000,268600,302540,73250,4139
2026/10/04 00:16:31,26310000,268600,302540,73250,4139
2026/10/04 00:20:31,26310000,268600,302540,73250,4139
2026/10/04 00:24:32,26310000,268600,302540,73250,4139
2026/10/04 00:28:31,26310000,268600,302540,73250,4139
2026/10/04 00:32:31,26310000,268600,302540,73250,4139
2026/10/04 00:36:37,26310000,268600,302540,73250,4139
2026/10/04 00:40:32,26310000,268600,302540,73250,4139
2026/10/04 00:44:31,26310000,268600,302540,73250,4139
2026/10/04 00:48:31,26310000,268600,302540,73250,4139
2026/10/04 00:52:31,26310000,268600,302540,73250,4139
2026/10/04 00:56:31,26310000,268600,302540,73250,4139
2026/10/04 01:00:31,26310000,268600,302540,73250,4139
2026/10/04 01:04:36,26310000,268600,302540,73250,4139
2026/10/04 01:08:31,26310000,268600,302540,73250,4139
2026/10/04 01:12:37,26310000,268600,302540,73250,4139
2026/10/04 01:16:34,26310000,268600,302540,73250,4139
2026/10/04 01:20:31,26310000,268600,302540,73250,4139
2026/10/04 01:24:35,26310000,268600,302540,73250,4139
2026/10/04 01:28:31,26310000,268600,302540,73250,4139
2026/10/04 01:32:31,26310000,268600,302540,73250,4139
2026/10/04 01:36:31,26310000,268600,302540,73250,4139
2026/10/04 01:40:32,26310000,268600,302540,73250,4139
2026/10/04 01:44:35,26310000,268600,302540,73250,4139
2026/10/04 01:48:31,26310000,268600,302540,73250,4139
2026/10/04 01:52:31,26310000,268600,302540,73250,4139
2026/10/04 01:56:31,26310000,268600,302540,73250,4139
2026/10/04 02:00:32,26310000,268600,302540,73250,4139
2026/10/04 02:04:32,26310000,268600,302540,73250,4139
2026/10/04 02:08:32,26310000,268600,302540,73250,4139
2026/10/04 02:12:36,26310000,268600,302540,73250,4139
2026/10/04 02:16:32,26310000,268600,302540,73250,4139
2026/10/04 02:20:31,26310000,268600,302540,73250,4139
2026/10/04 02:24:33,26310000,268600,302540,73250,4139
2026/10/04 02:28:31,26310000,268600,302540,73250,4139
2026/10/04 02:32:32,26310000,268600,302540,73250,4139
2026/10/04 02:36:31,26310000,268600,302540,73250,4139
2026/10/04 02:40:35,26310000,268600,302540,73250,4139
2026/10/04 02:44:31,26310000,268600,302540,73250,4139
2026/10/04 02:48:31,26310000,268600,302540,73250,4139
2026/10/04 02:52:31,26310000,268600,302540,73250,4139
2026/10/04 02:56:31,26310000,268600,302540,73250,4139
2026/10/04 03:00:31,26310000,268600,302540,73250,4139
2026/10/04 03:04:33,26310000,268600,302540,73250,4139
2026/10/04 03:08:31,26310000,268600,302540,73250,4139
2026/10/04 03:12:31,26310000,268600,302540,73250,4139
2026/10/04 03:16:31,26310000,268600,302540,73250,4139
2026/10/04 03:20:32,26310000,268600,302540,73250,4139
2026/10/04 03:24:31,26310000,268600,302540,73250,4139
2026/10/04 03:28:32,26310000,268600,302540,73250,4139
2026/10/04 03:32:31,26310000,268600,302540,73250,4139
2026/10/04 03:36:31,26310000,268600,302540,73250,4139
2026/10/04 03:40:31,26310000,268600,302540,73250,4139
2026/10/04 03:44:31,26310000,268600,302540,73250,4139
2026/10/04 03:48:31,26310000,268600,302540,73250,4139
2026/10/04 03:52:31,26310000,268600,302540,73250,4139
2026/10/04 03:56:31,26310000,268600,302540,73250,4139
2026/10/04 04:00:31,26310000,268600,302540,73250,4139
2026/10/04 04:04:36,26310000,268600,302540,73250,4139
2026/10/04 04:08:31,26310000,268600,302540,73250,4139
2026/10/04 04:12:31,26310000,268600,302540,73250,4139
2026/10/04 04:16:31,26310000,268600,302540,73250,4139
2026/10/04 04:20:32,26310000,268600,302540,73250,4139
2026/10/04 04:24:31,26310000,268600,302540,73250,4139
2026/10/04 04:28:31,26310000,268600,302540,73250,4139
2026/10/04 04:32:31,26310000,268600,302540,73250,4139
2026/10/04 04:36:31,26310000,268600,302540,73250,4139
2026/10/04 04:40:31,26310000,268600,302540,73250,4139
2026/10/04 04:44:36,26310000,268600,302540,73250,4139
2026/10/04 04:48:31,26310000,268600,302540,73250,4139
2026/10/04 04:52:31,26310000,268600,302540,73250,4139
2026/10/04 04:56:31,26310000,268600,302540,73250,4139
2026/10/04 05:00:31,26310000,268600,302540,73250,4139
2026/10/04 05:04:31,26310000,268600,302540,73250,4139
2026/10/04 05:08:32,26310000,268600,302540,73250,4139
2026/10/04 05:12:32,26310000,268600,302540,73250,4139
2026/10/04 05:16:36,26310000,268600,302540,73250,4139
2026/10/04 05:20:36,26310000,268600,302540,73250,4139
2026/10/04 05:24:31,26310000,268600,302540,73250,4139
2026/10/04 05:28:34,26310000,268600,302540,73250,4139
2026/10/04 05:32:32,26310000,268600,302540,73250,4139
2026/10/04 05:36:31,26310000,268600,302540,73250,4139
2026/10/04 05:40:31,26310000,268600,302540,73250,4139
2026/10/04 05:44:31,26310000,268600,302540,73250,4139
2026/10/04 05:48:31,26310000,268600,302540,73250,4139
2026/10/04 05:52:31,26310000,268600,302540,73250,4139
2026/10/04 05:56:31,26310000,268600,302540,73250,4139
2026/10/04 06:00:31,26310000,268600,302540,73250,4139
2026/10/04 06:04:31,26310000,268600,302540,73250,4139
2026/10/04 06:08:31,26310000,268600,302540,73250,4139
2026/10/04 06:12:31,26310000,268600,302540,73250,4139
2026/10/04 06:16:31,26310000,268600,302540,73250,4139
2026/10/04 06:20:31,26310000,268600,302540,73250,4139
2026/10/04 06:24:33,26310000,268600,302540,73250,4139
2026/10/04 06:28:32,26310000,268600,302540,73250,4139
2026/10/04 06:32:31,26310000,268600,302540,73250,4139
2026/10/04 06:36:31,26310000,268600,302540,73250,4139
2026/10/04 06:40:32,26310000,268600,302540,73250,4139
2026/10/04 06:44:31,26310000,268600,302540,73250,4139
2026/10/04 06:48:32,26310000,268600,302540,73250,4139
2026/10/04 06:52:33,26310000,268600,302540,73250,4139
2026/10/04 06:56:32,26310000,268600,302540,73250,4139
2026/10/04 07:00:31,26310000,268600,302540,73250,4139
2026/10/04 07:04:32,26310000,268600,302540,73250,4139
2026/10/04 07:08:31,26310000,268600,302540,73250,4139
2026/10/04 07:12:31,26310000,268600,302540,73250,4139
2026/10/04 07:16:34,26310000,268600,302540,73250,4139
2026/10/04 07:20:31,26310000,268600,302540,73250,4139
2026/10/04 07:24:31,26310000,268600,302540,73250,4139
2026/10/04 07:28:31,26310000,268600,302540,73250,4139
2026/10/04 07:32:36,26310000,268600,302540,73250,4139
2026/10/04 07:36:36,26310000,268600,302540,73250,4139
2026/10/04 07:40:31,26310000,268600,302540,73250,4139
2026/10/04 07:44:36,26310000,268600,302540,73250,4139
2026/10/04 07:48:32,26310000,268600,302540,73250,4139
2026/10/04 07:52:31,26310000,268600,302540,73250,4139
2026/10/04 07:56:32,26310000,268600,302540,73250,4139
2026/10/04 08:00:31,26310000,268600,302540,73250,4139
2026/10/04 08:04:31,26310000,268600,302540,73250,4139
2026/10/04 08:08:31,26310000,268600,302540,73250,4139
2026/10/04 08:12:31,26310000,268600,302540,73250,4139
2026/10/04 08:16:31,26310000,268600,302540,73250,4139
2026/10/04 08:20:32,26310000,268600,302540,73250,4139
2026/10/04 08:24:31,26310000,268600,302540,73250,4139
2026/10/04 08:28:31,26310000,268600,302540,73250,4139
2026/10/04 08:32:31,26310000,268600,302540,73250,4139
2026/10/04 08:36:32,26310000,268600,302540,73250,4139
2026/10/04 08:40:31,26310000,268600,302540,73250,4139
2026/10/04 17:37:21,26340000,267880,301950,73200,4139
2026/10/04 17:40:32,26260000,267920,301980,73200,4139
2026/10/04 17:44:31,26260000,267885,301980,73200,4139
2026/10/04 17:48:31,26260000,267900,301990,73200,4139
2026/10/04 17:52:31,26260000,267490,301500,73200,4139
2026/10/04 17:56:31,26260000,267500,301530,73900,4139
2026/10/04 18:00:31,26260000,267500,301500,73900,4139
2026/10/04 18:04:32,26300000,267500,301530,73900,4139
2026/10/04 18:08:32,26300000,267500,301500,73900,4139
2026/10/04 18:12:31,26300000,267485,301520,73900,4139
2026/10/04 18:16:31,26300000,267460,301530,73200,4139
2026/10/04 18:20:47,26300000,268310,302090,73200,4139
2026/10/04 18:24:44,26300000,268300,302070,73200,4139
2026/10/04 18:28:31,26300000,268305,302100,73200,4139
2026/10/04 18:32:31,26300000,268310,302060,73200,4139
2026/10/04 18:36:31,26300000,268265,302070,73200,4139
2026/10/04 18:40:32,26300000,268290,302060,73200,4139
2026/10/04 18:44:31,26300000,268300,302090,73200,4139
2026/10/04 18:48:31,26330000,268300,302070,73200,4139
2026/10/04 18:52:31,26330000,268300,302100,73200,4139
2026/10/04 18:56:31,26330000,268505,302300,73200,4139
2026/10/04 19:00:32,26330000,268515,302330,73200,4139
2026/10/04 19:04:31,26330000,268500,302300,73200,4139
2026/10/04 19:08:31,26330000,268500,302310,73200,4139
2026/10/04 19:12:32,26430000,268500,302310,73200,4139
2026/10/04 19:16:31,26430000,268505,302330,73200,4139
2026/10/04 19:20:31,26430000,268500,302280,73200,4139
2026/10/04 19:24:31,26430000,268500,302300,73200,4139
2026/10/04 19:28:32,26430000,268500,302280,73200,4139
2026/10/04 19:36:32,26430000,268760,302650,73200,4139
2026/10/04 19:40:33,26430000,268760,302630,73200,4139
2026/10/04 19:44:33,26460000,268780,302650,73200,4139
2026/10/04 19:48:33,26460000,268815,302660,73200,4139
2026/10/04 19:52:41,26460000,268800,302620,73200,4139
2026/10/04 19:56:34,26460000,269100,302990,73200,4139
2026/10/04 20:00:34,26460000,269100,303000,73200,4139
2026/10/04 20:04:32,26390000,269100,302960,73200,4139
2026/10/04 20:08:33,26390000,269100,302960,73200,4139
2026/10/04 20:12:32,26390000,269100,302960,73200,4139
2026/10/04 20:16:37,26390000,269100,302960,73200,4139
2026/10/04 20:20:32,26390000,269100,302960,73200,4139
2026/10/04 20:32:31,26460000,269100,302960,73800,4139
2026/10/04 20:36:31,26460000,269100,302960,73800,4139
2026/10/04 20:40:31,26460000,269100,302960,73800,4139
2026/10/04 20:44:31,26460000,269100,302960,73800,4139
2026/10/04 20:48:31,26460000,269100,302960,73800,4139
2026/10/04 20:52:32,26460000,269100,302960,73800,4139
2026/10/04 20:56:31,26460000,269100,302960,73800,4139
2026/10/04 21:00:31,26460000,269100,302960,73800,4139
2026/10/04 21:04:31,26460000,269100,302960,73800,4139
2026/10/04 21:08:31,26460000,269100,302960,73800,4139
2026/10/04 21:12:32,26460000,269100,302960,73800,4139
2026/10/04 21:16:31,26460000,269100,302960,73800,4139
2026/10/04 21:20:31,26460000,269100,302960,73800,4139
2026/10/04 21:24:31,26460000,269100,302960,73800,4139
2026/10/04 21:28:32,26460000,269100,302960,73800,4139
2026/10/04 21:32:31,26460000,269100,302960,73800,4139
2026/10/04 21:36:31,26460000,269100,302960,73800,4139
2026/10/04 21:40:31,26460000,269100,302960,73800,4139
2026/10/04 21:44:31,26460000,269100,302960,73800,4139
2026/10/04 21:48:31,26460000,269100,302960,73800,4139
2026/10/04 21:52:31,26460000,269100,302960,73800,4139
2026/10/04 21:56:32,26460000,269100,302960,73800,4139
2026/10/04 22:00:31,26460000,269100,302960,73800,4139
2026/10/04 22:04:31,26460000,269100,302960,73800,4139
2026/10/04 22:08:31,26460000,269100,302960,73800,4139
2026/10/04 22:12:31,26460000,269100,302960,73800,4139
2026/10/04 22:16:31,26460000,269100,302960,73800,4139
2026/10/04 22:20:31,26460000,269100,302960,73800,4139
2026/10/04 22:24:31,26460000,269100,302960,73800,4139
2026/10/04 22:28:31,26460000,269100,302960,73800,4139
2026/10/04 22:32:32,26460000,269100,302960,73800,4139
2026/10/04 22:36:31,26460000,269100,302960,73800,4139
2026/10/04 22:40:31,26460000,269100,302960,73800,4139
2026/10/04 22:44:31,26460000,269100,302960,73800,4139
2026/10/04 22:48:31,26460000,269100,302960,73800,4139
2026/10/04 22:52:31,26460000,269100,302960,73800,4139
2026/10/04 22:56:31,26460000,269100,302960,73800,4139
2026/10/04 23:00:31,26460000,269100,302960,73800,4139
2026/10/04 23:04:31,26460000,269100,302960,73800,4139
2026/10/04 23:08:31,26460000,269100,302960,73800,4139
2026/10/04 23:12:31,26460000,269100,302960,73800,4139
2026/10/04 23:16:31,26460000,269100,302960,73800,4139
2026/10/04 23:20:32,26460000,269100,302960,73800,4139
2026/10/04 23:24:31,26460000,269100,302960,73800,4139
2026/10/04 23:28:31,26460000,269100,302960,73800,4139
2026/10/04 23:32:31,26460000,269100,302960,73800,4139
2026/10/04 23:36:31,26460000,269100,302960,73800,4139
2026/10/04 23:40:31,26460000,269100,302960,73800,4139
2026/10/04 23:44:32,26460000,269100,302960,73800,4139
2026/10/04 23:48:32,26460000,269100,302960,73800,4139
2026/10/04 23:52:31,26460000,269100,302960,73800,4139
2026/10/04 23:56:31,26460000,269100,302960,73800,4139
2026/10/05 00:00:31,26460000,269100,302960,73800,4139
2026/10/05 00:04:31,26460000,269100,302960,73800,4139
2026/10/05 00:08:32,26460000,269100,302960,73800,4139
2026/10/05 00:12:32,26460000,269100,302960,73800,4139
2026/10/05 00:16:31,26460000,269100,302960,73800,4139
2026/10/05 00:20:31,26460000,269100,302960,73800,4139
2026/10/05 00:24:31,26460000,269100,302960,73800,4139
2026/10/05 00:28:31,26460000,269100,302960,73800,4139
2026/10/05 00:32:31,26460000,269100,302960,73800,4139
2026/10/05 00:36:31,26460000,269100,302960,73800,4139
2026/10/05 00:40:32,26460000,269100,302960,73800,4139
2026/10/05 00:44:31,26460000,269100,302960,73800,4139
2026/10/05 00:48:31,26460000,269100,302960,73800,4139
2026/10/05 00:52:31,26460000,269100,302960,73800,4139
2026/10/05 00:56:31,26460000,269100,302960,73800,4139
2026/10/05 01:00:31,26460000,269100,302960,73800,4139
2026/10/05 01:04:31,26460000,269100,302960,73800,4139
2026/10/05 01:08:31,26460000,269100,302960,73800,4139
2026/10/05 01:12:32,26460000,269100,302960,73800,4139
2026/10/05 01:16:31,26460000,269100,302960,73800,4139
2026/10/05 01:20:31,26460000,269100,302960,73800,4139
2026/10/05 01:24:31,26460000,269100,302960,73800,4139
2026/10/05 01:28:31,26460000,269100,302960,73800,4139
2026/10/05 01:32:31,26460000,269100,302960,73800,4139
2026/10/05 01:36:31,26460000,269100,302960,73800,4139
2026/10/05 01:40:31,26460000,269100,302960,73800,4142
2026/10/05 01:44:31,26460000,269100,302960,73800,4142
2026/10/05 01:48:32,26460000,269100,302960,73800,4139
2026/10/05 01:52:31,26460000,269100,302960,73800,4139
2026/10/05 01:56:31,26460000,269100,302960,73800,4140
2026/10/05 02:00:31,26460000,269100,302960,73800,4141
2026/10/05 02:04:31,26460000,269100,302960,73800,4141
2026/10/05 02:08:31,26460000,269100,302960,73800,4143
2026/10/05 02:12:31,26460000,269100,302960,73800,4142
2026/10/05 02:16:32,26460000,269100,302960,73800,4144
2026/10/05 02:20:32,26460000,269100,302960,73800,4147
2026/10/05 02:24:31,26460000,269100,302960,73800,4147
2026/10/05 02:28:31,26460000,269100,302960,73800,4147
2026/10/05 02:32:31,26460000,269100,302960,73800,4146
2026/10/05 02:36:32,26460000,269100,302960,73800,4145
2026/10/05 02:40:31,26460000,269100,302960,73800,4144
2026/10/05 02:44:31,26460000,269100,302960,73800,4144
2026/10/05 02:48:31,26460000,269100,302960,73800,4144
2026/10/05 02:52:31,26460000,269100,302960,73800,4145
2026/10/05 02:56:31,26460000,269100,302960,73800,4145
2026/10/05 03:00:31,26460000,269100,302960,73800,4146
2026/10/05 03:04:31,26460000,269100,302960,73800,4144
2026/10/05 03:08:31,26460000,269100,302960,73800,4144
2026/10/05 03:12:31,26460000,269100,302960,73800,4145
2026/10/05 03:16:31,26460000,269100,302960,73800,4144
2026/10/05 03:20:31,26460000,269100,302960,73800,4140
2026/10/05 03:24:31,26460000,269100,302960,73800,4141
2026/10/05 03:28:31,26460000,269100,302960,73800,4142
2026/10/05 03:32:31,26460000,269100,302960,73800,4145
2026/10/05 03:36:31,26460000,269100,302960,73800,4150
2026/10/05 03:40:31,26460000,269100,302960,73800,4149
2026/10/05 03:44:32,26460000,269100,302960,73800,4149
2026/10/05 03:48:31,26460000,269100,302960,73800,4149
2026/10/05 03:52:31,26460000,269100,302960,73800,4151
2026/10/05 03:56:31,26460000,269100,302960,73800,4156
2026/10/05 04:00:31,26460000,269100,302960,73800,4155
2026/10/05 04:04:31,26460000,269100,302960,73800,4153
2026/10/05 04:08:32,26460000,269100,302960,73800,4152
2026/10/05 04:12:32,26460000,269100,302960,73800,4152
2026/10/05 04:16:32,26460000,269100,302960,73800,4153
2026/10/05 04:20:32,26460000,269100,302960,73800,4156
2026/10/05 04:24:31,26460000,269100,302960,73800,4154
2026/10/05 04:28:31,26460000,269100,302960,73800,4154
2026/10/05 04:32:31,26460000,269100,302960,73800,4156
2026/10/05 04:36:31,26460000,269100,302960,73800,4159
2026/10/05 04:40:31,26460000,269100,302960,73800,4159
2026/10/05 04:44:31,26460000,269100,302960,73800,4157
2026/10/05 04:48:31,26460000,269100,302960,73800,4158
2026/10/05 04:52:32,26460000,269100,302960,73800,4154
2026/10/05 04:56:32,26460000,269100,302960,73800,4156
2026/10/05 05:00:32,26460000,269100,302960,73800,4156
2026/10/05 05:04:32,26460000,269100,302960,73800,4155
2026/10/05 05:08:31,26460000,269100,302960,73800,4154
2026/10/05 05:12:32,26460000,269100,302960,73800,4153
2026/10/05 05:16:32,26460000,269100,302960,73800,4154
2026/10/05 05:20:32,26460000,269100,302960,73800,4158
2026/10/05 05:24:31,26460000,269100,302960,73800,4160
2026/10/05 05:28:31,26460000,269100,302960,73800,4160
2026/10/05 05:32:31,26460000,269100,302960,73800,4159
2026/10/05 05:36:31,26460000,269100,302960,73800,4160
2026/10/05 05:40:31,26460000,269100,302960,73800,4161
2026/10/05 05:44:32,26460000,269100,302960,73800,4159
2026/10/05 05:48:32,26460000,269100,302960,73800,4160
2026/10/05 05:52:31,26460000,269100,302960,73800,4157
2026/10/05 05:56:31,26460000,269100,302960,73800,4160
2026/10/05 06:00:32,26460000,269100,302960,73800,4159
2026/10/05 06:04:31,26460000,269100,302960,73800,4157
2026/10/05 06:08:31,26460000,269100,302960,73800,4155
2026/10/05 06:12:31,26460000,269100,302960,73800,4154
2026/10/05 06:16:31,26460000,269100,302960,73800,4154
2026/10/05 06:20:31,26460000,269100,302960,73800,4147
2026/10/05 06:24:31,26460000,269100,302960,73800,4144
2026/10/05 06:28:31,26460000,269100,302960,73800,4141
2026/10/05 06:32:31,26460000,269100,302960,73800,4143
2026/10/05 06:36:32,26460000,269100,302960,73800,4143
2026/10/05 06:40:32,26460000,269100,302960,73800,4137
2026/10/05 06:44:31,26460000,269100,302960,73800,4138
2026/10/05 06:48:31,26460000,269100,302960,73800,4140
2026/10/05 06:52:32,26460000,269100,302960,73800,4142
2026/10/05 06:56:31,26460000,269100,302960,73800,4140
2026/10/05 07:00:32,26460000,269100,302960,73800,4143
2026/10/05 07:04:31,26460000,269100,302960,73800,4144
2026/10/05 07:08:31,26460000,269100,302960,73800,4144
2026/10/05 07:12:32,26460000,269100,302960,73800,4143
2026/10/05 07:16:32,26460000,269100,302960,73800,4143
2026/10/05 07:20:32,26460000,269100,302960,73800,4145
2026/10/05 07:24:32,26460000,269100,302960,73800,4144
2026/10/05 07:28:32,26460000,269100,302960,73800,4143
2026/10/05 07:32:31,26460000,269100,302960,73800,4142
2026/10/05 07:36:31,26460000,269100,302960,73800,4139
2026/10/05 07:40:31,26460000,269100,302960,73800,4139
2026/10/05 07:44:32,26460000,269100,302960,73800,4137
2026/10/05 07:48:32,26460000,269100,302960,73800,4133
2026/10/05 07:52:31,26460000,269100,302960,73800,4132
2026/10/05 07:56:32,26460000,269100,302960,73800,4133
2026/10/05 08:00:32,26460000,269100,302960,73800,4125
2026/10/05 08:04:31,26460000,269100,302960,73800,4126
2026/10/05 08:08:31,26460000,269100,302960,73800,4131
2026/10/05 08:12:32,26460000,269100,302960,73800,4133
2026/10/05 08:16:32,26460000,269100,302960,73800,4133
2026/10/05 08:20:32,26460000,269100,302960,73800,4134
2026/10/05 08:24:31,26460000,269100,302960,73800,4132
2026/10/05 08:28:31,26460000,269100,302960,73800,4131
2026/10/05 08:32:31,26460000,269100,302960,73800,4132
2026/10/05 08:36:31,26460000,269100,302960,73800,4132
2026/10/05 08:40:31,26460000,269100,302960,73800,4136
2026/10/05 08:44:32,26460000,269100,302960,73800,4137
2026/10/05 08:48:32,26460000,269100,302960,73800,4137
2026/10/05 08:52:31,26460000,269100,302960,73800,4138
2026/10/05 08:56:31,26460000,269100,302960,73800,4137
2026/10/05 09:00:31,26460000,269100,302960,73800,4137
2026/10/05 09:04:31,26460000,269100,302960,73800,4134
2026/10/05 09:08:32,26680000,269100,302960,73800,4137
2026/10/05 09:12:31,26680000,269100,302960,73800,4135
2026/10/05 09:16:31,26680000,269100,302960,73800,4139
2026/10/05 09:20:36,26600000,269100,302960,73800,4139
2026/10/05 09:24:31,26600000,269100,302960,73800,4135
2026/10/05 09:28:32,26600000,269100,302960,73800,4132
2026/10/05 09:32:31,26600000,269100,302960,73800,4143
2026/10/05 09:36:32,26600000,269100,302960,73800,4141
2026/10/05 09:40:32,26600000,269100,302960,73700,4145
2026/10/05 09:44:31,26600000,269100,302960,73700,4149
2026/10/05 09:48:31,26640000,269100,302960,73700,4153
2026/10/05 09:52:31,26640000,269100,302960,73700,4148
2026/10/05 09:56:31,26720000,269100,302960,73700,4154
2026/10/05 10:00:31,26720000,269100,302960,73700,4156
2026/10/05 10:04:31,26640000,269100,302960,73700,4152
2026/10/05 10:08:31,26640000,269100,302960,73700,4151
2026/10/05 10:12:31,26640000,269100,302960,73700,4149
2026/10/05 10:16:32,26640000,269100,302960,73700,4151
2026/10/05 10:20:32,26640000,269100,302960,73700,4150
2026/10/05 10:24:31,26640000,269100,302960,73700,4151
2026/10/05 10:28:31,26640000,269100,302960,73700,4151
2026/10/05 10:32:32,26600000,269100,302960,73700,4152
2026/10/05 10:36:32,26600000,269100,302960,73700,4152
2026/10/05 10:40:31,26600000,269100,302960,73700,4157
2026/10/05 10:44:32,26600000,269100,302960,73700,4155
2026/10/05 10:48:32,26600000,269100,302960,73700,4155
2026/10/05 10:52:31,26520000,269100,302960,73700,4154
2026/10/05 10:56:31,26520000,269100,302960,73700,4153
2026/10/05 11:00:31,26520000,269100,302960,73700,4152
2026/10/05 11:04:31,26520000,269465,301800,73700,4152
2026/10/05 11:08:31,26520000,269800,302100,73700,4154
2026/10/05 11:12:31,26520000,269500,301900,73700,4155
2026/10/05 11:16:31,26520000,270100,302560,73500,4165
2026/10/05 11:20:31,26520000,270300,302880,74000,4157
2026/10/05 11:24:31,26550000,271075,303470,74000,4161
2026/10/05 11:28:31,26550000,271310,303980,74000,4161
2026/10/05 11:32:32,26550000,272100,305010,74000,4164
2026/10/05 11:36:32,26550000,271815,304750,74000,4164
2026/10/05 11:40:31,26550000,271300,304000,74000,4166
2026/10/05 11:44:31,26640000,271310,304060,74000,4168
2026/10/05 11:48:32,26640000,272115,304910,74000,4167
2026/10/05 11:52:31,26640000,271805,304610,74000,4167
2026/10/05 11:56:31,26640000,271810,304620,74000,4166
2026/10/05 12:00:31,26640000,271305,304120,74000,4166
2026/10/05 12:04:32,26640000,271100,303970,74000,4166
2026/10/05 12:08:31,26550000,270500,303290,73800,4163
2026/10/05 12:12:31,26550000,270500,303300,73800,4164
2026/10/05 12:16:31,26550000,270100,302910,73800,4162
2026/10/05 12:20:32,26550000,269775,302580,73800,4165
2026/10/05 12:24:31,26550000,269500,302260,74000,4167
2026/10/05 12:28:31,26550000,269500,302400,74000,4164
2026/10/05 12:32:31,26550000,269510,302450,74000,4166
2026/10/05 12:36:31,26550000,269800,302630,73800,4168
2026/10/05 12:40:31,26550000,269500,302320,73800,4167
2026/10/05 12:44:31,26520000,269300,302050,73800,4167
2026/10/05 12:48:31,26520000,269300,302070,73800,4166
2026/10/05 12:52:31,26520000,269300,301920,73800,4167
2026/10/05 12:56:31,26520000,269300,302240,73800,4167
2026/10/05 13:00:31,26520000,269300,302290,73800,4166
2026/10/05 13:04:31,26520000,269560,302620,73800,4163
2026/10/05 13:08:32,26520000,269500,302530,73800,4160
2026/10/05 13:12:31,26490000,269100,302080,73800,4160
2026/10/05 13:16:31,26490000,269000,302000,73800,4158
2026/10/05 13:20:32,26490000,269020,301880,73800,4159
2026/10/05 13:24:32,26490000,269015,301580,73800,4158
2026/10/05 13:28:32,26490000,268800,301470,73800,4159
2026/10/05 13:32:31,26490000,268805,301400,73800,4157
2026/10/05 13:36:31,26490000,268800,301430,73800,4158
2026/10/05 13:40:31,26490000,268815,301400,73800,4159
2026/10/05 13:44:32,26490000,268800,301440,73800,4156
2026/10/05 13:48:31,26490000,269000,301680,73800,4156
2026/10/05 13:52:31,26490000,269305,302040,73800,4156
2026/10/05 13:56:31,26490000,269300,301920,73800,4157
2026/10/05 14:00:31,26490000,269600,302260,73800,4158
2026/10/05 14:04:31,26490000,269900,302580,73800,4158
2026/10/05 14:08:31,26490000,270000,302800,73800,4158
2026/10/05 14:12:31,26490000,270000,302710,73800,4157
2026/10/05 14:16:31,26490000,269800,302480,73800,4156
2026/10/05 14:20:32,26490000,269800,302510,73800,4158
2026/10/05 14:24:32,26490000,269800,302570,73800,4159
2026/10/05 14:28:31,26490000,269800,302570,73800,4162
2026/10/05 14:32:32,26490000,269800,302580,73800,4162
2026/10/05 14:36:31,26490000,269820,301930,73800,4160
2026/10/05 14:40:31,26490000,270000,302150,73800,4160
2026/10/05 14:44:32,26490000,270020,302100,73800,4160
2026/10/05 14:48:31,26490000,269985,302080,73800,4162
2026/10/05 14:52:31,26490000,270010,302050,73800,4160
2026/10/05 14:56:31,26490000,269965,302100,73800,4162
2026/10/05 15:00:31,26490000,270000,302100,73800,4165
2026/10/05 15:04:32,26490000,270260,302440,73800,4161
2026/10/05 15:08:32,26490000,270300,302610,73800,4161
2026/10/05 15:12:32,26490000,270290,302830,73800,4158
2026/10/05 15:16:32,26490000,270300,302620,73800,4153
2026/10/05 15:20:31,26490000,270300,302630,73800,4154
2026/10/05 15:24:31,26490000,270300,302630,73800,4153
2026/10/05 15:28:31,26490000,270315,302570,73800,4154
2026/10/05 15:32:32,26490000,270300,302560,73800,4156
2026/10/05 15:36:32,26490000,270000,302240,73800,4157
2026/10/05 15:40:32,26490000,269505,301700,73800,4158
2026/10/05 15:44:31,26490000,269895,302120,73800,4158
2026/10/05 15:48:31,26490000,269900,302100,73800,4156
2026/10/05 15:52:31,26490000,269970,302140,73800,4156
2026/10/05 15:56:31,26490000,270000,302190,73800,4157
2026/10/05 16:00:31,26490000,269990,302150,73800,4161
2026/10/05 16:04:32,26550000,270000,302190,73800,4162
2026/10/05 16:08:32,26550000,269810,302240,73800,4163
2026/10/05 16:12:31,26550000,269800,302160,73800,4162
2026/10/05 16:16:31,26550000,269990,302370,73800,4160
2026/10/05 16:20:31,26550000,270020,302300,73800,4157
2026/10/05 16:24:31,26550000,269700,302240,73800,4156
2026/10/05 16:28:31,26550000,269700,302190,73800,4156
2026/10/05 16:32:31,26550000,270005,302620,73800,4156
2026/10/05 16:36:31,26550000,269900,302680,73800,4153
2026/10/05 16:40:31,26590000,269870,302710,73800,4152
2026/10/05 16:44:31,26590000,270400,303140,73800,4150
2026/10/05 16:48:31,26590000,270400,303160,73800,4152
2026/10/05 16:52:31,26590000,270400,303050,73800,4150
2026/10/05 16:56:31,26590000,270415,303170,73800,4153
2026/10/05 17:00:31,26590000,270205,302900,73800,4152
2026/10/05 17:04:32,26590000,270200,302860,73800,4149
2026/10/05 17:08:32,26590000,270200,302830,73800,4146
2026/10/05 17:12:31,26630000,270220,302810,73800,4141
2026/10/05 17:16:31,26630000,270200,302640,73800,4136
2026/10/05 17:20:32,26630000,270200,302580,73600,4138
2026/10/05 17:24:31,26560000,270190,302530,73600,4141
2026/10/05 17:28:31,26560000,270180,302530,73600,4135
2026/10/05 17:32:32,26560000,270100,302380,73600,4140
2026/10/05 17:36:32,26560000,269900,302130,73600,4140
2026/10/05 17:40:31,26560000,269795,302070,73600,4145
2026/10/05 17:44:31,26560000,269770,302220,73600,4141
2026/10/05 17:48:31,26560000,269800,302180,73600,4140
2026/10/05 17:52:32,26560000,269900,302170,73600,4141
2026/10/05 17:56:36,26560000,269900,302220,73600,4140
2026/10/05 18:00:31,26560000,269900,302430,73600,4138
2026/10/05 18:04:32,26560000,269715,302000,73600,4134
2026/10/05 18:08:32,26560000,269700,302000,73600,4135
2026/10/05 18:12:31,26560000,269400,301600,73600,4140
2026/10/05 18:16:31,26560000,269600,301910,73600,4139
2026/10/05 18:20:31,26560000,269600,301950,73600,4141
2026/10/05 18:24:32,26560000,269600,301920,73600,4144
2026/10/05 18:28:31,26560000,269600,302120,73600,4146
2026/10/05 18:32:32,26560000,269600,302160,73600,4146
2026/10/05 18:36:31,26560000,269585,302240,73600,4143
2026/10/05 18:40:31,26560000,269305,302050,73600,4142
2026/10/05 18:44:32,26560000,269100,301790,73600,4139
2026/10/05 18:48:31,26560000,268915,301620,73600,4136
2026/10/05 18:52:32,26560000,268875,301640,73600,4131
2026/10/05 18:56:31,26560000,268900,301620,73600,4132
2026/10/05 19:00:31,26560000,269200,301870,73600,4139
2026/10/05 19:04:32,26590000,269515,301870,73600,4137
2026/10/05 19:08:31,26590000,269695,302340,73600,4137
2026/10/05 19:12:32,26590000,269720,302430,73600,4138
2026/10/05 19:16:32,26590000,269670,302430,73600,4134
2026/10/05 19:20:32,26590000,269785,302520,73600,4135
2026/10/05 19:24:31,26590000,269770,302500,73600,4138
2026/10/05 19:28:31,26620000,269805,302400,73600,4138
2026/10/05 19:32:32,26620000,269700,302390,73600,4134
2026/10/05 19:36:31,26620000,269500,302170,73600,4132
2026/10/05 19:40:31,26620000,269300,301920,73600,4133
2026/10/05 19:44:32,26620000,269300,301900,73600,4131
2026/10/05 19:48:32,26620000,269300,301830,73600,4128
2026/10/05 19:52:32,26620000,269300,301840,73600,4129
2026/10/05 19:56:32,26570000,269200,301630,73600,4127
2026/10/05 20:00:31,26570000,269200,301670,73600,4127
2026/10/05 20:04:32,26570000,269200,301680,73600,4128
2026/10/05 20:08:32,26570000,269200,301680,73600,4129
2026/10/05 20:12:31,26570000,269200,301680,73600,4129
2026/10/05 20:16:31,26570000,269200,301680,73600,4130
2026/10/05 20:20:32,26570000,269200,301680,73600,4130
2026/10/05 20:24:31,26570000,269200,301680,73600,4132
2026/10/05 20:28:31,26570000,269200,301680,73600,4132
2026/10/05 20:32:31,26600000,269200,301680,73600,4131
2026/10/05 20:36:31,26600000,269200,301680,73600,4130
2026/10/05 20:40:31,26600000,269200,301680,73600,4128
2026/10/05 20:44:31,26600000,269200,301680,73600,4126
2026/10/05 20:48:31,26600000,269200,301680,73600,4127
2026/10/05 20:52:31,26600000,269200,301680,73600,4129
2026/10/05 20:56:31,26630000,269200,301680,73600,4130
2026/10/05 21:00:31,26630000,269200,301680,73600,4129
2026/10/05 21:04:31,26630000,269200,301680,73600,4128
2026/10/05 21:08:31,26630000,269200,301680,73600,4127
2026/10/05 21:12:31,26630000,269200,301680,73600,4130
2026/10/05 21:16:31,26630000,269200,301680,73600,4132
2026/10/05 21:20:31,26630000,269200,301680,73600,4133
2026/10/05 21:24:31,26630000,269200,301680,73600,4135
2026/10/05 21:28:31,26630000,269200,301680,73600,4135
2026/10/05 21:32:31,26630000,269200,301680,73600,4138
2026/10/05 21:36:32,26630000,269200,301680,73600,4140
2026/10/05 21:40:31,26630000,269200,301680,73600,4139
2026/10/05 21:44:31,26630000,269200,301680,73600,4136
2026/10/05 21:48:31,26630000,269200,301680,73600,4136
2026/10/05 21:52:31,26630000,269200,301680,73600,4135
2026/10/05 21:56:31,26630000,269200,301680,73600,4134
2026/10/05 22:00:31,26630000,269200,301680,73600,4137
2026/10/05 22:04:31,26630000,269200,301680,73600,4137
2026/10/05 22:08:31,26630000,269200,301680,73600,4137
2026/10/05 22:12:32,26630000,269200,301680,73600,4137
2026/10/05 22:16:31,26630000,269200,301680,73600,4138
2026/10/05 22:20:31,26630000,269200,301680,73600,4139
2026/10/05 22:24:32,26630000,269200,301680,73600,4141
2026/10/05 22:28:32,26630000,269200,301680,73600,4142
2026/10/05 22:32:31,26630000,269200,301680,73600,4143
2026/10/05 22:36:32,26630000,269200,301680,73600,4142
2026/10/05 22:40:31,26630000,269200,301680,73600,4140
2026/10/05 22:44:31,26630000,269200,301680,73600,4141
2026/10/05 22:48:31,26630000,269200,301680,73600,4140
2026/10/05 22:52:31,26630000,269200,301680,73600,4140
2026/10/05 22:56:31,26630000,269200,301680,73600,4141
2026/10/05 23:00:31,26630000,269200,301680,73600,4142
2026/10/05 23:04:32,26630000,269200,301680,73600,4142
2026/10/05 23:08:31,26630000,269200,301680,73600,4142
2026/10/05 23:12:31,26630000,269200,301680,73600,4143
2026/10/05 23:16:31,26630000,269200,301680,73600,4142
2026/10/05 23:20:31,26630000,269200,301680,73600,4141
2026/10/05 23:24:31,26630000,269200,301680,73600,4140
2026/10/05 23:28:31,26630000,269200,301680,73600,4140
2026/10/05 23:32:31,26630000,269200,301680,73600,4139
2026/10/05 23:36:31,26630000,269200,301680,73600,4138
2026/10/05 23:40:31,26630000,269200,301680,73600,4138
2026/10/05 23:44:31,26630000,269200,301680,73600,4139
2026/10/05 23:48:31,26630000,269200,301680,73600,4139
2026/10/05 23:52:32,26630000,269200,301680,73600,4141
2026/10/05 23:56:31,26630000,269200,301680,73600,4141
2026/10/06 00:00:31,26630000,269200,301680,73600,4141
2026/10/06 00:04:31,26630000,269200,301680,73600,4140
2026/10/06 00:08:31,26630000,269200,301680,73600,4139
2026/10/06 00:12:31,26630000,269200,301680,73600,4140
2026/10/06 00:16:31,26630000,269200,301680,73600,4140
2026/10/06 00:20:31,26630000,269200,301680,73600,4142
2026/10/06 00:24:31,26630000,269200,301680,73600,4141
2026/10/06 00:28:31,26630000,269200,301680,73600,4141
2026/10/06 00:32:31,26630000,269200,301680,73600,4141
2026/10/06 00:36:32,26630000,269200,301680,73600,4141
2026/10/06 00:40:32,26630000,269200,301680,73600,4141
2026/10/06 00:44:31,26630000,269200,301680,73600,4141
2026/10/06 00:48:31,26630000,269200,301680,73600,4141
2026/10/06 00:52:31,26630000,269200,301680,73600,4141
2026/10/06 00:56:31,26630000,269200,301680,73600,4141
2026/10/06 01:00:31,26630000,269200,301680,73600,4141
2026/10/06 01:04:31,26630000,269200,301680,73600,4141
2026/10/06 01:08:31,26630000,269200,301680,73600,4141
2026/10/06 01:12:31,26630000,269200,301680,73600,4141
2026/10/06 01:16:31,26630000,269200,301680,73600,4141
2026/10/06 01:20:32,26630000,269200,301680,73600,4141
2026/10/06 01:24:31,26630000,269200,301680,73600,4141
2026/10/06 01:28:31,26630000,269200,301680,73600,4141
2026/10/06 01:32:31,26630000,269200,301680,73600,4141
2026/10/06 01:36:31,26630000,269200,301680,73600,4143
2026/10/06 01:40:31,26630000,269200,301680,73600,4143
2026/10/06 01:44:31,26630000,269200,301680,73600,4143
2026/10/06 01:48:31,26630000,269200,301680,73600,4143
2026/10/06 01:52:31,26630000,269200,301680,73600,4142
2026/10/06 01:56:31,26630000,269200,301680,73600,4143
2026/10/06 02:00:31,26630000,269200,301680,73600,4142
2026/10/06 02:04:31,26630000,269200,301680,73600,4143
2026/10/06 02:08:31,26630000,269200,301680,73600,4144
2026/10/06 02:12:32,26630000,269200,301680,73600,4145
2026/10/06 02:16:31,26630000,269200,301680,73600,4143
2026/10/06 02:20:31,26630000,269200,301680,73600,4142
2026/10/06 02:24:31,26630000,269200,301680,73600,4141
2026/10/06 02:28:31,26630000,269200,301680,73600,4141
2026/10/06 02:32:31,26630000,269200,301680,73600,4140
2026/10/06 02:36:31,26630000,269200,301680,73600,4140
2026/10/06 02:40:32,26630000,269200,301680,73600,4139
2026/10/06 02:44:31,26630000,269200,301680,73600,4138
2026/10/06 02:48:32,26630000,269200,301680,73600,4139
2026/10/06 02:52:32,26630000,269200,301680,73600,4139
2026/10/06 02:56:32,26630000,269200,301680,73600,4140
2026/10/06 03:00:32,26630000,269200,301680,73600,4140
2026/10/06 03:04:31,26630000,269200,301680,73600,4140
2026/10/06 03:08:31,26630000,269200,301680,73600,4139
2026/10/06 03:12:32,26630000,269200,301680,73600,4138
2026/10/06 03:16:32,26630000,269200,301680,73600,4136
2026/10/06 03:20:32,26630000,269200,301680,73600,4135
2026/10/06 03:24:32,26630000,269200,301680,73600,4134
2026/10/06 03:28:32,26630000,269200,301680,73600,4134
2026/10/06 03:32:31,26630000,269200,301680,73600,4136
2026/10/06 03:36:31,26630000,269200,301680,73600,4134
2026/10/06 03:40:31,26630000,269200,301680,73600,4134
2026/10/06 03:44:31,26630000,269200,301680,73600,4136
2026/10/06 03:48:31,26630000,269200,301680,73600,4137
2026/10/06 03:52:32,26630000,269200,301680,73600,4140
2026/10/06 03:56:32,26630000,269200,301680,73600,4140
2026/10/06 04:00:31,26630000,269200,301680,73600,4140
2026/10/06 04:04:31,26630000,269200,301680,73600,4145
2026/10/06 04:08:31,26630000,269200,301680,73600,4136
2026/10/06 04:12:31,26630000,269200,301680,73600,4136
2026/10/06 04:16:31,26630000,269200,301680,73600,4140
2026/10/06 04:20:31,26630000,269200,301680,73600,4144
2026/10/06 04:24:31,26630000,269200,301680,73600,4146
2026/10/06 04:28:31,26630000,269200,301680,73600,4146
2026/10/06 04:32:31,26630000,269200,301680,73600,4148
2026/10/06 04:36:31,26630000,269200,301680,73600,4147
2026/10/06 04:40:31,26630000,269200,301680,73600,4151
2026/10/06 04:44:31,26630000,269200,301680,73600,4149
2026/10/06 04:48:31,26630000,269200,301680,73600,4144
2026/10/06 04:52:32,26630000,269200,301680,73600,4141
2026/10/06 04:56:32,26630000,269200,301680,73600,4137
2026/10/06 05:00:32,26630000,269200,301680,73600,4136
2026/10/06 05:04:32,26630000,269200,301680,73600,4137
2026/10/06 05:08:32,26630000,269200,301680,73600,4137
2026/10/06 05:12:31,26630000,269200,301680,73600,4131
2026/10/06 05:16:31,26630000,269200,301680,73600,4132
2026/10/06 05:20:32,26630000,269200,301680,73600,4132
2026/10/06 05:24:31,26630000,269200,301680,73600,4131
2026/10/06 05:28:31,26630000,269200,301680,73600,4131
2026/10/06 05:32:31,26630000,269200,301680,73600,4129
2026/10/06 05:36:31,26630000,269200,301680,73600,4129
2026/10/06 05:40:32,26630000,269200,301680,73600,4129
2026/10/06 05:44:31,26630000,269200,301680,73600,4129
2026/10/06 05:48:31,26630000,269200,301680,73600,4130
2026/10/06 05:52:31,26630000,269200,301680,73600,4129
2026/10/06 05:56:31,26630000,269200,301680,73600,4128
2026/10/06 06:00:31,26630000,269200,301680,73600,4127
2026/10/06 06:04:31,26630000,269200,301680,73600,4127
2026/10/06 06:08:31,26630000,269200,301680,73600,4116
2026/10/06 06:12:31,26630000,269200,301680,73600,4121
2026/10/06 06:16:31,26630000,269200,301680,73600,4121
2026/10/06 06:20:31,26630000,269200,301680,73600,4125
2026/10/06 06:24:32,26630000,269200,301680,73600,4137
2026/10/06 06:28:32,26630000,269200,301680,73600,4132
2026/10/06 06:32:31,26630000,269200,301680,73600,4131
2026/10/06 06:36:31,26630000,269200,301680,73600,4132
2026/10/06 06:40:31,26630000,269200,301680,73600,4129
2026/10/06 06:44:31,26630000,269200,301680,73600,4129
2026/10/06 06:48:31,26630000,269200,301680,73600,4129
2026/10/06 06:52:31,26630000,269200,301680,73600,4128
2026/10/06 06:56:31,26630000,269200,301680,73600,4129
2026/10/06 07:00:32,26630000,269200,301680,73600,4128
2026/10/06 07:04:31,26630000,269200,301680,73600,4126
2026/10/06 07:08:31,26630000,269200,301680,73600,4125
2026/10/06 07:12:31,26630000,269200,301680,73600,4127
2026/10/06 07:16:31,26630000,269200,301680,73600,4131
2026/10/06 07:20:31,26630000,269200,301680,73600,4131
2026/10/06 07:24:32,26630000,269200,301680,73600,4131
2026/10/06 07:28:32,26630000,269200,301680,73600,4127
2026/10/06 07:32:31,26630000,269200,301680,73600,4128
2026/10/06 07:36:31,26630000,269200,301680,73600,4130
2026/10/06 07:40:31,26630000,269200,301680,73600,4129
2026/10/06 07:44:31,26630000,269200,301680,73600,4127
2026/10/06 07:48:31,26630000,269200,301680,73600,4126
2026/10/06 07:52:31,26630000,269200,301680,73600,4127
2026/10/06 07:56:31,26630000,269200,301680,73600,4127
2026/10/06 08:00:31,26630000,269200,301680,73600,4127
2026/10/06 08:04:32,26630000,269200,301680,73600,4127
2026/10/06 08:08:31,26630000,269200,301680,73600,4126
2026/10/06 08:12:31,26630000,269200,301680,73600,4123
2026/10/06 08:16:31,26630000,269200,301680,73600,4121
2026/10/06 08:20:31,26630000,269200,301680,73600,4120
2026/10/06 08:24:31,26630000,269200,301680,73600,4121
2026/10/06 08:28:31,26630000,269200,301680,73600,4122
2026/10/06 08:32:32,26630000,269200,301680,73600,4121
2026/10/06 08:36:32,26630000,269200,301680,73600,4123
2026/10/06 08:40:31,26630000,269200,301680,73600,4122
2026/10/06 08:44:31,26630000,269200,301680,73600,4122
2026/10/06 08:48:31,26630000,269200,301680,73600,4125
2026/10/06 08:52:31,26630000,269200,301680,73600,4123
2026/10/06 08:56:31,26630000,269200,301680,73600,4123
2026/10/06 09:00:31,26630000,269200,301680,73600,4122
2026/10/06 09:04:32,26630000,269200,301680,73600,4121
2026/10/06 09:08:32,26760000,269200,301680,73600,4123
2026/10/06 09:12:31,26760000,269200,301680,73600,4122
2026/10/06 09:16:31,26760000,269200,301680,73600,4122
2026/10/06 09:20:32,26760000,269200,301680,73600,4122
2026/10/06 09:24:31,26760000,269200,301680,73600,4120
2026/10/06 09:28:31,26690000,269200,301680,73600,4120
2026/10/06 09:32:31,26690000,269200,301680,73600,4118
2026/10/06 09:36:31,26690000,269200,301680,73600,4117
2026/10/06 09:40:31,26690000,269200,301680,73600,4119
2026/10/06 09:44:36,26690000,269200,301680,73600,4123
2026/10/06 09:48:31,26690000,269200,301680,73600,4127
2026/10/06 09:52:31,26690000,269200,301680,73600,4127
2026/10/06 09:56:32,26690000,269200,301680,73600,4129
2026/10/06 10:00:32,26730000,269200,301680,73600,4133
2026/10/06 10:04:31,26730000,269200,301680,73600,4133
2026/10/06 10:08:32,26800000,269200,301680,73600,4129
2026/10/06 10:12:31,26800000,269200,301680,73600,4131
2026/10/06 10:16:32,26880000,269200,301680,73600,4130
2026/10/06 10:20:31,26880000,269200,301680,73600,4132
2026/10/06 10:24:31,26810000,269200,301680,73600,4131
2026/10/06 10:28:31,26810000,269200,301680,73600,4131
2026/10/06 10:32:31,26810000,269200,301680,73600,4129
2026/10/06 10:36:31,26810000,269200,301680,73600,4132
2026/10/06 10:40:31,26880000,269200,301680,73600,4130
2026/10/06 10:44:32,26880000,269200,301680,73600,4131
2026/10/06 10:48:31,26880000,269200,301680,73600,4141
2026/10/06 10:52:31,26880000,269200,301680,73600,4138
2026/10/06 10:56:31,26880000,269200,301680,73600,4137
2026/10/06 11:00:31,26810000,269200,301680,73600,4136
2026/10/06 11:04:32,26810000,269500,302440,73600,4139
2026/10/06 11:08:32,26880000,269500,302330,73600,4136
2026/10/06 11:12:31,26880000,269500,302460,73600,4138
2026/10/06 11:16:31,26880000,269500,302560,73600,4139
2026/10/06 11:20:31,26880000,270000,303280,73600,4140
2026/10/06 11:24:31,26880000,270000,303240,73600,4138
2026/10/06 11:28:31,26800000,270005,303230,74000,4139
2026/10/06 11:32:31,26800000,270000,303360,74000,4142
2026/10/06 11:36:31,26800000,270500,303910,74000,4142
2026/10/06 11:40:31,26800000,270800,303870,74000,4139
2026/10/06 11:44:31,26800000,271000,304710,74000,4139
2026/10/06 11:48:32,26800000,271020,304460,74000,4142
2026/10/06 11:52:32,26800000,270800,304090,74200,4142
2026/10/06 11:56:31,26770000,270700,303950,74300,4145
2026/10/06 12:00:31,26770000,270600,303850,74300,4145
2026/10/06 12:04:31,26770000,270400,303670,74300,4146
2026/10/06 12:08:31,26770000,270515,303840,74300,4149
2026/10/06 12:12:31,26770000,270300,303720,74300,4149
2026/10/06 12:16:31,26770000,270300,303860,74500,4152
2026/10/06 12:20:31,26770000,270200,303740,74500,4151
2026/10/06 12:24:31,26770000,270300,303960,74500,4152
2026/10/06 12:28:31,26770000,270300,303810,74500,4153
2026/10/06 12:32:31,26770000,270000,303540,74500,4155
2026/10/06 12:36:31,26740000,270165,303860,74500,4153
2026/10/06 12:40:31,26740000,270205,303830,74500,4152
2026/10/06 12:44:31,26740000,271000,304680,74500,4151
2026/10/06 12:48:31,26740000,271000,304590,74500,4154
2026/10/06 12:52:36,26740000,270700,304180,74500,4157
2026/10/06 12:56:32,26740000,269500,302860,74500,4156
2026/10/06 13:00:31,26740000,269495,302630,74500,4156
2026/10/06 13:04:31,26740000,269500,302840,74500,4157
2026/10/06 13:08:31,26740000,269500,302940,74500,4154
2026/10/06 13:12:31,26710000,269700,303160,74500,4155
2026/10/06 13:16:31,26710000,269700,303260,74500,4153
2026/10/06 13:20:31,26710000,269700,303260,74500,4153
2026/10/06 13:24:31,26710000,269700,303200,74500,4152
2026/10/06 13:28:31,26710000,269700,303190,74500,4152
2026/10/06 13:32:32,26710000,269700,303310,74200,4152
2026/10/06 13:36:31,26710000,269700,303330,74200,4151
2026/10/06 13:40:32,26710000,269700,303210,74200,4151
2026/10/06 13:44:31,26710000,269000,302550,74200,4151
2026/10/06 13:48:31,26710000,268500,301990,74200,4151
2026/10/06 13:52:32,26710000,268300,301830,73800,4152
2026/10/06 13:56:32,26710000,268300,301680,73800,4153
2026/10/06 14:00:32,26710000,268300,301690,73800,4153
2026/10/06 14:04:32,26710000,268300,301720,73800,4155
2026/10/06 14:08:32,26710000,268500,302000,73800,4158
2026/10/06 14:12:31,26710000,268515,301910,73800,4160
2026/10/06 14:16:31,26710000,268675,302110,73800,4160
2026/10/06 14:20:31,26710000,268700,302160,73800,4159
2026/10/06 14:24:31,26710000,268700,302150,73800,4160
2026/10/06 14:28:31,26710000,269000,302510,73800,4159
2026/10/06 14:32:31,26710000,269000,302490,73800,4157
2026/10/06 14:36:31,26710000,268900,302370,73800,4156
2026/10/06 14:40:32,26710000,268900,302360,73800,4156
2026/10/06 14:44:32,26710000,268900,302360,73800,4160
2026/10/06 14:48:31,26710000,268900,302360,73800,4162
2026/10/06 14:52:31,26710000,268900,302310,73800,4162
2026/10/06 14:56:32,26710000,268900,302690,73800,4163
2026/10/06 15:00:32,26710000,268900,302760,73800,4165
2026/10/06 15:04:31,26710000,268900,302770,73800,4168
2026/10/06 15:08:31,26710000,268900,302880,73800,4168
2026/10/06 15:12:31,26710000,269005,302980,73800,4168
2026/10/06 15:16:31,26710000,269000,302940,73800,4172
2026/10/06 15:20:31,26710000,269000,303110,73800,4174
2026/10/06 15:24:31,26710000,268985,303130,73800,4173
2026/10/06 15:28:31,26710000,269000,303090,73800,4172
2026/10/06 15:32:32,26710000,269000,303150,73800,4175
2026/10/06 15:36:31,26710000,269000,303030,73800,4175
2026/10/06 15:40:31,26710000,269015,303150,73800,4176
2026/10/06 15:44:31,26710000,269000,303350,73800,4178
2026/10/06 15:48:31,26710000,269000,302990,73800,4176
2026/10/06 15:52:31,26710000,268800,303260,73800,4177
2026/10/06 15:56:31,26710000,268760,303240,73800,4178
2026/10/06 16:00:31,26710000,268800,303280,73800,4175
2026/10/06 16:04:31,26760000,269100,303340,73800,4172
2026/10/06 16:08:31,26760000,269100,303350,73800,4171
2026/10/06 16:12:31,26760000,269100,303390,73800,4174
2026/10/06 16:16:31,26760000,269200,303500,73800,4172
2026/10/06 16:20:32,26760000,269200,303440,73800,4168
2026/10/06 16:24:31,26760000,269205,303410,73800,4170
2026/10/06 16:28:31,26760000,269200,303340,73800,4169
2026/10/06 16:32:31,26760000,269200,303380,73800,4170
2026/10/06 16:36:31,26760000,269200,303300,73800,4170
2026/10/06 16:40:31,26760000,269200,303320,73800,4171
2026/10/06 16:44:31,26730000,269200,303310,73800,4173
2026/10/06 16:48:31,26730000,269205,303410,73800,4166
2026/10/06 16:52:31,26730000,269200,303530,73800,4166
2026/10/06 16:56:31,26730000,269200,303520,73800,4163
2026/10/06 17:00:31,26730000,269200,303330,73800,4162
2026/10/06 17:04:31,26730000,269190,303260,73800,4161
2026/10/06 17:08:31,26730000,269400,303190,73800,4163
2026/10/06 17:12:31,26730000,269415,303450,73800,4157
2026/10/06 17:16:31,26730000,269200,303190,73800,4157
2026/10/06 17:20:31,26700000,269300,303330,73800,4155
2026/10/06 17:24:32,26700000,269300,303170,73800,4154
2026/10/06 17:28:31,26700000,269300,303120,73800,4154
2026/10/06 17:32:32,26700000,269300,303170,73800,4155
2026/10/06 17:36:32,26700000,269300,303220,73800,4155
2026/10/06 17:40:32,26700000,269275,303200,73800,4155
2026/10/06 17:44:31,26700000,269300,303240,73800,4154
2026/10/06 17:48:31,26700000,269215,303120,73800,4151
2026/10/06 17:52:31,26700000,269200,303190,73800,4148
2026/10/06 17:56:31,26700000,269400,303140,73800,4145
2026/10/06 18:00:32,26700000,269200,302880,73800,4145
2026/10/06 18:04:31,26670000,269160,302870,73800,4148
2026/10/06 18:08:32,26670000,269200,302990,73800,4151
2026/10/06 18:12:31,26670000,269195,302850,73800,4149
2026/10/06 18:16:31,26670000,269205,302860,73800,4152
2026/10/06 18:20:31,26670000,269200,302800,73800,4150
2026/10/06 18:24:32,26670000,269190,302830,73800,4154
2026/10/06 18:28:32,26730000,269185,302770,73800,4153
2026/10/06 18:32:31,26730000,269200,302970,73800,4158
2026/10/06 18:36:31,26730000,269500,303390,73800,4160
2026/10/06 18:40:31,26730000,269500,303380,73800,4161
2026/10/06 18:44:31,26730000,269465,303500,73800,4162
2026/10/06 18:48:31,26730000,269800,303830,73800,4163
2026/10/06 18:52:31,26770000,270000,304000,73800,4164
2026/10/06 18:56:31,26770000,270020,303790,73800,4163
2026/10/06 19:00:31,26770000,270000,304200,73800,4164
2026/10/06 19:04:31,26770000,269800,304180,73800,4165
2026/10/06 19:08:31,26770000,269805,303950,73800,4166
2026/10/06 19:12:32,26770000,269500,303610,73800,4166
2026/10/06 19:16:32,26840000,269495,303680,73800,4167
2026/10/06 19:20:31,26840000,269800,303990,73800,4169
2026/10/06 19:24:31,26840000,270000,304200,73800,4165
2026/10/06 19:28:31,26840000,270000,304190,73800,4165
2026/10/06 19:32:31,26840000,269700,303850,73800,4163
2026/10/06 19:36:31,26840000,269700,303750,73800,4163
2026/10/06 19:40:31,26840000,269700,303730,73800,4164
2026/10/06 19:44:32,26800000,269600,303670,73800,4160
2026/10/06 19:48:32,26800000,269600,303630,73800,4163
2026/10/06 19:52:31,26800000,269600,303570,73800,4163
2026/10/06 19:56:32,26800000,269510,303600,73800,4162
2026/10/06 20:00:32,26800000,269300,303380,73800,4160
2026/10/06 20:04:31,26800000,269320,303210,73800,4160
2026/10/06 20:08:31,26750000,269320,303210,73800,4161
2026/10/06 20:12:31,26750000,269320,303210,73800,4159
2026/10/06 20:16:31,26750000,269320,303210,73800,4161
2026/10/06 20:20:31,26750000,269320,303210,73800,4157
2026/10/06 20:24:31,26750000,269320,303210,73800,4155
2026/10/06 20:28:31,26670000,269320,303210,73800,4156
2026/10/06 20:32:31,26740000,269320,303210,73800,4157
2026/10/06 20:36:32,26740000,269320,303210,73800,4160
2026/10/06 20:40:32,26740000,269320,303210,73800,4162
2026/10/06 20:44:31,26740000,269320,303210,73800,4162
2026/10/06 20:48:31,26740000,269320,303210,73800,4163
2026/10/06 20:52:31,26740000,269320,303210,73800,4160
2026/10/06 20:56:31,26770000,269320,303210,73800,4159
2026/10/06 21:00:31,26770000,269320,303210,73800,4160
2026/10/06 21:04:31,26770000,269320,303210,73800,4162
2026/10/06 21:08:31,26770000,269320,303210,73800,4163
2026/10/06 21:12:31,26770000,269320,303210,73800,4163
2026/10/06 21:16:31,26770000,269320,303210,73800,4164
2026/10/06 21:20:31,26770000,269320,303210,73800,4164
2026/10/06 21:24:31,26770000,269320,303210,73800,4165
2026/10/06 21:28:31,26770000,269320,303210,73800,4164
2026/10/06 21:32:31,26770000,269320,303210,73800,4164
2026/10/06 21:36:32,26770000,269320,303210,73800,4167
2026/10/06 21:40:31,26770000,269320,303210,73800,4167
2026/10/06 21:44:31,26770000,269320,303210,73800,4168
2026/10/06 21:48:31,26770000,269320,303210,73800,4169
2026/10/06 21:52:31,26770000,269320,303210,73800,4170
2026/10/06 21:56:31,26770000,269320,303210,73800,4168
2026/10/06 22:00:31,26770000,269320,303210,73800,4168
2026/10/06 22:04:31,26770000,269320,303210,73800,4167
2026/10/06 22:08:32,26770000,269320,303210,73800,4167
2026/10/06 22:12:31,26770000,269320,303210,73800,4168
2026/10/06 22:16:31,26770000,269320,303210,73800,4169
2026/10/06 22:20:31,26770000,269320,303210,73800,4172
2026/10/06 22:24:31,26770000,269320,303210,73800,4172
2026/10/06 22:28:31,26770000,269320,303210,73800,4175
2026/10/06 22:32:31,26770000,269320,303210,73800,4177
2026/10/06 22:36:31,26770000,269320,303210,73800,4178
2026/10/06 22:40:31,26770000,269320,303210,73800,4176
2026/10/06 22:44:31,26770000,269320,303210,73800,4177
2026/10/06 22:48:31,26770000,269320,303210,73800,4176
2026/10/06 22:52:31,26770000,269320,303210,73800,4174
2026/10/06 22:56:31,26770000,269320,303210,73800,4173
2026/10/06 23:00:31,26770000,269320,303210,73800,4172
2026/10/06 23:04:32,26770000,269320,303210,73800,4170
2026/10/06 23:08:32,26770000,269320,303210,73800,4168
2026/10/06 23:12:32,26770000,269320,303210,73800,4169
2026/10/06 23:16:31,26770000,269320,303210,73800,4169
2026/10/06 23:20:31,26770000,269320,303210,73800,4168
2026/10/06 23:24:32,26770000,269320,303210,73800,4167
2026/10/06 23:28:32,26770000,269320,303210,73800,4168
2026/10/06 23:32:32,26770000,269320,303210,73800,4169
2026/10/06 23:36:32,26770000,269320,303210,73800,4169
2026/10/06 23:40:31,26770000,269320,303210,73800,4169
2026/10/06 23:48:32,26770000,269320,303210,73800,4167
2026/10/06 23:52:31,26770000,269320,303210,73800,4164
2026/10/06 23:56:31,26770000,269320,303210,73800,4163
2026/10/07 00:00:31,26770000,269320,303210,73800,4163
2026/10/07 00:04:31,26770000,269320,303210,73800,4163
2026/10/07 00:08:31,26770000,269320,303210,73800,4164
2026/10/07 00:12:31,26770000,269320,303210,73800,4163
2026/10/07 00:16:31,26770000,269320,303210,73800,4163
2026/10/07 00:20:31,26770000,269320,303210,73800,4163
2026/10/07 00:24:31,26770000,269320,303210,73800,4164
2026/10/07 00:28:31,26770000,269320,303210,73800,4164
2026/10/07 00:32:31,26770000,269320,303210,73800,4164
2026/10/07 00:36:31,26770000,269320,303210,73800,4164
2026/10/07 00:40:31,26770000,269320,303210,73800,4164
2026/10/07 00:44:31,26770000,269320,303210,73800,4164
2026/10/07 00:48:31,26770000,269320,303210,73800,4164
2026/10/07 00:52:32,26770000,269320,303210,73800,4164
2026/10/07 00:56:32,26770000,269320,303210,73800,4164
2026/10/07 01:00:32,26770000,269320,303210,73800,4164
2026/10/07 01:04:31,26770000,269320,303210,73800,4164
2026/10/07 01:08:31,26770000,269320,303210,73800,4164
2026/10/07 01:12:31,26770000,269320,303210,73800,4164
2026/10/07 01:16:31,26770000,269320,303210,73800,4164
2026/10/07 01:20:31,26770000,269320,303210,73800,4164
2026/10/07 01:24:32,26770000,269320,303210,73800,4164
2026/10/07 01:28:32,26770000,269320,303210,73800,4164
2026/10/07 01:32:32,26770000,269320,303210,73800,4164
2026/10/07 01:36:31,26770000,269320,303210,73800,4166
2026/10/07 01:40:31,26770000,269320,303210,73800,4166
2026/10/07 01:44:31,26770000,269320,303210,73800,4166
2026/10/07 01:48:31,26770000,269320,303210,73800,4166
2026/10/07 01:52:31,26770000,269320,303210,73800,4166
2026/10/07 01:56:31,26770000,269320,303210,73800,4166
2026/10/07 02:00:31,26770000,269320,303210,73800,4166
2026/10/07 02:04:31,26770000,269320,303210,73800,4165
2026/10/07 02:08:31,26770000,269320,303210,73800,4164
2026/10/07 02:12:31,26770000,269320,303210,73800,4162
2026/10/07 02:16:31,26770000,269320,303210,73800,4163
2026/10/07 02:20:31,26770000,269320,303210,73800,4163
2026/10/07 02:24:31,26770000,269320,303210,73800,4162
2026/10/07 02:28:31,26770000,269320,303210,73800,4163
2026/10/07 02:32:31,26770000,269320,303210,73800,4163
2026/10/07 02:36:31,26770000,269320,303210,73800,4165
2026/10/07 02:40:31,26770000,269320,303210,73800,4164
2026/10/07 02:44:31,26770000,269320,303210,73800,4165
2026/10/07 02:48:31,26770000,269320,303210,73800,4165
2026/10/07 02:52:31,26770000,269320,303210,73800,4165
2026/10/07 02:56:31,26770000,269320,303210,73800,4168
2026/10/07 03:00:31,26770000,269320,303210,73800,4168
2026/10/07 03:04:31,26770000,269320,303210,73800,4168
2026/10/07 03:08:32,26770000,269320,303210,73800,4167
2026/10/07 03:12:31,26770000,269320,303210,73800,4166
2026/10/07 03:16:31,26770000,269320,303210,73800,4166
2026/10/07 03:20:31,26770000,269320,303210,73800,4166
2026/10/07 03:24:31,26770000,269320,303210,73800,4167
2026/10/07 03:28:31,26770000,269320,303210,73800,4166
2026/10/07 03:32:32,26770000,269320,303210,73800,4165
2026/10/07 03:36:32,26770000,269320,303210,73800,4164
2026/10/07 03:40:32,26770000,269320,303210,73800,4163
2026/10/07 03:44:31,26770000,269320,303210,73800,4168
2026/10/07 03:48:31,26770000,269320,303210,73800,4168
2026/10/07 03:52:32,26770000,269320,303210,73800,4162
2026/10/07 03:56:32,26770000,269320,303210,73800,4162
2026/10/07 04:00:32,26770000,269320,303210,73800,4161
2026/10/07 04:04:31,26770000,269320,303210,73800,4157
2026/10/07 04:08:31,26770000,269320,303210,73800,4159
2026/10/07 04:12:31,26770000,269320,303210,73800,4161
2026/10/07 04:16:31,26770000,269320,303210,73800,4162
2026/10/07 04:20:32,26770000,269320,303210,73800,4158
2026/10/07 04:24:32,26770000,269320,303210,73800,4157
2026/10/07 04:28:31,26770000,269320,303210,73800,4155
2026/10/07 04:32:32,26770000,269320,303210,73800,4155
2026/10/07 04:36:31,26770000,269320,303210,73800,4153
2026/10/07 04:40:31,26770000,269320,303210,73800,4153
2026/10/07 04:44:31,26770000,269320,303210,73800,4153
2026/10/07 04:48:31,26770000,269320,303210,73800,4152
2026/10/07 04:52:31,26770000,269320,303210,73800,4150
2026/10/07 04:56:31,26770000,269320,303210,73800,4150
2026/10/07 05:00:32,26770000,269320,303210,73800,4153
2026/10/07 05:04:31,26770000,269320,303210,73800,4154
2026/10/07 05:08:31,26770000,269320,303210,73800,4153
2026/10/07 05:12:31,26770000,269320,303210,73800,4154
2026/10/07 05:16:31,26770000,269320,303210,73800,4151
2026/10/07 05:20:31,26770000,269320,303210,73800,4149
2026/10/07 05:24:31,26770000,269320,303210,73800,4148
2026/10/07 05:28:32,26770000,269320,303210,73800,4148
2026/10/07 05:32:31,26770000,269320,303210,73800,4146
2026/10/07 05:36:31,26770000,269320,303210,73800,4144
2026/10/07 05:40:31,26770000,269320,303210,73800,4142
2026/10/07 05:44:31,26770000,269320,303210,73800,4143
2026/10/07 05:48:31,26770000,269320,303210,73800,4143
2026/10/07 05:52:31,26770000,269320,303210,73800,4144
2026/10/07 05:56:31,26770000,269320,303210,73800,4144
2026/10/07 06:00:31,26770000,269320,303210,73800,4146
2026/10/07 06:04:32,26770000,269320,303210,73800,4147
2026/10/07 06:08:31,26770000,269320,303210,73800,4146
2026/10/07 06:12:31,26770000,269320,303210,73800,4146
2026/10/07 06:16:31,26770000,269320,303210,73800,4148
2026/10/07 06:20:31,26770000,269320,303210,73800,4146
2026/10/07 06:24:32,26770000,269320,303210,73800,4146
2026/10/07 06:28:31,26770000,269320,303210,73800,4144
2026/10/07 06:32:32,26770000,269320,303210,73800,4142
2026/10/07 06:36:32,26770000,269320,303210,73800,4140
2026/10/07 06:40:32,26770000,269320,303210,73800,4143
2026/10/07 06:44:31,26770000,269320,303210,73800,4140
2026/10/07 06:48:32,26770000,269320,303210,73800,4139
2026/10/07 06:52:32,26770000,269320,303210,73800,4139
2026/10/07 06:56:32,26770000,269320,303210,73800,4140
2026/10/07 07:00:32,26770000,269320,303210,73800,4142
2026/10/07 07:04:31,26770000,269320,303210,73800,4143
2026/10/07 07:08:31,26770000,269320,303210,73800,4143
2026/10/07 07:12:31,26770000,269320,303210,73800,4144
2026/10/07 07:16:31,26770000,269320,303210,73800,4146
2026/10/07 07:20:31,26770000,269320,303210,73800,4145
2026/10/07 07:24:31,26770000,269320,303210,73800,4145
2026/10/07 07:28:31,26770000,269320,303210,73800,4145
2026/10/07 07:32:31,26770000,269320,303210,73800,4143
2026/10/07 07:36:31,26770000,269320,303210,73800,4142
2026/10/07 07:40:31,26770000,269320,303210,73800,4142
2026/10/07 07:44:31,26770000,269320,303210,73800,4143
2026/10/07 07:48:31,26770000,269320,303210,73800,4141
2026/10/07 07:52:31,26770000,269320,303210,73800,4142
2026/10/07 07:56:32,26770000,269320,303210,73800,4142
2026/10/07 08:00:32,26770000,269320,303210,73800,4142
2026/10/07 08:04:31,26770000,269320,303210,73800,4140
2026/10/07 08:08:31,26770000,269320,303210,73800,4138
2026/10/07 08:12:31,26770000,269320,303210,73800,4138
2026/10/07 08:16:31,26770000,269320,303210,73800,4137
2026/10/07 08:20:31,26770000,269320,303210,73800,4138
2026/10/07 08:24:31,26770000,269320,303210,73800,4137
2026/10/07 08:28:31,26770000,269320,303210,73800,4137
2026/10/07 08:32:31,26770000,269320,303210,73800,4134
2026/10/07 08:36:31,26770000,269320,303210,73800,4136
2026/10/07 08:40:36,26770000,269320,303210,73800,4134
2026/10/07 08:44:31,26770000,269320,303210,73800,4134
2026/10/07 08:48:31,26770000,269320,303210,73800,4132
2026/10/07 08:52:31,26770000,269320,303210,73800,4132
2026/10/07 08:56:31,26770000,269320,303210,73800,4133
2026/10/07 09:00:31,26770000,269320,303210,73800,4134
2026/10/07 09:04:31,26770000,269320,303210,73800,4132
2026/10/07 09:08:31,26530000,269320,303210,73800,4134
2026/10/07 09:12:32,26530000,269320,303210,73800,4136
2026/10/07 09:16:31,26530000,269320,303210,73800,4137
2026/10/07 09:20:31,26530000,269320,303210,73800,4136
2026/10/07 09:24:31,26610000,269320,303210,73800,4136
2026/10/07 09:28:31,26610000,269320,303210,73800,4131
2026/10/07 09:32:31,26540000,269320,303210,73800,4128
2026/10/07 09:36:31,26540000,269320,303210,73800,4131
2026/10/07 09:40:31,26540000,269320,303210,73800,4132
2026/10/07 09:44:31,26540000,269320,303210,73800,4134
2026/10/07 09:48:31,26540000,269320,303210,73800,4134
2026/10/07 09:52:31,26610000,269320,303210,73800,4133
2026/10/07 09:56:31,26610000,269320,303210,73800,4130
2026/10/07 10:00:31,26610000,269320,303210,73800,4131
2026/10/07 10:04:31,26610000,269320,303210,73800,4133
2026/10/07 10:08:31,26610000,269320,303210,73800,4133
2026/10/07 10:12:31,26610000,269320,303210,73800,4133
2026/10/07 10:16:31,26610000,269320,303210,73800,4134
2026/10/07 10:20:31,26610000,269320,303210,73800,4134
2026/10/07 10:24:31,26610000,269320,303210,73800,4133
2026/10/07 10:28:31,26610000,269320,303210,73800,4132
2026/10/07 10:32:32,26610000,269320,303210,73600,4131
2026/10/07 10:36:32,26610000,269320,303210,73300,4133
2026/10/07 10:40:32,26580000,269320,303210,73300,4134
2026/10/07 10:44:32,26580000,269320,303210,73300,4132
2026/10/07 10:48:32,26510000,269320,303210,73300,4128
2026/10/07 10:52:31,26510000,269320,303210,73300,4130
2026/10/07 10:56:31,26510000,269320,303210,73300,4133
2026/10/07 11:00:31,26510000,269320,303210,73300,4133
2026/10/07 11:04:31,26440000,268500,301190,73300,4139
2026/10/07 11:08:31,26440000,268000,300590,73150,4136
2026/10/07 11:12:31,26440000,267780,300330,73150,4136
2026/10/07 11:16:31,26440000,267700,300220,73150,4137
2026/10/07 11:20:31,26440000,268000,300390,73150,4133
2026/10/07 11:24:31,26440000,268000,300490,73150,4132
2026/10/07 11:28:31,26410000,267800,300240,73150,4130
2026/10/07 11:32:31,26410000,267510,299810,73150,4131
2026/10/07 11:36:31,26410000,267800,300140,73150,4136
2026/10/07 11:40:31,26410000,267800,299610,73150,4134
2026/10/07 11:44:31,26410000,267800,299570,73150,4132
2026/10/07 11:48:31,26330000,267810,299590,73150,4129
2026/10/07 11:52:31,26330000,267515,299250,73000,4130
2026/10/07 11:56:31,26330000,267210,298940,73000,4126
2026/10/07 12:00:31,26260000,267100,298810,73000,4125
2026/10/07 12:04:36,26260000,266810,298370,73000,4127
2026/10/07 12:08:31,26330000,266020,297830,72950,4127
2026/10/07 12:12:32,26330000,265900,297520,72950,4125
2026/10/07 12:16:31,26330000,264500,296120,72950,4126
2026/10/07 12:20:31,26330000,264500,296150,72950,4126
2026/10/07 12:24:32,26260000,264200,295880,72950,4125
2026/10/07 12:28:32,26260000,263500,295800,72400,4124
2026/10/07 12:32:31,26260000,263510,295660,72400,4125
2026/10/07 12:36:31,26260000,263500,295660,71950,4123
2026/10/07 12:40:31,26260000,263490,295640,71950,4122
2026/10/07 12:44:32,26260000,263500,295870,71950,4122
2026/10/07 12:48:32,26260000,263500,295680,71950,4122
2026/10/07 12:52:31,26260000,263290,295370,71950,4121
2026/10/07 12:56:32,26230000,262500,294670,71950,4121
2026/10/07 13:00:32,26230000,262500,294650,71950,4120
2026/10/07 13:04:31,26230000,262500,294140,71950,4120
2026/10/07 13:08:31,26230000,262465,294580,71650,4120
2026/10/07 13:12:31,26230000,262305,294150,71650,4118
2026/10/07 13:16:31,26230000,262500,293970,71650,4119
2026/10/07 13:20:32,26230000,262500,294140,71650,4118
2026/10/07 13:24:31,26230000,262400,294300,71650,4118
2026/10/07 13:28:32,26260000,262400,294350,71650,4116
2026/10/07 13:32:31,26260000,262400,294720,71650,4117
2026/10/07 13:36:31,26260000,262400,294450,71900,4120
2026/10/07 13:40:31,26260000,263400,295020,71900,4116
2026/10/07 13:44:31,26260000,262400,294720,71900,4115
2026/10/07 13:48:31,26260000,262400,294910,71900,4115
2026/10/07 13:52:31,26260000,262400,294960,71900,4114
2026/10/07 13:56:31,26260000,262910,294980,71900,4116
2026/10/07 14:00:32,26260000,262885,294980,71900,4115
2026/10/07 14:04:31,26260000,262880,294840,71900,4110
2026/10/07 14:08:31,26260000,263180,295240,71950,4112
2026/10/07 14:12:31,26260000,263400,295200,71950,4115
2026/10/07 14:16:32,26260000,263400,295870,71950,4113
2026/10/07 14:20:32,26260000,263400,295540,71950,4113
2026/10/07 14:24:31,26260000,263400,295510,71950,4117
2026/10/07 14:28:31,26260000,263405,295530,71950,4118
2026/10/07 14:32:31,26260000,263400,295660,71950,4118
2026/10/07 14:36:31,26260000,263400,295620,71950,4118
2026/10/07 14:40:32,26260000,263585,295620,71950,4119
2026/10/07 14:44:31,26260000,263885,296020,71950,4120
2026/10/07 14:48:31,26260000,263400,295910,71950,4119
2026/10/07 14:52:31,26260000,263780,295880,71950,4119
2026/10/07 14:56:32,26260000,263400,295640,71950,4119
2026/10/07 15:00:31,26260000,264400,295990,71950,4119
2026/10/07 15:04:31,26260000,263400,295990,71950,4118
2026/10/07 15:08:31,26260000,263400,295850,72100,4120
2026/10/07 15:12:31,26260000,264400,295860,72100,4116
2026/10/07 15:16:31,26260000,264400,296000,72100,4116
2026/10/07 15:20:31,26260000,264400,295850,72100,4117
2026/10/07 15:24:31,26260000,263910,295700,72100,4116
2026/10/07 15:28:31,26260000,263400,295800,72100,4120
2026/10/07 15:32:31,26260000,263400,295800,72100,4122
2026/10/07 15:36:31,26260000,263685,295540,72100,4123
2026/10/07 15:40:31,26260000,263690,295610,72100,4122
2026/10/07 15:44:31,26260000,263400,295380,72100,4120
2026/10/07 15:48:31,26260000,263400,295120,72100,4118
2026/10/07 15:52:32,26260000,263400,295110,72100,4120
2026/10/07 15:56:32,26260000,263400,295280,72100,4111
2026/10/07 16:00:31,26260000,263210,294800,72100,4082
2026/10/07 16:04:31,26260000,263410,294570,72100,4087
2026/10/07 16:08:31,26290000,263400,294800,72100,4083
2026/10/07 16:12:31,26290000,263410,294870,72100,4074
2026/10/07 16:16:31,26290000,263400,295010,72100,4072
2026/10/07 16:20:31,26290000,263400,295350,72100,4074
2026/10/07 16:24:32,26290000,263400,295300,72100,4081
2026/10/07 16:28:31,26290000,263400,295260,72100,4087
2026/10/07 16:32:31,26260000,263400,295230,72100,4089
2026/10/07 16:36:31,26260000,263400,295300,72100,4090
2026/10/07 16:40:31,26260000,263400,295340,72150,4087
2026/10/07 16:44:31,26260000,263610,295340,72150,4090
2026/10/07 16:48:31,26260000,263605,295390,72150,4093
2026/10/07 16:52:31,26260000,263400,295390,72150,4097
2026/10/07 16:56:31,26260000,263400,295210,72150,4091
2026/10/07 17:00:31,26260000,263400,295210,72150,4091
2026/10/07 17:04:32,26260000,263400,295270,72150,4087
2026/10/07 17:08:31,26260000,263410,295150,72150,4085
2026/10/07 17:12:31,26260000,263400,295360,72150,4082
2026/10/07 17:16:32,26230000,263910,295500,72150,4090
2026/10/07 17:20:32,26230000,263700,295300,72150,4092
2026/10/07 17:24:32,26230000,263700,295410,72150,4096
2026/10/07 17:28:32,26230000,263910,295410,72150,4091
2026/10/07 17:32:31,26230000,263700,295310,72150,4099
2026/10/07 17:36:32,26230000,263700,295310,72150,4095
2026/10/07 17:40:32,26230000,263700,295500,72150,4094
2026/10/07 17:44:31,26260000,263700,295570,72150,4097
2026/10/07 17:48:31,26260000,263700,295600,72150,4099
2026/10/07 17:52:31,26260000,263905,295360,72150,4095
2026/10/07 17:56:31,26260000,263700,295420,72200,4098
2026/10/07 18:00:31,26260000,263700,295560,72200,4099
2026/10/07 18:04:32,26260000,263700,295600,72200,4105
2026/10/07 18:08:32,26290000,263700,295680,72200,4102
2026/10/07 18:12:31,26290000,264005,295600,72200,4106
2026/10/07 18:16:31,26290000,263700,295690,72200,4103
2026/10/07 18:20:31,26290000,263700,295690,72200,4103
2026/10/07 18:24:31,26290000,263980,295820,72200,4105
2026/10/07 18:28:31,26290000,263700,295800,72450,4107
2026/10/07 18:32:31,26290000,263700,295830,72450,4101
2026/10/07 18:36:31,26330000,264010,295860,72450,4101
2026/10/07 18:40:31,26330000,263990,295830,72450,4104
2026/10/07 18:44:31,26330000,263875,295740,72450,4100
2026/10/07 18:48:31,26330000,263700,295740,72450,4103
2026/10/07 18:52:31,26330000,263905,295810,72450,4101
2026/10/07 18:56:31,26330000,263905,295810,72400,4101
2026/10/07 19:00:31,26280000,263700,295820,72400,4101
